Engine rpm,Lub oil pressure,Fuel pressure,Coolant pressure,lub oil temp,Coolant temp,Lub_Stress_Index,Thermal_Efficiency,Power_Load_Index
828,3.13,6.28,2.31,76.05,82.96,238.0365,0.027844741098753484,5199.84
498,3.08,8.26,2.86,75.18,70.08,231.55440000000002,0.04081049645968943,4113.48
714,2.57,4.14,2.62,75.07,79.56,192.92989999999998,0.0329311170272603,2955.9599999999996
811,2.83,5.54,2.89,84.24,72.31,238.39919999999998,0.039966804042759776,4492.94
1011,4.57,11.47,5.79,75.32,68.58,344.2124,0.08442693432094862,11596.17
983,3.18,9.4,5.25,75.67,76.86,240.63060000000002,0.06830600204189409,9240.2
629,2.68,4.91,5.2,73.75,85.63,197.65,0.06072637384954177,3088.39
487,3.09,4.1,5.02,76.3,81.79,235.76699999999997,0.06137668891347487,1996.6999999999998
678,2.06,8.75,1.76,75.99,91.52,156.5394,0.01923076712950534,5932.5
829,3.74,5.94,4.79,76.29,72.6,285.32460000000003,0.06597795234463466,4924.26
666,3.75,5.08,3.41,77.1,88.89,289.125,0.03836201615907119,3383.28
610,3.92,8.23,3.33,75.69,75.67,296.7048,0.044006866128338026,5020.3
466,3.52,6.48,2.67,76.21,64.62,268.25919999999996,0.04131847085755635,3019.6800000000003
516,3.92,6.76,2.79,74.24,82.42,291.02079999999995,0.033851002929992366,3488.16
952,3.16,5.77,2.67,74.2,75.67,234.472,0.035284784553352114,5493.04
687,3.64,7.68,3.37,82.75,74.96,301.21000000000004,0.04495730456812906,5276.16
631,3.77,14.77,2.33,77.99,82.74,294.0223,0.028160499376299327,9319.869999999999
631,4.54,2.3,3.61,76.33,80.71,346.5382,0.044728033115099354,1451.3
933,2.21,5.66,3.08,79.79,68.06,176.3359,0.045254180832474164,5280.78
814,2.58,5.51,0.76,75.77,84.19,195.48659999999998,0.00902719930785137,4485.139999999999
657,2.21,3.6,1.03,75.94,71.24,167.82739999999998,0.01445816753815728,2365.2000000000003
765,2.32,7.77,2.48,77.43,85.2,179.6376,0.029107977804227955,5944.049999999999
805,3.5,5.74,1.37,76.81,78.09,268.83500000000004,0.017543857402502572,4620.7
632,2.37,3.34,2.23,76.96,76.79,182.3952,0.02904023583276001,2110.88
855,2.34,5.9,2.05,85.95,74.4,201.123,0.02755375973739788,5044.5
633,2.16,15.12,1.61,77.05,75.56,166.428,0.021307567322979445,9570.96
915,2.52,7.01,2.81,87.81,75.69,221.2812,0.03712511069822821,6414.15
499,1.95,8.8,7.48,75.1,69.62,146.445,0.10744037525992886,4391.200000000001
496,2.33,2.68,1.87,75.69,78.92,176.3577,0.023694877889650547,1329.28
989,4.96,6.15,2.35,74.04,71.92,367.2384,0.032675190117465225,6082.35
456,2.88,7.33,1.35,77.75,74.98,223.92,0.018004798879061232,3342.48
589,3.16,4.58,2.71,77.53,77.27,244.99480000000003,0.03507182152558282,2697.62
770,1.86,3.74,0.18,76.94,80.41,143.10840000000002,0.0022385272679359197,2879.8
801,3.62,4.22,1.41,76.88,70.8,278.30559999999997,0.019915251424399514,3380.22
586,2.58,5.69,2.66,76.23,72.43,196.67340000000002,0.036725108832650996,3334.34
537,4.78,7.62,1.37,78.02,82.3,372.9356,0.016646413530204917,4091.94
826,4.77,6.25,2.51,78.46,66.23,374.2541999999999,0.037898227706745016,5162.5
889,2.38,7.57,3.05,76.72,87.45,182.59359999999998,0.034877068624691976,6729.7300000000005
786,2.15,4.96,1.36,77.68,78.05,167.012,0.01742472550612101,3898.56
1315,3.66,6.46,2.1,78.71,79.16,288.0786,0.026528546421355936,8494.9
453,2.59,10.34,3.15,77.35,85.15,200.33649999999997,0.03699353646582073,4684.0199999999995
679,2.74,12.03,4.11,75.54,79.95,206.97960000000003,0.051407123026000874,8168.37
654,4.77,7.05,2.15,78.94,78.28,376.5438,0.02746550492264883,4610.7
610,4.68,4.66,1.91,74.6,81.23,349.12799999999993,0.023513477346611182,2842.6
844,2.43,4.24,1.17,77.94,86.86,189.3942,0.013469950095561812,3578.5600000000004
1367,1.65,7.68,2.06,84.85,75.23,140.00249999999997,0.027382689434708302,10498.56
576,0.37,6.93,1.31,74.26,75.73,27.476200000000002,0.017298294295748806,3991.68
778,3.54,5.21,1.73,73.85,73.39,261.429,0.023572690615521103,4053.38
770,3.47,5.95,1.46,76.67,86.71,266.04490000000004,0.016837733036820086,4581.5
699,2.11,9.32,2.73,76.57,80.83,161.56269999999998,0.033774584464359214,6514.68
723,2.54,5.99,2.49,77.77,82.21,197.5358,0.030288282412324244,4330.77
954,2.84,7.84,1.96,77.77,76.56,220.86679999999998,0.025600832601772126,7479.36
932,2.93,6.02,1.69,75.75,74.7,221.94750000000002,0.02262382561930045,5610.639999999999
874,3.41,13.94,1.47,77.81,82.57,265.3321,0.017803074021669613,12183.56
845,3.27,12.86,2.85,74.37,66.98,243.18990000000002,0.04255000857718594,10866.699999999999
589,2.93,6.36,2.46,77.53,75.4,227.1629,0.03262599036790578,3746.04
864,1.9,5.83,2.85,77.41,79.47,147.07899999999998,0.035862585143754226,5037.12
536,4.26,6.74,1.32,77.55,77.12,330.363,0.01711618035319238,3612.6400000000003
581,3.21,6.71,2.26,75.02,92.0,240.81419999999997,0.02456521472117231,3898.5099999999998
484,4.16,9.14,3.11,75.4,82.86,313.66400000000004,0.03753318398103017,4423.76
1219,4.41,5.51,0.36,76.95,75.68,339.34950000000003,0.004756870407390273,6716.69
1053,3.3,6.12,3.17,77.45,87.65,255.585,0.0361665674653089,6444.36
804,4.82,6.03,2.25,76.77,82.49,370.0314,0.027276030152014772,4848.12
513,3.53,5.16,1.99,75.85,74.39,267.7505,0.026750903783989272,2647.08
1162,4.0,3.25,2.71,77.85,83.83,311.4,0.0323273252621585,3776.5
645,2.86,6.01,3.37,74.44,91.15,212.89839999999998,0.03697202007986614,3876.45
426,3.36,5.33,2.89,74.94,83.54,251.7984,0.03459420222717234,2270.58
847,3.4,2.71,2.31,80.45,77.63,273.53000000000003,0.029756533587977124,2295.37
832,2.38,8.75,1.54,83.01,83.45,197.56380000000001,0.018454161958758302,7280.0
644,2.18,3.51,1.87,76.44,81.59,166.63920000000002,0.022919472616806887,2260.44
850,4.22,5.8,1.43,76.1,76.23,321.14199999999994,0.01875901629817443,4930.0
616,2.83,9.23,3.37,75.78,72.69,214.4574,0.04636125376788365,5685.68
449,2.18,6.46,1.86,74.16,70.62,161.6688,0.026338144103916154,2900.54
551,2.46,3.44,3.51,74.14,79.49,182.3844,0.044156492117688746,1895.44
861,2.17,4.22,1.61,77.99,89.72,169.23829999999998,0.01794471489693325,3633.4199999999996
802,2.15,13.08,1.82,75.38,66.56,162.06699999999998,0.0273437458918651,10490.16
846,3.53,9.07,1.67,77.25,78.87,272.6925,0.02117408125090893,7673.22
587,3.03,3.0,3.02,76.34,74.81,231.3102,0.040368929238212906,1761.0
561,5.03,7.28,1.74,82.37,83.67,414.32110000000006,0.02079598173825962,4084.08
822,4.74,3.57,1.8,77.76,83.38,368.58240000000006,0.021587908180869732,2934.54
468,3.86,9.96,1.51,76.66,85.79,295.9076,0.01760111695988845,4661.280000000001
647,3.2,4.66,6.1,82.63,66.32,264.416,0.09197827322402394,3015.02
658,4.5,4.95,4.41,75.63,92.65,340.335,0.04759848379940811,3257.1
975,2.47,7.65,1.08,75.6,68.86,186.732,0.01568399423700345,7458.75
538,4.65,5.87,1.28,76.11,70.41,353.91150000000005,0.0181792333220802,3158.06
654,2.24,10.55,1.91,77.3,74.75,173.15200000000002,0.025551836046577115,6899.700000000001
520,3.62,5.76,2.02,78.24,72.72,283.2288,0.027777773957951876,2995.2
1062,2.67,6.17,2.26,74.4,82.1,198.648,0.027527402250011903,6552.54
765,2.32,4.88,1.18,77.72,82.68,180.3104,0.014271889904222313,3733.2
580,4.68,4.96,2.73,78.02,87.37,365.13359999999994,0.031246419681078205,2876.8
426,2.08,9.63,2.68,75.14,76.0,156.2912,0.03526315325484826,4102.38
711,4.17,6.58,2.41,74.18,71.75,309.3306,0.033588845492843834,4678.38
908,2.61,6.39,4.41,78.37,88.78,204.5457,0.04967334425846539,5802.12
500,3.69,4.11,2.28,77.92,77.51,287.5248,0.029415555487607336,2055.0
1286,5.12,3.83,3.25,77.37,71.86,396.1344,0.04522682365337828,4925.38
922,2.19,5.23,1.59,89.01,82.69,194.9319,0.01922844125910736,4822.06
906,2.86,5.6,3.18,77.13,74.45,220.59179999999998,0.042713224618774394,5073.599999999999
607,3.23,4.14,3.4,76.33,76.62,246.5459,0.0443748310656707,2512.98
713,3.69,5.38,1.43,76.74,76.72,283.1706,0.018639205078310076,3835.94
823,2.07,3.52,1.38,74.9,89.25,155.043,0.015462183141492083,2896.96
712,2.01,5.23,1.8,77.86,83.45,156.49859999999998,0.02156979969205516,3723.76
627,3.04,6.58,2.9,76.89,70.33,233.7456,0.04123417585181632,4125.66
618,2.59,3.68,1.87,75.3,76.22,195.027,0.02453423976197327,2274.2400000000002
1010,2.46,6.86,1.95,78.12,79.36,192.17520000000002,0.024571569484429248,6928.6
556,3.15,3.71,1.65,77.05,88.69,242.70749999999998,0.018604124635908822,2062.7599999999998
795,3.47,5.2,1.66,77.44,66.26,268.71680000000003,0.02505281843452785,4134.0
590,4.21,5.78,1.39,74.56,78.42,313.8976,0.017725067874895705,3410.2000000000003
947,1.95,5.69,3.07,79.62,81.03,155.25900000000001,0.03788719759506385,5388.43
771,3.18,4.29,1.41,77.97,65.64,247.9446,0.021480801115051625,3307.59
924,3.51,5.93,1.89,82.98,80.41,291.2598,0.02350453631332716,5479.32
864,2.73,4.27,2.36,76.07,79.86,207.67109999999997,0.029551711801688977,3689.2799999999997
724,2.58,2.26,2.42,87.69,76.44,226.2402,0.03165881323144777,1636.2399999999998
1407,4.89,7.62,1.82,75.33,72.06,368.3637,0.025256726997401193,10721.34
807,3.57,5.44,1.59,77.64,84.31,277.1748,0.018858970601474248,4390.08
547,4.13,7.52,1.1,75.0,65.22,309.75,0.016865989440970647,4113.44
528,1.74,4.03,3.3,76.99,76.56,133.96259999999998,0.04310344264584082,2127.84
507,3.31,6.1,1.09,76.83,74.71,254.3073,0.014589745068967333,3092.7
633,3.39,5.59,2.1,74.56,78.45,252.75840000000002,0.026768639035227654,3538.47
1158,3.11,5.28,2.08,83.49,91.44,259.65389999999996,0.0227471541177653,6114.240000000001
557,2.15,9.9,1.73,76.28,89.47,164.002,0.019336088148419788,5514.3
787,4.37,6.57,2.2,76.77,69.36,335.4849,0.03171856520781932,5170.59
705,3.16,5.38,6.63,86.04,80.59,271.88640000000004,0.08226826128945758,3792.9
782,1.96,8.56,2.51,76.44,77.37,149.8224,0.032441510605982854,6693.92
657,4.07,7.18,2.76,75.03,82.86,305.37210000000005,0.03330919221467629,4717.26
748,2.24,8.84,2.59,76.37,73.96,171.06880000000004,0.03501892441604591,6612.32
892,4.9,1.02,2.26,76.21,79.79,373.429,0.028324347872622144,909.84
982,4.51,5.18,1.83,77.58,89.97,349.88579999999996,0.020340111110357773,5086.759999999999
730,3.64,6.79,1.62,77.03,77.0,280.3892,0.021038958306628792,4956.7
1009,3.92,5.89,1.04,76.44,79.29,299.6448,0.013116406467851371,5943.009999999999
944,2.74,6.2,1.98,73.88,77.09,202.4312,0.025684261812911943,5852.8
797,4.93,8.0,2.05,75.05,72.28,369.99649999999997,0.028361921920044,6376.0
919,3.93,5.42,2.66,76.08,81.99,298.9944,0.032442976894380186,4980.98
839,2.75,12.22,2.19,77.73,82.14,213.75750000000002,0.02666179368617072,10252.58
766,2.54,7.8,1.65,77.33,78.85,196.41819999999998,0.020925805843271295,5974.8
733,3.08,5.89,1.93,76.43,74.6,235.40440000000004,0.025871310204918202,4317.37
647,2.12,10.43,1.38,75.42,86.83,159.8904,0.015893122665769588,6748.21
527,3.35,2.97,1.98,75.64,82.36,253.394,0.02404079358416785,1565.19
1428,4.65,3.96,1.39,73.73,73.53,342.84450000000004,0.018903846198307327,5654.88
600,4.17,4.67,2.36,75.86,77.9,316.3362,0.03029524643193242,2802.0
558,4.6,6.9,1.34,77.97,90.72,358.662,0.01477072147589049,3850.2000000000003
706,2.51,3.62,1.83,76.03,74.96,190.8353,0.024413017020675425,2555.7200000000003
1123,2.84,6.41,2.41,82.47,83.64,234.2148,0.02881396116523659,7198.43
1103,3.21,7.85,3.06,77.02,74.9,247.2342,0.04085446717563856,8658.55
733,5.11,14.78,0.95,73.96,78.26,377.93559999999997,0.012139022215816224,10833.74
463,3.14,3.43,1.28,76.73,79.99,240.93220000000002,0.01600199824953141,1588.0900000000001
1521,3.5,6.75,1.92,77.58,80.8,271.53,0.023762373296735976,10266.75
1135,4.26,5.48,1.64,74.88,71.1,318.98879999999997,0.023066100834584973,6219.8
947,4.11,10.04,1.61,79.31,79.19,325.96410000000003,0.020330847287429312,9507.88
497,4.24,8.13,2.85,76.29,79.02,323.46960000000007,0.03606681396269122,4040.6100000000006
696,5.01,5.3,1.14,74.49,80.86,373.19489999999996,0.014098440007613155,3688.7999999999997
1283,2.78,6.58,1.81,76.91,82.0,213.80979999999997,0.022073168039857555,8442.14
438,2.75,7.17,1.3,77.3,74.05,212.575,0.01755570323353096,3140.46
435,3.48,3.65,1.41,78.67,78.14,273.7716,0.01804453313993689,1587.75
654,3.89,6.34,3.44,78.2,84.52,304.19800000000004,0.04070042111921189,4146.36
1137,2.71,2.02,4.24,76.63,86.94,207.66729999999998,0.048769260551039736,2296.7400000000002
1219,1.89,7.45,2.26,77.87,88.32,147.1743,0.025588765218663358,9081.550000000001
1023,4.32,7.62,1.68,76.7,82.51,331.34400000000005,0.020361165875510134,7795.26
1349,2.61,0.35,5.11,76.66,81.69,200.08259999999999,0.06255354846939057,472.15
770,2.32,7.57,1.34,77.16,79.89,179.01119999999997,0.016773060862052713,5828.900000000001
818,2.99,14.21,2.4,77.75,75.03,232.47250000000003,0.03198720085469801,11623.78
881,4.19,2.73,1.28,86.32,84.7,361.68080000000003,0.015112158782507818,2405.13
1043,4.53,5.6,1.42,74.86,89.83,339.11580000000004,0.01580763488727208,5840.799999999999
434,4.58,11.39,2.72,83.46,78.22,382.24679999999995,0.034773710716733484,4943.26
539,2.78,12.54,2.11,74.9,80.09,208.222,0.026345358178878984,6759.0599999999995
1055,3.51,6.9,3.58,75.07,73.65,263.49569999999994,0.048608275816934714,7279.5
804,2.38,4.87,1.26,77.32,78.28,184.02159999999998,0.016096063350017457,3915.48
894,2.35,4.6,1.14,75.64,73.95,177.75400000000002,0.015415819416386823,4112.4
452,3.44,5.62,2.31,74.09,78.5,254.86960000000002,0.02942674784372639,2540.2400000000002
826,2.1,6.09,3.21,83.92,77.09,176.232,0.04163963657547845,5030.34
478,2.25,4.23,3.34,82.83,70.0,186.3675,0.047714278897960156,2021.9400000000003
533,3.94,6.2,1.38,81.11,74.83,319.5734,0.018441798952051454,3304.6
999,3.12,7.59,2.82,76.48,79.06,238.6176,0.03566910755513438,7582.41
554,3.4,10.29,2.0,76.55,83.11,260.27,0.024064489945314647,5700.66
786,3.69,6.32,1.76,75.74,78.86,279.4806,0.02231802912528162,4967.52
866,3.47,3.91,2.48,77.05,80.97,267.3635,0.030628624104159057,3386.06
758,3.78,5.98,2.2,77.65,73.5,293.517,0.029931968716738953,4532.84
744,2.53,3.33,1.07,84.39,79.06,213.5067,0.013534023079430423,2477.52
732,5.16,5.88,1.32,76.88,82.13,396.7008,0.016072078890529785,4304.16
884,2.7,5.28,0.71,75.34,77.83,203.41800000000003,0.009122445185346885,4667.52
561,3.06,2.87,4.78,77.31,82.58,236.5686,0.057883257703650076,1610.0700000000002
338,1.97,3.65,1.55,78.67,83.46,154.97990000000001,0.018571768682989615,1233.7
604,3.58,3.74,3.46,77.45,83.77,277.271,0.0413035643662929,2258.96
761,3.9,6.03,3.52,75.9,72.62,296.01,0.048471488781122445,4588.83
727,2.82,9.11,3.51,79.98,76.0,225.5436,0.04618420444944678,6622.969999999999
718,5.42,6.23,2.69,74.78,74.98,405.3076,0.035876228877536824,4473.14
1185,2.81,4.08,1.23,75.34,70.59,211.70540000000003,0.017424561917472457,4834.8
865,2.58,3.73,1.8,79.26,82.1,204.4908,0.021924479668151076,3226.45
610,2.55,2.56,1.12,77.97,69.01,198.8235,0.016229529600126125,1561.6000000000001
902,2.63,6.07,1.4,86.09,74.33,226.4167,0.018834922799014824,5475.14
1019,4.11,4.89,2.44,78.26,72.17,321.64860000000004,0.033809057252451535,4982.91
1329,3.59,6.45,2.61,76.13,76.58,273.3067,0.03408200129511605,8572.050000000001
405,3.66,7.0,1.69,74.65,91.41,273.21900000000005,0.01848812837893793,2835.0
984,2.49,3.07,2.68,75.44,86.53,187.84560000000002,0.030971913674804844,3020.8799999999997
857,4.26,7.48,6.02,76.3,79.18,325.03799999999995,0.07602929072628305,6410.360000000001
444,2.41,7.01,3.16,74.23,81.7,178.89430000000002,0.03867808584111556,3112.44
532,2.58,6.98,2.52,81.48,67.73,210.2184,0.037206549947357156,3713.36
483,2.74,7.67,1.28,78.17,72.05,214.18580000000003,0.017765438200494352,3704.61
972,2.74,5.47,4.02,77.67,81.05,212.81580000000002,0.04959900683540939,5316.84
434,4.78,1.8,1.51,75.52,71.28,360.9856,0.021184059878779478,781.2
719,2.59,5.55,2.77,77.61,69.04,201.0099,0.04012166278654942,3990.45
446,2.32,3.99,1.47,77.21,81.7,179.12719999999996,0.017992653856468314,1779.5400000000002
589,2.22,11.67,1.94,78.15,79.35,173.49300000000002,0.02444864216148177,6873.63
730,1.76,5.68,5.17,82.57,84.16,145.32319999999999,0.061430601065755576,4146.4
959,2.51,4.14,1.85,74.26,79.47,186.3926,0.02327922193541941,3970.2599999999998
577,2.5,4.45,2.36,76.01,68.67,190.025,0.034367258720364245,2567.65
530,2.72,6.59,1.57,76.71,85.38,208.6512,0.018388379200236685,3492.7
872,3.6,7.99,1.67,75.91,78.58,273.276,0.021252224325245057,6967.28
1383,2.89,1.84,1.74,79.1,74.36,228.599,0.023399674099021772,2544.7200000000003
887,2.85,8.65,1.81,75.58,76.73,215.403,0.023589205840061793,7672.55
478,3.7,4.8,2.29,74.78,73.65,276.68600000000004,0.03109300324602807,2294.4
921,4.01,5.81,2.27,78.2,75.77,313.582,0.02995908275582912,5351.009999999999
1330,4.33,4.93,2.11,80.0,68.99,346.4,0.030584138196240295,6556.9
606,4.05,5.03,2.22,77.11,80.64,312.2955,0.027529758490853363,3048.1800000000003
1077,2.35,9.08,1.55,75.6,82.3,177.66,0.018833533556071258,9779.16
1264,2.46,4.89,0.87,84.29,81.42,207.35340000000002,0.010685333986080325,6180.96
775,2.24,5.8,2.85,75.12,90.83,168.26880000000003,0.031377294794969195,4495.0
1104,4.59,5.58,2.89,79.39,79.79,364.4001,0.03622007316454779,6160.32
773,3.27,12.36,1.22,80.79,78.67,264.18330000000003,0.015507815494112686,9554.279999999999
1415,2.94,7.85,2.52,78.17,75.03,229.81980000000001,0.03358656089743291,11107.75
768,1.82,7.67,2.84,85.34,76.49,155.3188,0.03712903162125355,5890.5599999999995
879,3.27,6.95,3.37,74.18,87.32,242.56860000000003,0.03859367400438914,6109.05
519,3.36,8.0,2.73,74.95,78.35,251.832,0.03484364583999415,4152.0
1088,3.3,5.27,2.35,78.14,83.71,257.86199999999997,0.02807310619124284,5733.759999999999
542,2.53,5.64,2.99,74.93,84.06,189.5729,0.03556982684156235,3056.8799999999997
685,2.24,8.06,3.38,76.82,73.62,172.0768,0.0459114308732096,5521.1
568,3.89,12.23,1.98,78.55,77.01,305.5595,0.025710943291657795,6946.64
765,2.37,3.38,2.26,76.67,71.93,181.70790000000002,0.03141943119429567,2585.7
983,3.89,5.44,3.23,84.73,72.44,329.59970000000004,0.04458861891377431,5347.52
1181,3.37,2.85,0.84,81.53,83.93,274.7561,0.010008339091106981,3365.85
964,3.61,5.46,1.72,75.41,77.92,272.2301,0.0220739191383574,5263.44
525,1.91,6.72,2.42,76.89,73.75,146.85989999999998,0.03281355487273832,3528.0
791,3.56,3.82,1.38,75.82,79.68,269.9192,0.01731927493482995,3021.62
579,3.7,6.45,1.65,77.47,71.78,286.639,0.022986901227793084,3734.55
1332,5.18,6.65,2.71,80.92,77.67,419.1656,0.034891201893755386,8857.800000000001
1156,4.14,5.2,1.63,77.13,75.28,319.31819999999993,0.021652494466990635,6011.2
1096,2.48,5.15,0.64,84.09,78.02,208.5432,0.008203023814018993,5644.400000000001
541,2.32,10.08,6.45,76.65,85.36,177.828,0.07556231542147195,5453.28
886,2.96,6.43,2.95,75.52,89.9,223.5392,0.032814234392187495,5696.98
1088,2.94,5.04,1.19,76.1,74.66,223.73399999999998,0.015938920983268018,5483.52
731,3.58,6.91,0.92,77.34,79.22,276.8772,0.01161322751663374,5051.21
644,2.08,5.66,2.88,83.89,74.07,174.49120000000002,0.03888213326824176,3645.04
577,2.11,8.85,2.58,81.32,87.65,171.5852,0.029435250492270335,5106.45
551,3.3,5.0,1.43,72.94,83.68,240.70199999999997,0.01708890809166968,2755.0
625,3.67,2.82,2.41,77.8,87.25,285.526,0.027621773338478702,1762.5
847,4.25,3.99,3.04,79.25,85.75,336.8125,0.03545189090940048,3379.53
854,4.29,11.52,1.32,75.16,80.17,322.4364,0.016465009796057153,9838.08
1387,5.21,5.01,1.34,75.39,73.38,392.7819,0.018261104079980366,6948.87
589,4.83,5.84,1.08,74.5,87.09,359.835,0.012400963095537594,3439.7599999999998
760,3.88,2.4,2.89,84.37,77.89,327.3556,0.03710360288822662,1824.0
904,3.24,1.42,2.47,82.02,77.39,265.7448,0.03191626412763095,1283.6799999999998
1300,2.22,8.43,1.58,80.84,74.47,179.46480000000003,0.021216594438486044,10959.0
438,2.32,3.2,2.37,74.7,80.65,173.304,0.029386233182116157,1401.6000000000001
589,3.46,5.51,0.3,77.96,89.9,269.74159999999995,0.0033370407856461856,3245.39
450,2.18,5.68,1.06,85.83,81.02,187.10940000000002,0.013083187721156787,2556.0
870,1.8,3.78,1.99,84.55,91.06,152.19,0.02185372042019323,3288.6
831,2.34,5.78,3.55,81.73,78.55,191.2482,0.04519413810386529,4803.18
1231,2.31,4.27,2.19,82.11,76.6,189.6741,0.028590074596596005,5256.37
585,4.49,2.98,2.55,76.81,81.93,344.87690000000003,0.03112412655631312,1743.3
813,4.6,3.37,1.52,76.95,78.73,353.96999999999997,0.019306488085038983,2739.81
529,7.27,2.59,1.46,77.34,86.5,562.2618,0.016878610765478523,1370.11
806,3.95,21.14,1.57,74.92,72.11,295.934,0.0217722893118445,17038.84
599,2.23,4.7,2.41,75.26,68.27,167.8298,0.035301005522044016,2815.3
738,2.16,6.69,1.94,78.74,84.39,170.0784,0.022988503023047394,4937.22
592,4.75,7.65,2.19,82.26,73.39,390.735,0.029840573669359084,4528.8
607,3.21,8.62,2.2,76.74,77.24,246.3354,0.028482647788367715,5232.339999999999
554,2.36,7.5,3.33,75.49,77.8,178.1564,0.042802051053720945,4155.0
754,3.87,2.53,1.39,77.79,78.62,301.0473,0.017679977400155505,1907.62
946,4.94,5.1,1.55,75.7,86.03,373.958,0.018016968729865312,4824.599999999999
1245,3.24,10.32,1.26,77.12,79.21,249.86880000000002,0.015907080430869785,12848.4
468,3.06,6.47,2.87,76.33,67.51,233.5698,0.04251221411461796,3027.96
511,2.82,6.23,1.5,78.33,73.89,220.89059999999998,0.020300443862438237,3183.53
1064,0.19,7.37,1.41,76.86,81.59,14.6034,0.01728152748112177,7841.68
406,1.99,7.23,1.71,75.62,81.66,150.4838,0.020940482373195887,2935.38
1308,3.91,5.08,3.12,84.38,64.79,329.9258,0.04815557213218519,6644.64
513,2.73,17.48,2.69,78.57,74.14,214.49609999999998,0.03628270349572383,8967.24
386,2.77,7.06,3.53,76.29,74.92,211.32330000000002,0.04711691843073699,2725.16
590,2.95,13.41,1.94,77.62,88.42,228.979,0.02194073490830865,7911.9
1517,3.21,4.54,3.57,77.52,68.37,248.83919999999998,0.052215876522469416,6887.18
1308,2.91,3.9,1.76,74.67,84.4,217.2897,0.020853078097976527,5101.2
703,2.12,17.68,1.29,77.48,72.43,164.25760000000002,0.017810297140646535,12429.039999999999
599,2.14,6.61,3.48,83.41,84.86,178.4974,0.0410087154125954,3959.3900000000003
905,3.99,16.07,1.43,76.98,75.24,307.15020000000004,0.019005845427186946,14543.35
581,3.62,6.16,2.48,80.37,81.42,290.93940000000003,0.03045934285687265,3578.96
768,6.56,5.84,5.07,76.77,72.45,503.61119999999994,0.06997928640727585,4485.12
705,3.49,2.83,1.84,76.2,80.23,265.93800000000005,0.022934061705838,1995.15
754,3.84,6.98,4.56,75.01,76.65,288.0384,0.059491185976361896,5262.92
987,2.84,2.82,3.99,75.95,77.25,215.698,0.05165047875074709,2783.3399999999997
885,4.44,2.13,2.81,85.11,75.1,377.88840000000005,0.03741677264756689,1885.05
760,4.91,2.59,1.75,77.87,118.37,382.34170000000006,0.014784150140732435,1968.3999999999999
723,2.54,7.63,2.66,80.86,81.56,205.3844,0.03261402248479371,5516.49
1068,2.58,4.26,3.16,77.87,88.83,200.90460000000002,0.035573563483782114,4549.679999999999
818,3.64,7.29,2.41,83.82,64.77,305.1048,0.03720857847636584,5963.22
661,2.59,8.0,2.24,85.1,67.04,220.40899999999996,0.03341288284414039,5288.0
496,2.24,4.78,3.1,77.57,77.06,173.7568,0.04022838823924367,2370.88
1142,3.81,8.57,1.0,79.19,77.6,301.7139,0.01288659627750048,9786.94
692,4.39,5.78,2.87,80.34,74.98,352.69259999999997,0.03827686872807832,3999.76
409,2.34,2.69,3.49,76.94,79.62,180.03959999999998,0.043833202231449105,1100.21
658,4.19,4.38,1.47,76.87,84.93,322.0853000000001,0.017308369562184203,2882.04
500,1.88,1.77,1.51,75.25,72.62,141.47,0.020793167062356503,885.0
794,2.62,5.56,2.08,75.57,83.23,197.99339999999998,0.024990985823502843,4414.639999999999
1290,1.97,5.51,0.93,74.41,70.77,146.58769999999998,0.013141159652231222,7107.9
403,3.34,5.95,1.27,76.2,81.98,254.508,0.015491581423325027,2397.85
488,3.58,2.75,2.9,78.52,93.67,281.1016,0.03095974901678776,1342.0
853,5.05,12.69,3.48,77.22,67.24,389.96099999999996,0.0517549000959399,10824.57
1521,3.6,5.96,3.22,73.98,79.28,266.32800000000003,0.04061553473567927,9065.16
1028,4.29,8.98,2.43,75.69,78.53,324.7101,0.030943584497187763,9231.44
1240,5.29,9.7,2.02,75.28,81.99,398.2312,0.02463714786716089,12028.0
471,4.38,4.45,1.5,76.65,77.89,335.72700000000003,0.019257925374512083,2095.9500000000003
670,4.22,8.01,3.01,76.41,76.57,322.45019999999994,0.03931042976225287,5366.7
575,3.49,10.1,3.46,75.62,88.14,263.91380000000004,0.039255725067423974,5807.5
1359,4.21,5.17,1.54,80.97,79.92,340.8837,0.01926926685819984,7026.03
752,3.47,4.24,3.05,75.56,77.75,262.19320000000005,0.03922829077449636,3188.48
841,5.42,5.72,2.29,74.94,71.25,406.1748,0.032140346366267177,4810.5199999999995
767,2.65,6.4,1.97,76.96,80.8,203.944,0.024381185101338475,4908.8
1292,2.86,3.59,3.06,74.71,76.87,213.67059999999998,0.039807461973791855,4638.28
537,3.19,4.89,2.69,75.0,69.79,239.25,0.03854419851781078,2625.93
1034,3.44,18.1,3.07,75.08,73.29,258.2752,0.04188838287783014,18715.4
1109,3.86,5.43,1.86,75.51,83.36,291.46860000000004,0.022312857208150527,6021.87
620,2.25,17.79,2.7,77.87,65.85,175.2075,0.04100227167771121,11029.8
539,3.14,4.61,1.87,75.22,69.56,236.1908,0.02688326238020955,2484.79
724,3.48,3.36,1.11,86.55,82.52,301.194,0.013451282907018554,2432.64
430,2.52,10.99,1.78,76.55,71.56,192.906,0.024874227938201796,4725.7
1495,3.65,13.15,1.86,78.11,81.38,285.1015,0.022855735702170595,19659.25
641,4.32,4.8,2.36,76.17,79.74,329.05440000000004,0.029596183898145986,3076.7999999999997
1380,2.73,5.33,5.83,77.43,77.96,211.3839,0.07478192986378529,7355.400000000001
543,2.63,5.92,1.86,75.55,72.71,198.6965,0.025581071987199566,3214.56
943,2.84,2.65,1.73,78.26,88.0,222.2584,0.019659088675103558,2498.95
499,3.55,4.84,3.47,75.71,82.38,268.77049999999997,0.042121869128202344,2415.16
512,4.86,4.19,7.26,78.28,78.28,380.4408,0.09274398406438629,2145.28
1289,3.5,3.53,2.53,75.78,78.18,265.23,0.032361213563416015,4550.17
1200,3.56,2.19,2.0,74.89,73.85,266.6084,0.027081919149367754,2628.0
642,4.52,6.37,2.09,75.55,72.25,341.48599999999993,0.02892733163635548,4089.54
811,1.84,11.73,2.46,76.93,76.04,141.55120000000002,0.03235138974863364,9513.03
1007,3.55,3.14,1.48,76.8,76.34,272.64,0.019386950564978966,3161.98
649,1.76,0.67,2.95,77.95,77.75,137.192,0.03794211730648009,434.83000000000004
1069,4.23,5.82,2.02,77.51,85.86,327.86730000000006,0.023526668585293665,6221.58
510,5.08,5.57,2.13,75.28,84.51,382.42240000000004,0.025204114873492497,2840.7000000000003
1115,4.15,7.17,1.46,79.04,89.74,328.0160000000001,0.016269220384530825,7994.55
996,2.61,6.8,1.94,78.02,73.01,203.63219999999998,0.026571698867045763,6772.8
1082,1.73,5.08,0.93,75.5,80.12,130.615,0.011607587168299155,5496.56
1127,2.39,5.04,1.48,76.55,87.71,182.9545,0.01687378669777828,5680.08
1341,4.47,6.07,0.96,76.76,76.72,343.1172,0.012513032779844528,8139.870000000001
763,2.33,9.11,2.69,74.31,74.53,173.1423,0.03609284367464864,6950.929999999999
530,2.77,8.65,3.77,76.16,76.1,210.9632,0.04954007233376185,4584.5
577,3.61,6.18,1.81,77.17,81.37,278.5837,0.022244067562484014,3565.8599999999997
997,4.64,2.5,1.81,75.66,71.45,351.06239999999997,0.025332396734444124,2492.5
778,2.78,1.49,1.64,76.46,83.42,212.55879999999996,0.01965955170707843,1159.22
872,2.45,7.05,2.3,75.31,78.86,184.50950000000003,0.029165606243265755,6147.599999999999
537,4.89,8.11,1.33,77.28,77.48,377.8992,0.01716571797035132,4355.07
1094,0.34,2.16,1.63,83.5,79.5,28.39,0.020503142075076468,2363.04
956,3.81,0.9,2.67,76.64,84.19,291.9984,0.031713976515740996,860.4
931,3.37,5.23,2.33,75.55,66.19,254.6035,0.035201686780225595,4869.13
459,4.02,7.48,2.15,76.17,78.5,306.2034,0.02738853154286222,3433.32
797,3.44,13.98,1.0,77.8,87.77,267.632,0.01139341330825871,11142.06
606,2.14,6.03,1.44,78.26,69.76,167.4764,0.02064219887583158,3654.1800000000003
892,4.41,10.18,2.92,76.33,71.36,336.6153,0.04091927677700718,9080.56
436,4.11,6.18,2.7,82.11,66.18,337.4721,0.04079781795137232,2694.48
896,2.08,4.6,2.06,82.71,76.21,172.0368,0.02703056986870885,4121.599999999999
959,1.82,7.97,1.14,73.82,88.6,134.3524,0.012866815703519672,7643.23
560,3.63,6.85,1.23,87.51,67.62,317.6613,0.018189881959496897,3836.0
655,2.92,6.73,2.6,73.77,78.23,215.40839999999997,0.033235327465764096,4408.150000000001
888,2.36,6.77,2.05,82.16,78.69,193.89759999999998,0.026051591555268577,6011.759999999999
719,3.29,8.24,1.48,77.9,71.67,256.291,0.020650199434882176,5924.56
848,4.05,7.72,1.69,76.04,70.79,307.962,0.023873425077917065,6546.5599999999995
681,2.38,6.01,2.64,82.29,79.6,195.8502,0.033165824979167716,4092.81
766,2.89,14.8,2.81,74.59,70.71,215.56510000000003,0.039739776588915775,11336.800000000001
654,3.3,4.08,2.35,74.71,73.68,246.54299999999998,0.03189467536717218,2668.32
1024,2.97,5.43,2.7,75.55,84.19,224.3835,0.03207031333052461,5560.32
580,2.12,4.77,2.18,77.69,82.36,164.7028,0.026469156572467633,2766.6
565,4.01,7.25,1.26,80.84,88.41,324.1684,0.014251779860674147,4096.25
467,4.29,9.31,2.1,75.56,72.75,324.1524,0.028865975413611626,4347.77
863,2.66,5.94,1.73,78.41,89.31,208.5706,0.019370728992192474,5126.22
847,3.09,10.82,5.55,76.23,76.33,235.5507,0.07271058919028046,9164.54
1304,3.02,10.56,5.73,85.63,74.69,258.6026,0.07671708706425398,13770.24
918,4.45,9.28,1.46,75.79,79.62,337.26550000000003,0.018337098927769538,8519.039999999999
759,3.68,13.21,4.09,78.33,82.03,288.25440000000003,0.04985980130930131,10026.390000000001
1000,2.66,6.7,3.47,73.46,84.69,195.40359999999998,0.040972955369824614,6700.0
550,1.86,4.52,1.59,81.59,78.86,151.75740000000002,0.020162310402953285,2485.9999999999995
703,3.39,3.38,1.46,76.34,71.14,258.7926,0.02052290968190755,2376.14
538,2.41,11.46,1.73,74.03,70.8,178.41230000000002,0.024435024797312882,6165.4800000000005
1132,2.52,8.8,3.61,78.68,72.12,198.27360000000002,0.05005545617644811,9961.6
882,4.26,11.67,2.31,78.03,78.76,332.4078,0.02932960521462605,10292.94
373,3.62,8.26,2.39,73.14,78.97,264.7668,0.030264653632435908,3080.98
1365,4.31,8.69,1.34,80.06,82.2,345.05859999999996,0.016301701179841706,11861.849999999999
658,3.51,5.33,2.55,76.7,77.77,269.217,0.03278898896888402,3507.14
877,2.65,4.91,2.88,76.55,78.94,202.8575,0.036483400496148906,4306.07
1408,2.27,8.21,2.15,75.88,74.74,172.24759999999998,0.028766386303667874,11559.68
922,2.09,4.14,2.89,80.43,82.49,168.0987,0.03503454539525453,3817.08
1145,3.7,9.56,2.36,74.17,84.87,274.42900000000003,0.02780723131763505,10946.2
454,1.83,5.0,4.59,77.18,70.88,141.23940000000002,0.06475732720692336,2270.0
487,2.94,7.95,2.95,78.12,72.38,229.6728,0.040757109594209785,3871.65
724,4.99,9.53,1.26,74.99,79.27,374.20009999999996,0.015895040255450958,6899.719999999999
846,2.61,5.32,4.64,76.07,80.26,198.54269999999997,0.057812103437315784,4500.72
1369,2.1,3.78,2.35,85.41,75.18,179.361,0.031258309223422556,5174.82
929,3.23,7.96,2.83,74.3,76.39,239.98899999999998,0.03704672901600615,7394.84
915,3.57,6.57,1.83,77.74,76.62,277.5318,0.023884100250052172,6011.55
1230,1.97,7.81,1.86,76.27,74.97,150.25189999999998,0.02480992066027469,9606.3
1116,3.76,4.35,3.13,74.53,81.76,280.2328,0.038282774182635246,4854.599999999999
1076,2.32,6.17,0.88,77.43,86.32,179.6376,0.010194623471429163,6638.92
414,2.21,5.25,1.91,77.28,80.86,170.7888,0.023621070539071167,2173.5
476,2.47,0.44,1.69,77.21,74.0,190.7087,0.02283783475164395,209.44
872,4.81,3.25,2.32,73.83,66.78,355.12229999999994,0.034740935199021376,2834.0
587,0.11,6.22,1.59,76.03,75.0,8.3633,0.02119999717333371,3651.14
871,2.69,4.59,4.74,87.08,83.59,234.24519999999998,0.05670534074586185,3997.89
1206,3.74,6.1,1.02,75.2,82.57,281.24800000000005,0.01235315340279116,7356.599999999999
754,2.34,6.76,4.55,75.51,74.79,176.6934,0.060837002161117495,5097.04
811,3.21,5.43,1.94,76.59,76.64,245.8539,0.02531314909797115,4403.73
523,4.04,6.64,2.15,78.43,90.31,316.85720000000003,0.02380688475175675,3472.72
1302,1.83,6.45,1.45,77.2,80.03,141.276,0.018118203408946217,8397.9
636,2.77,6.72,3.1,76.81,83.64,212.7637,0.037063601498852045,4273.92
1016,1.98,3.41,3.41,77.44,77.28,153.3312,0.044125253089382366,3464.56
874,2.43,1.18,1.49,83.06,81.27,201.8358,0.01833394631057631,1031.32
813,4.13,10.55,1.94,74.87,73.79,309.2131,0.026290821752158588,8577.150000000001
1024,3.64,7.23,2.53,77.52,80.78,282.1728,0.031319629695515015,7403.52
1140,3.53,5.96,0.74,75.35,70.44,265.98549999999994,0.01050539317072783,6794.4
1060,2.81,6.86,1.32,84.64,77.68,237.8384,0.016992788749640993,7271.6
428,4.02,4.39,1.87,75.62,90.81,303.9924,0.020592443498244302,1878.9199999999998
795,3.66,6.08,4.64,76.28,68.68,279.1848,0.06755968730930585,4833.6
552,1.6,5.38,1.5,76.34,80.32,122.144,0.018675296479669264,2969.7599999999998
574,2.86,12.45,2.49,82.58,81.13,236.1788,0.030691479022374093,7146.299999999999
619,4.37,7.68,1.51,77.44,78.06,338.4128,0.019344091808340787,4753.92
1016,3.75,6.55,1.16,75.59,78.94,283.46250000000003,0.014694702977615532,6654.8
1131,3.51,8.61,2.27,75.65,73.91,265.5315,0.03071302520456972,9737.91
594,3.79,5.18,1.81,74.78,89.38,283.4162,0.020250613084514087,3076.9199999999996
461,2.49,10.65,2.08,76.28,84.54,189.93720000000002,0.024603734965254913,4909.650000000001
551,1.98,6.8,2.16,74.8,76.74,148.10399999999998,0.028146986167971573,3746.7999999999997
759,4.8,5.96,2.56,77.34,80.1,371.232,0.03196004594755981,4523.64
539,4.62,6.7,2.68,77.85,81.95,359.667,0.032702863611609075,3611.3
691,4.55,9.37,1.69,77.08,93.78,350.714,0.01802089805705928,6474.669999999999
1178,3.88,6.06,2.76,81.3,82.5,315.44399999999996,0.033454541399449526,7138.679999999999
864,3.21,5.63,3.22,75.06,82.35,240.9426,0.03910139173024994,4864.32
1317,5.16,7.03,2.28,76.68,87.85,395.66880000000003,0.02595332658470955,9258.51
889,5.15,5.4,2.77,77.79,82.1,400.61850000000004,0.03373933815598804,4800.6
1075,1.8,3.09,4.21,76.17,76.71,137.106,0.05488201604979585,3321.75
1137,2.82,6.45,2.53,77.48,77.55,218.4936,0.03262410926832891,7333.650000000001
544,2.05,4.29,4.91,75.71,94.07,155.20549999999997,0.052195168258194084,2333.76
552,3.23,6.8,2.1,82.3,74.13,265.829,0.028328608076540123,3753.6
669,2.46,8.38,1.85,76.51,79.45,188.21460000000002,0.023285082028309374,5606.22
1374,3.29,7.23,2.59,76.54,81.31,251.81660000000002,0.03185339664821096,9934.02
790,2.93,3.81,2.79,75.92,81.67,222.4456,0.034161866761128104,3009.9
500,3.47,6.79,1.67,73.94,77.8,256.5718,0.021465292870784976,3395.0
617,2.15,6.94,2.16,74.66,77.33,160.51899999999998,0.027932234846471636,4281.9800000000005
963,2.37,4.73,1.69,76.29,83.7,180.80730000000003,0.020191156488511768,4554.990000000001
543,1.92,5.53,2.43,77.62,85.35,149.03040000000001,0.028470998421675643,3002.79
800,2.75,4.99,2.67,84.2,74.92,231.55,0.03563800912466509,3992.0
647,3.85,5.38,2.02,76.74,88.08,295.449,0.022933694035684148,3480.86
789,2.13,3.85,1.52,77.7,81.52,165.501,0.018645728821672126,3037.65
1161,3.92,4.31,1.86,75.43,74.68,295.6856,0.024906263403017753,5003.91
380,2.39,7.58,1.21,78.51,78.79,187.63890000000004,0.01535727689335234,2880.4
900,3.18,3.15,3.32,76.89,74.15,244.51020000000003,0.04477410050248138,2835.0
848,4.98,6.54,0.79,74.66,68.86,371.8068,0.011472551340030302,5545.92
920,2.66,4.02,1.81,76.14,79.98,202.53240000000002,0.022630654834876862,3698.3999999999996
400,2.65,5.13,1.25,76.54,77.53,202.83100000000002,0.016122789098053772,2052.0
854,1.89,5.8,1.97,74.79,83.67,141.3531,0.02354487587607555,4953.2
567,0.61,4.47,1.9,76.96,85.75,46.94559999999999,0.022157431818375296,2534.49
597,4.76,4.11,2.88,73.84,67.85,351.4784,0.04244656706756565,2453.67
710,3.44,5.45,1.31,76.66,87.29,263.7104,0.01500744472362874,3869.5
991,2.64,14.52,2.03,76.93,68.06,203.09520000000003,0.029826619185039784,14389.32
899,2.81,5.58,2.3,76.57,82.48,215.1617,0.027885544630753555,5016.42
674,4.59,6.91,2.33,74.34,78.87,341.2206,0.02954228102671725,4657.34
886,2.64,5.62,1.26,76.36,77.58,201.59040000000002,0.016241297210454083,4979.32
680,4.44,3.56,2.7,78.05,84.84,346.54200000000003,0.03182460728139942,2420.8
1222,2.12,8.83,2.9,74.17,76.72,157.24040000000002,0.03779978652244701,10790.26
908,4.43,6.11,4.58,77.03,81.02,341.24289999999996,0.05652924505933781,5547.88
1005,3.29,11.02,1.11,74.86,68.12,246.2894,0.01629477153629308,11075.1
865,2.68,5.28,2.28,77.32,76.6,207.2176,0.029765009169058852,4567.2
958,5.37,0.85,2.62,76.75,74.7,412.14750000000004,0.035073623149448035,814.3
599,2.38,7.37,1.28,77.14,81.34,183.5932,0.015736413113300575,4414.63
1133,2.92,7.88,1.51,78.04,76.81,227.8768,0.019658896021495113,8928.039999999999
429,2.68,13.32,4.47,77.03,77.08,206.4404,0.05799168941467443,5714.28
497,2.03,5.43,1.76,76.54,72.62,155.3762,0.024235744390561222,2698.71
901,3.21,11.73,6.06,82.19,69.19,263.8299,0.08758489845571636,10568.73
1316,3.7,7.31,2.36,79.98,77.05,295.92600000000004,0.030629457413438362,9619.96
388,1.85,3.08,5.91,76.37,82.29,141.2845,0.07181916735700968,1195.04
1013,3.21,6.73,1.44,74.02,71.69,237.6042,0.020086480668645462,6817.490000000001
935,3.08,5.64,1.54,80.64,75.45,248.37120000000002,0.020410865419368398,5273.4
475,4.56,8.46,1.6,77.31,88.13,352.5336,0.018154996237944376,4018.5000000000005
566,2.88,13.89,2.91,74.23,76.26,213.7824,0.03815892497260359,7861.740000000001
649,4.82,7.46,0.96,84.75,82.54,408.495,0.011630723088112055,4841.54
679,2.67,6.37,4.75,74.86,69.75,199.87619999999998,0.06810034865944822,4325.2300000000005
758,2.96,7.68,4.04,74.79,78.85,221.37840000000003,0.051236518549585476,5821.44
1098,2.61,4.76,2.09,77.78,73.42,203.0058,0.028466354063422215,5226.48
476,4.57,8.13,3.04,76.25,72.58,348.46250000000003,0.041884810983079224,3869.8800000000006
821,4.42,9.13,2.07,76.86,84.52,339.7212,0.024491241778130408,7495.7300000000005
385,4.12,4.9,2.74,77.26,84.56,318.31120000000004,0.03240302360418359,1886.5000000000002
827,3.62,5.01,1.23,76.61,79.94,277.3282,0.015386537980167878,4143.2699999999995
773,4.28,4.37,2.17,77.07,76.74,329.8596,0.028277296289119586,3378.01
472,4.55,4.8,2.57,73.4,68.75,333.97,0.037381812744463595,2265.6
975,2.71,7.36,1.84,75.32,66.6,204.11719999999997,0.027627623479335815,7176.0
718,2.7,5.72,2.07,76.28,73.42,205.95600000000002,0.028193948761379897,4106.96
513,2.84,8.18,1.0,82.66,66.98,234.75439999999998,0.014929827570942434,4196.34
706,3.32,6.61,2.18,75.47,69.86,250.5604,0.03120526321138517,4666.66
685,3.68,3.89,2.57,76.57,79.85,281.7776,0.03218534349588685,2664.65
1443,2.3,16.93,3.14,73.03,75.8,167.969,0.041424796645805194,24429.989999999998
944,2.72,10.58,1.84,77.68,79.87,211.28960000000004,0.023037432948862784,9987.52
711,2.05,7.26,2.2,81.3,80.86,166.665,0.027207515804165743,5161.86
669,2.63,5.58,2.45,76.24,84.54,200.51119999999997,0.028980360896574294,3733.02
826,2.29,12.28,0.29,81.38,81.28,186.3602,0.0035679129468611038,10143.279999999999
963,4.88,7.26,5.34,77.09,77.9,376.1992,0.06854941353666064,6991.38
574,4.94,3.02,2.01,75.64,78.47,373.6616,0.02561488140501065,1733.48
464,3.04,6.0,2.38,83.53,76.22,253.93120000000002,0.031225396060693245,2784.0
412,3.85,0.68,1.14,78.92,82.98,303.84200000000004,0.01373824852515684,280.16
886,5.14,5.1,2.89,75.59,72.08,388.5326,0.040094334060164535,4518.599999999999
653,2.35,6.99,3.43,72.85,76.2,171.1975,0.04501311745234679,4564.47
641,2.49,7.21,1.75,75.48,72.83,187.94520000000003,0.024028556360214698,4621.61
1676,1.81,4.2,1.76,76.35,84.02,138.1935,0.020947390984599978,7039.200000000001
627,4.22,6.91,2.64,77.33,88.63,326.33259999999996,0.029786750559996553,4332.57
734,3.91,7.57,3.15,76.89,85.81,300.6399,0.03670900399615382,5556.38
701,2.26,5.34,0.86,77.34,78.01,174.7884,0.01102422624993895,3743.3399999999997
414,1.87,6.32,5.42,76.22,85.1,142.53140000000002,0.0636897692491458,2616.48
627,2.52,3.52,1.47,78.12,80.23,196.8624,0.01832232103672927,2207.04
828,3.38,4.44,1.47,78.07,80.54,263.8766,0.018251798081475278,3676.32
984,5.16,7.22,1.51,76.29,84.56,393.6564,0.017857140745371244,7104.48
770,4.42,7.49,2.02,73.85,67.81,326.417,0.029789112256435293,5767.3
598,3.13,5.66,1.53,76.21,71.64,238.53729999999996,0.021356780938472788,3384.6800000000003
696,3.47,9.91,1.99,77.05,72.36,267.3635,0.027501378178361225,6897.36
518,3.2,5.62,2.86,74.51,82.41,238.43200000000002,0.03470452193853635,2911.16
618,2.12,6.98,5.49,76.39,85.9,161.9468,0.06391151758888038,4313.64
423,5.57,6.78,3.13,74.77,71.48,416.4689,0.04378846617396947,2867.94
534,4.85,8.05,1.6,75.75,77.47,367.3875,0.02065315339445548,4298.700000000001
821,2.07,3.66,1.8,77.28,72.18,159.96959999999999,0.024937652405423606,3004.86
538,2.21,5.15,1.51,74.75,74.28,165.1975,0.020328484069940214,2770.7000000000003
1640,3.81,6.76,1.68,85.12,66.75,324.3072,0.02516853555527557,11086.4
419,4.57,6.92,1.71,85.64,81.85,391.37480000000005,0.02089187282933747,2899.48
596,2.99,8.13,1.68,81.21,75.58,242.8179,0.02222809973166185,4845.4800000000005
1150,3.33,3.39,3.48,76.85,87.01,255.91049999999998,0.03999539823061737,3898.5
897,2.62,6.62,1.65,76.88,83.44,201.4256,0.019774686028920657,5938.14
414,4.48,4.62,4.22,77.94,79.81,349.1712,0.0528755728761342,1912.68
700,5.26,3.13,1.74,77.8,79.15,409.22799999999995,0.02198357271211968,2191.0
556,3.02,5.96,1.42,75.23,85.87,227.1946,0.016536623205237775,3313.7599999999998
742,3.7,6.03,2.38,83.13,90.48,307.581,0.026304152707321758,4474.26
827,2.67,5.09,3.6,81.58,76.54,217.8186,0.047034224322677766,4209.43
704,2.27,10.01,2.15,76.25,88.93,173.0875,0.02417631573413744,7047.04
681,4.42,6.76,0.11,76.74,76.15,339.19079999999997,0.0014445172101750215,4603.5599999999995
712,2.24,10.67,1.87,76.47,86.87,171.2928,0.021526416308689268,7597.04
424,3.01,5.52,3.51,75.19,87.11,226.32189999999997,0.04029387667387479,2340.48
845,3.33,17.29,2.23,84.04,80.62,279.8532,0.0276606266856082,14610.05
880,2.65,5.97,1.71,76.87,78.15,203.7055,0.021880995280742763,5253.599999999999
523,3.75,5.07,2.34,76.68,82.66,287.55,0.028308731150649507,2651.61
1386,4.28,4.24,5.81,86.69,86.44,371.0332,0.06721424488497861,5876.64
817,2.19,6.26,1.42,79.82,75.21,174.80579999999998,0.018880465512502925,5114.42
887,2.46,13.21,1.62,74.76,84.13,183.9096,0.019255911178424918,11717.27
791,2.95,6.2,1.84,76.16,85.1,224.672,0.021621619080890827,4904.2
1337,3.47,15.29,2.76,76.34,87.97,264.8998,0.03137432859221,20442.73
1240,3.9,10.39,1.58,86.49,87.48,337.311,0.01806126908307395,12883.6
1330,4.09,7.75,1.18,86.06,80.0,351.98539999999997,0.014749998156250228,10307.5
691,3.11,8.88,2.53,76.42,84.95,237.6662,0.029782221332287067,6136.080000000001
547,3.76,5.93,2.29,83.66,90.2,314.56159999999994,0.025388023792902017,3243.71
1294,2.16,4.18,1.35,80.17,85.17,173.1672,0.01585064977684046,5408.92
607,2.84,10.79,2.41,83.81,75.97,238.0204,0.031723044396071556,6549.53
605,1.54,7.92,1.86,74.86,78.41,115.2844,0.023721461073656285,4791.6
966,5.61,15.58,1.71,80.69,68.65,452.6709,0.02490895485667081,15050.28
1449,3.49,5.68,2.61,78.33,82.94,273.37170000000003,0.031468527674399845,8230.32
895,2.21,6.8,4.08,77.1,75.82,170.391,0.053811652095535206,6086.0
1043,4.92,9.16,1.6,75.86,72.56,373.2312,0.022050713609328334,9553.880000000001
524,2.71,10.84,5.54,77.22,68.75,209.2662,0.08058180646082815,5680.16
1172,2.95,13.82,1.11,77.68,81.54,229.15600000000003,0.013612949029562296,16197.04
459,2.94,4.49,0.28,78.18,74.96,229.84920000000002,0.003735325008627934,2060.9100000000003
762,4.36,1.24,2.2,76.33,76.83,332.7988,0.028634644196974597,944.88
657,4.7,5.29,2.06,74.41,77.04,349.727,0.026739352707768338,3475.53
911,4.23,6.87,3.0,76.41,75.07,323.21430000000004,0.03996269615522897,6258.57
474,5.68,8.6,2.45,75.64,70.49,429.6352,0.03475669814772335,4076.3999999999996
866,3.66,8.66,1.22,86.16,80.82,315.3456,0.015095271579402181,7499.56
468,4.65,7.39,2.4,76.73,75.26,356.7945,0.031889445669752096,3458.52
858,2.25,4.96,4.1,77.12,84.53,173.52,0.04850348414722771,4255.68
893,3.43,5.38,2.73,75.82,83.11,260.0626,0.0328480287753545,4804.34
855,0.07,5.1,1.49,74.86,74.39,5.240200000000001,0.020029571174946744,4360.5
930,2.88,8.36,4.44,84.69,71.76,243.9072,0.06187290107679751,7774.799999999999
671,3.05,2.08,1.92,76.93,78.56,234.6365,0.024439915422617687,1395.68
509,2.53,5.06,2.19,77.11,87.67,195.08829999999998,0.02498003593246995,2575.54
533,2.65,7.26,1.63,77.07,79.34,204.23549999999997,0.020544489470066866,3869.58
765,4.03,10.06,1.44,74.74,80.22,301.2022,0.01795063351400729,7695.900000000001
484,3.95,6.54,3.13,81.5,88.5,321.925,0.03536722764212117,3165.36
1059,1.89,9.39,2.39,77.1,76.34,145.719,0.03130730530425657,9944.01
837,4.95,5.16,4.81,75.4,73.8,373.23,0.06517614293006192,4318.92
1110,2.75,5.91,2.92,74.11,70.64,203.8025,0.04133634748919203,6560.1
641,3.05,7.86,1.37,77.07,81.35,235.06349999999998,0.016840809238990877,5038.26
1108,2.2,6.82,1.75,76.0,88.85,167.20000000000002,0.019696114834427143,7556.56
536,3.91,7.42,2.54,84.56,85.27,330.62960000000004,0.029787729589805374,3977.12
510,4.64,3.95,1.86,78.02,74.07,362.01279999999997,0.025111377735739474,2014.5
631,3.42,7.82,2.06,84.91,70.83,290.3922,0.029083717480768392,4934.42
603,2.77,6.97,2.44,77.41,78.5,214.42569999999998,0.03108279858817852,4202.91
715,2.48,2.42,1.68,74.88,79.08,185.70239999999998,0.02124430687350697,1730.3
1065,4.02,3.41,1.85,76.76,82.99,308.5752,0.02229183970456203,3631.65
553,2.8,11.32,2.56,73.67,75.84,206.27599999999998,0.033755269810750284,6259.96
764,2.36,7.38,2.51,75.8,73.78,178.88799999999998,0.034020055025744775,5638.32
372,2.85,3.24,1.36,77.52,73.49,220.932,0.01850591665452216,1205.28
1136,3.54,9.26,2.82,77.38,76.3,273.92519999999996,0.03695936606037142,10519.36
433,2.74,4.82,2.07,77.52,86.44,212.4048,0.023947243874682566,2087.06
598,3.51,5.66,1.57,76.24,78.94,267.6024,0.019888520409358956,3384.6800000000003
1181,3.78,5.58,1.16,87.77,82.15,331.77059999999994,0.014120509541021356,6589.9800000000005
848,3.09,5.8,3.07,75.6,75.6,233.60399999999998,0.04060846023697616,4918.4
649,2.48,5.28,1.37,80.14,68.68,198.7472,0.01994758008917005,3426.7200000000003
399,3.1,6.13,4.85,78.18,71.76,242.35800000000003,0.06758638968974501,2445.87
865,3.79,8.25,1.04,77.01,69.22,291.8679,0.015024557205351459,7136.25
892,1.95,4.99,2.65,77.29,78.28,150.71550000000002,0.033852831648846234,4451.08
1104,4.56,3.49,2.21,79.31,84.73,361.6536,0.026082848332013648,3852.96
988,4.02,6.92,2.64,76.74,82.81,308.49479999999994,0.03188020385458231,6836.96
885,2.97,5.5,1.53,76.15,80.76,226.16550000000004,0.01894501994241952,4867.5
911,5.06,7.94,2.87,77.32,77.9,391.2391999999999,0.036842100533748326,7233.34
984,3.14,7.44,5.72,78.58,84.85,246.7412,0.0674130739642812,7320.96
427,2.62,10.28,1.64,73.98,73.54,193.82760000000002,0.022300785653958977,4389.5599999999995
673,2.93,6.16,1.93,76.96,84.58,225.4928,0.022818630548754958,4145.68
632,3.48,17.96,2.99,74.68,83.91,259.88640000000004,0.035633412509425276,11350.720000000001
507,3.88,7.85,2.6,87.14,78.21,338.1032,0.03324382646159999,3979.95
546,4.45,12.47,2.63,76.75,84.58,341.5375,0.03109481779441738,6808.620000000001
511,3.12,3.54,2.66,86.23,80.12,269.0376,0.033200195556640597,1808.94
941,2.72,6.63,1.1,75.03,69.31,204.0816,0.015870723435186345,6238.83
758,1.95,3.75,1.28,86.7,85.06,169.065,0.015048199500564366,2842.5
635,2.65,8.97,3.07,76.2,79.05,201.93,0.0388361747202815,5695.950000000001
560,2.42,2.36,1.82,80.79,83.28,195.51180000000002,0.02185398392723536,1321.6
620,2.22,5.19,1.99,77.98,76.65,173.11560000000003,0.02596216230108776,3217.8
888,2.09,6.24,2.11,74.41,67.18,155.5169,0.031408152514416116,5541.12
505,3.86,4.88,2.7,88.03,89.83,339.7958,0.030056770560306072,2464.4
541,1.95,7.64,1.68,77.59,75.04,151.3005,0.022388056718009496,4133.24
604,2.21,6.52,1.52,83.06,74.88,183.5626,0.02029914258825553,3938.08
1115,4.11,4.94,1.2,76.84,76.76,315.8124,0.015633140224968704,5508.1
673,4.54,7.94,1.9,76.39,78.88,346.8106,0.02408721804168128,5343.62
805,2.76,7.6,1.76,82.48,85.7,227.6448,0.02053675372966701,6118.0
629,2.05,3.79,2.82,76.92,86.84,157.68599999999998,0.03247351076997803,2383.91
778,2.12,11.2,1.8,74.15,83.48,157.198,0.021562048207708646,8713.599999999999
621,3.25,5.33,2.62,78.19,71.34,254.1175,0.03672553452123149,3309.93
824,3.15,4.67,2.4,77.04,78.81,242.67600000000002,0.030452984335365516,3848.08
882,4.53,14.99,2.6,82.51,74.26,373.7703,0.03501211486505321,13221.18
776,2.67,6.66,2.65,85.56,79.79,228.4452,0.03321217781524278,5168.16
602,5.68,4.76,0.75,76.03,83.15,431.8504,0.009019842571275697,2865.52
800,3.26,3.22,3.43,75.62,78.86,246.5212,0.04349479539756589,2576.0
1461,4.16,10.03,4.07,85.93,78.85,357.46880000000004,0.051616987746735864,14653.83
915,3.91,6.7,2.01,75.8,81.64,296.378,0.02462028115871127,6130.5
942,3.41,4.42,3.62,77.8,83.95,265.298,0.04312090016427633,4163.64
851,3.08,12.74,2.52,78.79,81.44,242.67320000000004,0.030943021740788095,10841.74
1053,2.69,4.67,2.7,75.25,88.0,202.42249999999999,0.03068181469524833,4917.51
751,2.94,7.4,2.48,77.61,72.2,228.1734,0.03434902571343134,5557.400000000001
491,2.72,5.88,1.74,77.07,78.83,209.6304,0.02207281211812608,2887.08
1448,2.34,8.36,2.02,74.66,87.12,174.7044,0.023186406888612614,12105.279999999999
631,4.4,5.28,1.08,75.26,82.55,331.14400000000006,0.013082978427258822,3331.6800000000003
787,4.55,4.15,1.51,77.66,77.49,353.35299999999995,0.019486382825347422,3266.05
836,0.15,5.62,1.63,73.84,74.79,11.076,0.02179435462035638,4698.32
850,2.36,5.96,2.13,75.54,75.94,178.2744,0.028048455616479374,5066.0
437,2.04,1.83,1.82,74.31,76.34,151.5924,0.023840709478555214,799.71
396,2.4,4.8,2.63,74.17,77.33,178.008,0.03401008224362055,1900.8
774,4.93,6.09,2.28,76.3,72.94,376.159,0.03125856440107425,4713.66
887,4.19,6.8,1.06,77.91,75.12,326.4429,0.014110754245107262,6031.599999999999
640,4.3,6.92,1.94,77.69,77.95,334.06699999999995,0.024887745363983915,4428.8
737,4.53,5.34,3.06,81.03,74.87,367.0659,0.040870837335269486,3935.58
485,4.57,4.83,0.97,83.24,87.7,380.4068,0.011060432034158262,2342.55
991,2.45,5.16,2.42,76.12,77.92,186.49400000000003,0.031057490880712153,5113.56
418,5.21,7.97,2.33,76.18,79.74,396.8978,0.02921996122147464,3331.46
931,5.02,5.5,1.68,78.14,75.16,392.26279999999997,0.022352312087238944,5120.5
954,5.67,4.09,2.46,74.61,68.43,423.0387,0.035949139858374994,3901.8599999999997
518,5.01,10.31,1.97,86.55,80.87,433.61549999999994,0.024360081073317535,5340.58
867,4.81,8.16,1.01,76.89,85.98,369.8409,0.011746916521642645,7074.72
750,2.31,5.0,1.89,78.14,79.39,180.5034,0.023806521752547955,3750.0
567,2.05,3.36,2.76,77.23,69.9,158.3215,0.039484972891992424,1905.12
819,2.55,11.97,5.09,76.7,77.25,195.58499999999998,0.0658899591080959,9803.43
781,2.09,5.56,2.75,77.14,73.84,161.2226,0.03724268184687407,4342.36
806,4.64,6.43,1.84,73.96,76.83,343.17439999999993,0.02394897514656057,5182.58
513,3.16,12.65,1.69,75.87,84.75,239.74920000000003,0.01994100059693208,6489.45
662,2.77,8.76,1.06,76.91,86.18,213.0407,0.0122998361220891,5799.12
688,2.83,5.21,1.19,85.0,75.87,240.55,0.015684721802461866,3584.48
1257,4.89,7.8,2.91,77.04,83.39,376.7256,0.034896266351329135,9804.6
580,2.19,3.72,2.62,83.6,86.43,183.08399999999997,0.030313545029093482,2157.6
674,2.67,7.24,1.57,74.16,74.35,198.00719999999998,0.02111633878731153,4879.76
1316,2.54,9.02,2.38,79.12,83.73,200.96480000000003,0.02842469504064313,11870.32
576,4.91,4.56,3.94,74.6,78.12,366.286,0.050435221398461155,2626.56
550,2.17,14.33,2.97,75.07,81.8,162.90189999999998,0.03630806402101907,7881.5
729,5.61,5.57,2.0,76.44,83.11,428.8284,0.024064489945314647,4060.53
558,4.44,5.61,3.11,76.66,67.08,340.3704,0.04636254526497536,3130.38
819,3.52,6.01,0.98,76.16,74.46,268.0832,0.013161427187560141,4922.19
633,3.27,5.2,1.57,81.87,88.2,267.7149,0.017800451496547447,3291.6
1332,3.3,5.02,0.8,75.94,76.4,250.60199999999998,0.01047120281790539,6686.639999999999
951,4.41,6.31,2.59,76.51,80.87,337.4091,0.03202670557354945,6000.8099999999995
679,2.94,7.88,0.99,86.13,86.31,253.2222,0.011470280214311178,5350.5199999999995
537,2.65,3.3,1.2,75.67,73.87,200.5255,0.016244752098991184,1772.1
475,2.18,7.44,2.7,76.4,80.3,166.55200000000002,0.03362390614895316,3534.0
735,4.48,14.0,1.36,76.68,70.72,343.5264000000001,0.019230766511486638,10290.0
708,3.18,4.44,2.94,77.3,82.85,245.814,0.03548581345976905,3143.5200000000004
722,3.04,5.47,5.73,77.83,68.16,236.6032,0.08406688907469351,3949.3399999999997
369,2.75,6.99,1.83,77.18,75.7,212.245,0.0241743693296738,2579.31
434,2.88,7.33,3.52,74.29,73.6,213.95520000000002,0.04782608045841298,3181.2200000000003
917,2.42,2.95,1.76,75.78,79.6,183.3876,0.02211054998611181,2705.15
533,3.74,3.72,3.27,85.94,81.85,321.4156,0.039951125235048845,1982.76
688,2.48,4.05,2.5,82.92,69.95,205.6416,0.03573980904362987,2786.4
818,3.24,7.34,1.48,80.38,66.57,260.4312,0.02223223340360021,6004.12
774,3.68,3.16,2.59,80.38,72.73,295.7984,0.03561115968497735,2445.84
574,1.97,5.98,4.51,84.94,83.55,167.3318,0.05397964644169402,3432.5200000000004
1661,3.52,11.8,2.95,76.73,72.87,270.0896,0.040483046454913345,19599.800000000003
418,2.34,5.77,1.51,79.31,79.26,185.5854,0.019051221416701812,2411.8599999999997
971,2.95,5.04,3.23,75.61,75.31,223.04950000000002,0.04288938482414223,4893.84
654,2.87,15.35,1.37,74.81,78.91,214.7047,0.017361548934032578,10038.9
762,2.42,4.85,1.37,76.95,83.64,186.219,0.016379720662395902,3695.7
2029,2.46,5.89,1.6,78.4,73.61,192.864,0.02173617419696044,11950.81
903,3.94,6.88,1.5,76.59,70.03,301.76460000000003,0.02141938863067419,6212.64
945,3.36,6.14,1.93,75.19,75.23,252.6384,0.025654655635430592,5802.299999999999
788,3.27,9.21,1.32,74.24,72.72,242.76479999999998,0.018151812685394297,7257.4800000000005
742,4.16,5.91,0.85,83.56,83.79,347.6096,0.010144407429954955,4385.22
914,3.58,5.31,2.35,83.73,83.45,299.7534,0.028160571820183125,4853.339999999999
755,3.2,7.57,1.33,85.42,67.15,273.344,0.01980640062451219,5715.35
628,5.25,4.53,1.65,75.37,78.49,395.6925,0.021021783536529042,2844.84
956,2.62,6.93,2.28,75.61,78.46,198.09820000000002,0.029059389617717354,6625.08
860,4.4,8.09,1.26,75.09,81.32,330.396,0.015494341429618615,6957.4
993,3.45,6.8,4.23,75.79,83.83,261.4755,0.050459256774513093,6752.4
841,1.97,4.43,2.74,78.19,92.03,154.0343,0.029772896906128773,3725.6299999999997
907,5.65,8.05,4.84,76.61,85.0,432.84650000000005,0.05694116977162708,7301.35
590,3.69,6.59,1.25,77.96,83.62,287.6724,0.014948575107800153,3888.1
563,3.47,9.93,2.0,73.25,67.19,254.1775,0.029766329845761295,5590.59
853,3.25,9.11,3.87,83.32,84.11,270.78999999999996,0.04601117037080366,7770.83
875,2.31,5.49,4.79,76.87,78.41,177.5697,0.06108913900151269,4803.75
778,4.57,5.51,2.69,81.08,84.24,370.5356,0.03193256980857433,4286.78
818,3.04,11.68,1.79,75.28,70.72,228.8512,0.02531108239379491,9554.24
569,5.18,11.67,2.87,73.6,82.5,381.24799999999993,0.03478787457116672,6640.23
772,4.76,9.23,7.05,73.16,77.1,348.24159999999995,0.09143967685607304,7125.56
1012,4.48,4.67,3.35,84.24,66.9,377.3952,0.05007473093053349,4726.04
671,3.89,5.84,2.97,76.96,79.22,299.3744,0.037490527961306745,3918.64
994,3.28,4.13,1.36,77.8,80.27,255.18399999999997,0.016942815878557883,4105.22
562,4.64,6.34,2.95,79.47,79.73,368.7408,0.03699986993605043,3563.08
490,4.78,6.66,2.78,82.18,72.78,392.82040000000006,0.03819730170413551,3263.4
647,3.79,7.34,2.43,76.08,86.55,288.3432,0.028076253255198934,4748.98
1276,2.43,5.77,1.83,77.8,84.36,189.054,0.021692742805507016,7362.5199999999995
728,5.29,7.37,2.69,75.66,80.35,400.2414,0.03347852725842847,5365.36
466,2.44,7.42,1.99,77.39,80.11,188.8316,0.024840840738878947,3457.72
809,2.17,7.62,1.97,86.75,78.91,188.2475,0.024965147007331517,6164.58
689,4.5,6.78,0.96,85.16,73.57,383.21999999999997,0.01304879529036356,4671.42
669,3.09,5.72,3.18,78.68,74.28,243.12120000000002,0.04281097969696019,3826.68
1625,2.73,9.33,2.72,77.49,71.91,211.5477,0.03782505384160008,15161.25
1182,2.31,6.69,2.03,78.44,76.73,181.1964,0.026456402130014052,7907.580000000001
701,5.23,6.84,2.8,75.81,82.3,396.4863,0.034021867069031944,4794.84
552,3.47,6.8,1.66,86.34,84.86,299.5998,0.019561628616352977,3753.6
1456,1.94,3.76,1.47,74.06,89.7,143.6764,0.016387958039246593,5474.5599999999995
578,2.56,7.44,2.43,73.88,74.84,189.1328,0.032469263432754754,4300.320000000001
618,2.63,3.63,1.96,85.09,77.13,223.7867,0.025411639386537094,2243.34
721,3.3,5.78,3.54,75.9,79.38,250.47,0.04459561040619672,4167.38
599,2.7,5.04,3.05,77.55,74.88,209.38500000000002,0.040731832167223266,3018.96
1313,3.62,6.67,2.65,76.32,71.96,276.2784,0.036826009334906984,8757.71
1007,2.65,5.07,1.84,76.44,87.24,202.56599999999997,0.021091240131678117,5105.490000000001
1358,4.34,5.23,1.1,77.46,86.3,336.17639999999994,0.012746232590239562,7102.34
555,5.19,6.05,1.8,76.09,84.57,394.90710000000007,0.021284140796483293,3357.75
710,3.3,4.0,3.15,80.16,79.0,264.52799999999996,0.039873412674251554,2840.0
778,2.43,3.78,1.65,84.52,80.36,205.3836,0.02053260073013928,2940.8399999999997
677,4.08,3.41,3.36,75.66,88.84,308.6928,0.037820797183611296,2308.57
600,1.84,6.27,2.57,74.59,76.52,137.24560000000002,0.033585986201517745,3761.9999999999995
910,5.88,10.4,6.29,75.76,68.75,445.46880000000004,0.09149089578314243,9464.0
413,1.68,8.23,2.49,73.68,80.51,123.78240000000001,0.030927831210056985,3398.9900000000002
399,4.69,2.64,1.18,77.53,78.37,363.61570000000006,0.015056780010618855,1053.3600000000001
589,4.48,6.93,1.5,77.25,65.36,346.08000000000004,0.022949812890175506,4081.77
581,2.77,5.75,2.97,76.64,86.73,212.2928,0.03424420220867033,3340.75
1505,3.3,8.81,1.19,75.77,85.41,250.04099999999997,0.013932793123428974,13259.050000000001
500,2.43,5.69,2.34,75.49,82.8,183.4407,0.028260866152069304,2845.0
691,2.32,11.72,2.31,76.41,80.99,177.2712,0.028522036236320998,8098.52
654,2.88,1.57,1.84,75.95,67.97,218.736,0.027070762531887227,1026.78
1102,4.99,4.52,4.75,76.91,89.3,383.7809,0.053191483405209024,4981.04
510,2.12,7.3,1.46,77.34,71.08,163.9608,0.020540233463670024,3723.0
788,3.23,6.17,2.94,75.82,80.47,244.8986,0.03653535025036035,4861.96
1315,2.85,10.79,1.52,78.07,72.0,222.49949999999998,0.021111108179012752,14188.849999999999
1076,2.49,3.42,1.69,78.32,80.79,195.0168,0.020918427909589313,3679.92
514,2.47,13.79,1.03,78.09,78.83,192.88230000000001,0.013066089931994174,7088.0599999999995
808,2.42,8.34,2.5,78.26,84.84,189.38920000000002,0.029467228964258723,6738.72
778,3.41,5.35,4.29,75.76,78.67,258.3416,0.05453158071290445,4162.299999999999
1227,3.55,5.38,1.71,75.67,78.63,268.6285,0.021747421881289346,6601.26
492,4.18,10.58,3.11,76.65,85.5,320.397,0.03637426475154798,5205.36
795,3.05,4.97,2.57,76.9,88.32,234.54500000000002,0.029098728589364967,3951.1499999999996
1290,5.23,6.88,2.14,86.35,74.64,451.6105,0.028670950070880215,8875.2
698,4.45,1.4,2.87,77.28,73.05,343.896,0.03928815341709057,977.1999999999999
702,2.56,4.74,1.94,78.9,88.26,201.984,0.021980509632845043,3327.48
767,5.4,3.15,1.24,75.84,72.28,409.53600000000006,0.017155503990660764,2416.0499999999997
619,3.38,7.65,2.63,83.82,82.1,283.31159999999994,0.03203410084846518,4735.35
535,2.33,6.44,2.67,77.09,69.85,179.61970000000002,0.03822476188621877,3445.4
744,3.77,2.64,1.5,76.65,75.52,288.9705,0.019862285505523637,1964.16
781,3.89,7.06,4.94,83.35,75.63,324.2315,0.0653179868679113,5513.86
859,3.32,6.79,2.46,76.7,84.06,254.644,0.029264807367974377,5832.61
468,4.92,4.75,1.22,76.96,72.51,378.6432,0.016825263160217464,2223.0
464,3.64,5.95,3.39,76.57,83.18,278.71479999999997,0.04075498428047796,2760.8
611,2.39,2.98,2.56,75.75,83.39,181.04250000000002,0.030699120913884048,1820.78
535,2.44,4.13,3.63,75.72,70.86,184.7568,0.05122776584423287,2209.5499999999997
802,3.82,6.53,1.95,77.79,74.6,297.1578,0.026139406683725646,5237.06
471,2.53,3.79,2.84,76.86,73.92,194.45579999999998,0.038419908222415006,1785.09
658,3.69,6.03,2.22,75.81,72.47,279.7389,0.03063336130352404,3967.7400000000002
446,2.27,6.33,5.04,77.82,79.48,176.6514,0.06341217118618882,2823.18
1141,4.18,4.07,2.09,76.61,81.9,320.22979999999995,0.025518922403061972,4643.87
787,3.86,4.86,4.74,76.51,70.26,295.3286,0.06746369663198169,3824.82
1107,2.07,10.6,2.92,76.42,86.01,158.18939999999998,0.03394953680391387,11734.199999999999
471,2.4,2.61,1.38,74.3,85.4,178.32,0.016159248693296404,1229.31
644,4.07,11.06,2.86,74.92,78.35,304.92440000000005,0.03650286707047006,7122.64
833,2.06,9.54,1.63,84.9,73.97,174.894,0.022035957545497153,7946.82
1227,3.13,4.37,1.62,81.67,89.51,255.62709999999998,0.01809853445441465,5361.99
894,2.88,5.53,1.33,73.91,65.76,212.86079999999998,0.020225057751663965,4943.820000000001
1331,1.83,4.23,4.31,82.96,76.37,151.8168,0.05643576581959331,5630.130000000001
610,2.12,6.46,2.7,75.94,70.83,160.99280000000002,0.038119435533045955,3940.6
1196,3.7,5.22,0.4,76.77,70.96,284.049,0.005636977785093322,6243.12
568,4.6,6.56,2.72,75.97,84.42,349.462,0.032219849298762225,3726.08
766,2.73,9.21,3.17,75.68,84.65,206.6064,0.037448312173855615,7054.860000000001
397,2.54,6.53,2.63,74.87,85.05,190.1698,0.030922982842682793,2592.4100000000003
689,2.44,9.31,1.08,79.56,73.25,194.1264,0.01474402529091805,6414.59
927,2.88,4.13,2.85,84.62,85.28,243.7056,0.03341932065908529,3828.5099999999998
812,3.93,6.09,3.18,73.39,90.04,288.4227,0.0353176326835148,4945.08
853,5.12,4.51,2.07,74.58,71.01,381.8496,0.02915081972245884,3847.0299999999997
503,2.66,12.88,1.41,76.74,91.07,204.1284,0.015482594105348182,6478.64
579,3.28,4.04,1.4,77.24,83.57,253.34719999999996,0.016752421113746425,2339.16
719,2.69,15.21,1.79,77.0,88.16,207.13,0.020303990437387655,10935.99
1140,5.08,4.73,2.94,76.61,68.19,389.1788,0.04311481989810531,5392.200000000001
701,2.32,4.76,1.85,74.38,84.22,172.56159999999997,0.021966276185433842,3336.7599999999998
636,1.0,2.0,2.23,77.04,76.06,77.04,0.0293189548620885,1272.0
517,2.69,5.21,2.78,75.52,80.06,203.1488,0.03472395269498467,2693.57
731,3.36,4.04,3.74,77.85,76.56,261.57599999999996,0.048850568331952934,2953.2400000000002
1028,2.73,7.46,1.07,76.62,86.07,209.17260000000002,0.012431740161294278,7668.88
1273,4.58,5.13,1.32,78.81,88.43,360.94980000000004,0.014927059264157043,6530.49
836,4.06,3.72,2.36,79.55,77.12,322.97299999999996,0.030601655782980314,3109.92
928,5.16,11.55,2.6,76.81,87.09,396.3396,0.029854170415183096,10718.400000000001
787,2.73,5.34,2.16,73.71,85.69,201.2283,0.02520713908190698,4202.58
467,3.85,8.28,1.34,74.58,76.27,287.133,0.017569159883419446,3866.7599999999998
1565,3.18,2.96,1.95,74.17,76.5,235.8606,0.025490192746380032,4632.4
1031,3.89,7.75,1.98,74.63,73.64,290.3107,0.026887557456877043,7990.25
653,3.57,5.35,0.76,76.44,87.4,272.89079999999996,0.008695651178987279,3493.5499999999997
716,2.47,11.28,1.51,74.72,74.97,184.5584,0.020141387202696117,8076.48
531,2.96,6.15,1.88,77.49,89.24,229.3704,0.02106678383384314,3265.65
874,3.45,12.06,3.08,74.44,78.55,256.818,0.03921068883377609,10540.44
801,2.92,6.28,1.86,76.34,67.98,222.9128,0.027360984501179096,5030.28
519,4.47,5.07,1.18,77.65,66.7,347.0955,0.01769115177044201,2631.33
653,1.88,3.5,1.61,75.94,80.96,142.76719999999997,0.01988636118004432,2285.5
1274,2.65,15.86,3.32,81.94,67.36,217.141,0.049287403609352194,20205.64
779,5.22,5.28,1.04,76.97,71.05,401.7834,0.014637577109419127,4113.12
864,2.23,7.84,2.34,78.05,79.91,174.0515,0.02928293964673512,6773.76
759,2.96,8.4,3.0,75.34,71.97,223.0064,0.04168402922272763,6375.6
637,3.38,4.41,2.15,77.74,69.62,262.7612,0.030881926043963503,2809.17
651,3.26,7.44,3.34,76.71,75.46,250.07459999999998,0.04426185472278628,4843.4400000000005
560,2.69,6.24,2.65,82.85,82.9,222.86649999999997,0.03196622051070922,3494.4
976,2.25,7.99,2.66,77.32,72.75,173.96999999999997,0.036563568857241394,7798.24
896,5.03,10.14,1.26,76.25,69.69,383.5375,0.01808006628209696,9085.44
649,2.04,4.58,3.33,74.89,81.89,152.7756,0.04066430081031862,2972.42
844,4.66,6.49,2.15,75.89,80.03,353.6474,0.0268649222960237,5477.56
1092,2.6,6.19,2.92,75.36,72.52,195.936,0.040264748998242,6759.4800000000005
757,2.59,5.13,1.68,75.17,79.34,194.6903,0.02117468853356585,3883.41
366,0.04,7.07,1.77,79.31,66.27,3.1724,0.026708914032154214,2587.62
578,2.41,5.49,2.17,83.45,89.72,201.11450000000002,0.02418635486108394,3173.2200000000003
770,4.52,5.79,4.07,76.1,70.46,343.9719999999999,0.0577632617423699,4458.3
701,2.55,4.3,3.18,82.94,73.91,211.49699999999999,0.043025295220498555,3014.2999999999997
1278,2.38,9.13,4.62,74.84,82.77,178.1192,0.055817318374130925,11668.140000000001
1047,4.66,5.56,2.05,87.1,80.41,405.88599999999997,0.025494338329270196,5821.32
728,2.09,7.46,3.62,81.44,67.66,170.2096,0.05350280025084241,5430.88
1203,2.89,12.51,1.2,77.06,68.55,222.70340000000002,0.017505467905839837,15049.529999999999
942,3.94,14.74,2.94,73.04,72.74,287.7776,0.04041792130630722,13885.08
986,5.0,5.26,3.14,78.24,68.47,391.2,0.04585949381342284,5186.36
533,4.18,4.03,1.58,76.46,75.38,319.60279999999995,0.02096046418672537,2147.9900000000002
765,3.44,6.04,1.63,76.08,73.81,261.7152,0.022083725500104928,4620.6
668,3.22,4.48,4.64,76.91,74.29,247.6502,0.062457926711814944,2992.6400000000003
630,2.11,6.93,2.86,74.3,78.36,156.773,0.03649820871641032,4365.9
1087,4.58,7.38,3.13,75.92,85.14,347.7136,0.036762974305499845,8022.0599999999995
969,2.58,8.16,2.09,83.94,81.04,216.5652,0.025789730282609783,7907.04
1355,3.67,8.4,2.69,75.76,72.48,278.0392,0.0371136814136753,11382.0
625,5.04,6.3,2.59,77.03,70.24,388.2312,0.036873571060140796,3937.5
906,5.26,4.64,1.64,76.45,75.66,402.127,0.021675915718224196,4203.84
992,4.82,6.24,1.82,77.68,73.43,374.41760000000005,0.024785506634140454,6190.08
686,3.53,7.43,2.51,77.13,75.58,272.2689,0.03320983948004241,5096.98
769,4.09,14.46,1.11,76.65,82.8,313.49850000000004,0.01340579548239185,11119.74
517,1.85,4.53,2.85,77.76,79.63,143.85600000000002,0.03579052671222822,2342.01
910,1.97,6.36,1.22,75.72,72.27,149.1684,0.016881137832968338,5787.6
1324,2.55,6.84,5.81,77.68,90.68,198.084,0.06407145301373476,9056.16
755,4.77,5.06,3.41,76.58,79.79,365.28659999999996,0.042737179754708636,3820.2999999999997
1004,2.49,6.51,5.7,77.9,88.51,193.97100000000003,0.06439949560507337,6536.04
801,3.48,9.9,2.19,76.51,76.32,266.2548,0.028694964793636688,7929.900000000001
681,2.67,4.89,1.97,77.17,86.46,206.0439,0.0227851003024404,3330.0899999999997
695,3.78,5.56,3.48,73.16,79.42,276.54479999999995,0.04381767264949979,3864.2
1685,2.69,5.16,1.8,74.55,79.07,200.53949999999998,0.022764636048484124,8694.6
466,4.45,12.54,1.58,80.34,76.51,357.51300000000003,0.02065089260869264,5843.639999999999
415,2.22,5.13,3.44,83.57,79.37,185.5254,0.043341307377937836,2128.95
1292,2.75,10.88,1.52,77.23,65.46,212.38250000000002,0.023220283651041302,14056.960000000001
1129,3.53,4.3,0.91,75.45,77.84,266.3385,0.011690645980132839,4854.7
481,2.27,4.45,2.97,75.25,76.88,170.8175,0.03863162868995465,2140.4500000000003
471,2.51,4.53,4.14,74.97,79.9,188.17469999999997,0.05181476197562428,2133.63
702,3.98,7.04,2.33,75.53,71.5,300.6094,0.032587408029733145,4942.08
872,4.56,1.98,0.75,83.19,88.46,379.34639999999996,0.008478407361699372,1726.56
686,3.02,11.3,2.61,76.83,83.57,232.0266,0.031231299362055837,7751.8
519,4.44,5.22,3.3,80.1,84.05,355.644,0.039262339171643165,2709.18
566,0.94,5.57,1.58,78.19,85.62,73.4986,0.018453630173600775,3152.6200000000003
730,5.52,7.14,2.37,74.41,84.02,410.74319999999994,0.0282075662690352,5212.2
397,1.88,10.45,1.44,73.76,89.25,138.6688,0.01613445197373087,4148.65
353,2.93,5.35,1.86,77.87,73.46,228.15910000000002,0.025319898540716236,1888.55
909,3.88,4.23,1.53,86.8,87.01,336.784,0.017584183704840394,3845.07
858,2.67,5.14,4.37,77.14,70.68,205.9638,0.06182794824165983,4410.12
649,3.54,4.09,0.68,75.62,72.88,267.69480000000004,0.009330404866848949,2654.41
759,3.1,6.11,2.05,76.72,85.99,237.832,0.02383997862077234,4637.490000000001
791,3.33,6.99,2.7,74.74,72.73,248.8842,0.0371236027604011,5529.09
414,3.93,4.47,1.74,74.46,80.17,292.6278,0.021703876549348064,1850.58
662,2.13,4.17,1.39,74.99,70.86,159.72869999999998,0.019616141742006526,2760.54
1335,1.86,6.58,3.16,83.47,86.26,155.2542,0.036633429557914494,8784.3
1471,4.93,4.57,2.84,76.28,82.17,376.06039999999996,0.03456248818760031,6722.47
886,2.43,5.59,2.4,75.67,86.33,183.87810000000002,0.027800297949693274,4952.74
696,1.67,9.98,1.8,75.68,80.04,126.38560000000001,0.022488752812499648,6946.08
718,2.36,5.76,3.0,79.81,81.8,188.3516,0.0366748121424435,4135.68
780,2.08,5.6,1.29,76.64,76.85,159.4112,0.016785944465069036,4368.0
667,3.03,5.83,2.04,78.38,71.69,237.49139999999997,0.02845584761391441,3888.61
518,2.75,4.46,2.45,78.17,77.88,214.9675,0.031458650300635556,2310.28
549,3.26,5.42,2.08,77.93,87.29,254.05180000000001,0.02382861452301357,2975.58
1076,3.66,5.55,2.29,75.75,69.07,277.245,0.033154765722489404,5971.8
384,2.42,3.04,2.06,77.68,74.4,187.9856,0.02768816832148275,1167.3600000000001
529,2.47,6.93,2.37,80.95,82.52,199.94650000000001,0.028720306747417993,3665.97
458,3.36,4.77,1.89,77.99,76.45,262.04639999999995,0.024722037315626246,2184.66
1261,4.03,7.45,5.96,84.52,73.99,340.61560000000003,0.08055141498156305,9394.45
747,4.98,6.77,2.99,75.58,72.08,376.38840000000005,0.04148168125947818,5057.19
1606,4.47,3.7,1.17,81.97,84.51,366.4059,0.0138445138037494,5942.200000000001
1012,4.74,7.75,1.09,78.24,81.0,370.8576,0.013456788462124883,7843.0
953,4.52,6.59,1.83,76.37,89.38,345.19239999999996,0.020474376765005957,6280.2699999999995
869,3.5,5.06,1.61,76.08,76.07,266.28,0.02116471392602683,4397.139999999999
792,0.06,4.66,3.26,78.15,80.48,4.689,0.04050695321732688,3690.7200000000003
924,3.84,2.27,1.74,76.1,84.6,292.224,0.02056737345539321,2097.48
900,2.29,5.17,0.94,75.77,83.92,173.5133,0.011201142611875284,4653.0
726,4.75,10.86,1.84,76.58,82.2,363.755,0.02238442550067816,7884.36
520,2.71,9.37,5.54,77.5,79.94,210.025,0.06930196781311386,4872.4
711,5.64,6.33,2.64,77.13,75.24,435.0131999999999,0.03508771463480667,4500.63
608,3.83,11.48,2.07,73.3,79.5,280.739,0.026037732573870112,6979.84
851,2.86,6.63,2.49,72.1,76.56,206.206,0.032523506723679894,5642.13
423,2.16,4.68,2.53,76.6,77.4,165.456,0.03268733427812218,1979.6399999999999
854,1.79,4.73,1.85,75.04,72.66,134.32160000000002,0.025461047968476747,4039.4200000000005
618,3.58,8.55,2.4,78.44,79.06,280.8152,0.03035668728096543,5283.900000000001
1087,5.62,8.44,2.14,77.09,67.7,433.24580000000003,0.03161003964401187,9174.279999999999
1002,2.19,6.66,5.41,78.3,78.75,171.47699999999998,0.06869840397480584,6673.32
891,3.8,4.24,1.67,76.58,85.49,291.00399999999996,0.019534446188507873,3777.84
1131,2.51,7.09,2.16,83.94,76.86,210.68939999999998,0.028103040840093567,8018.79
916,2.4,5.69,1.03,76.38,78.24,183.31199999999998,0.013164619994297036,5212.04
695,2.88,3.8,1.14,75.84,82.13,218.4192,0.013880431769093904,2641.0
1057,2.02,7.34,3.38,81.06,70.69,163.7412,0.047814394141406966,7758.38
411,4.72,4.93,2.08,76.13,78.57,359.33359999999993,0.02647320523441451,2026.2299999999998
844,2.14,5.54,2.64,74.12,77.37,158.6168,0.03412174820708954,4675.76
1223,4.8,7.02,3.16,75.88,91.11,364.224,0.03468334599019361,8585.46
488,4.11,6.5,1.18,89.28,70.91,366.9408,0.016640809950527434,3172.0
523,3.89,7.4,1.33,75.84,71.79,295.0176,0.018526254558259566,3870.2000000000003
641,4.31,3.44,0.79,77.36,69.75,333.42159999999996,0.011326163250729283,2205.04
665,2.53,6.43,2.81,76.64,79.56,193.89919999999998,0.03531925146816849,4275.95
691,1.93,7.49,2.44,74.94,80.52,144.6342,0.03030302653961419,5175.59
898,2.84,3.51,1.82,73.9,77.39,209.876,0.02351724725193859,3151.98
795,4.63,4.48,1.9,76.89,83.25,356.0007,0.02282282008134293,3561.6000000000004
1180,2.66,6.63,1.49,78.13,84.47,207.8258,0.017639396514810404,7823.4
637,4.19,6.92,2.61,75.41,78.38,315.96790000000004,0.033299306800292576,4408.04
579,2.62,5.15,1.06,76.66,83.23,200.8492,0.012735790852362027,2981.8500000000004
816,2.83,4.07,1.95,76.52,80.94,216.5516,0.02409191696418125,3321.1200000000003
823,2.31,5.79,1.31,84.16,76.79,194.40959999999998,0.0170595107358366,4765.17
769,3.48,7.09,2.93,75.51,71.4,262.7748,0.04103640881843013,5452.21
1458,3.36,9.51,1.12,76.82,68.92,258.11519999999996,0.016250723120904944,13865.58
629,3.45,10.11,3.07,76.33,69.95,263.3385,0.043888485505577474,6359.19
471,3.67,5.58,2.63,75.78,72.45,278.1126,0.036300892159987275,2628.18
469,2.27,4.81,2.21,78.08,70.34,177.2416,0.03141881839368518,2255.89
967,3.77,10.16,3.45,77.93,74.43,293.7961,0.04635227107990446,9824.72
902,4.2,14.53,2.17,76.17,78.12,319.91400000000004,0.027777774221995104,13106.06
1321,3.51,6.58,1.54,75.67,80.79,265.6017,0.01906176271051334,8692.18
737,3.76,7.73,2.17,75.66,82.87,284.48159999999996,0.02618558873107412,5697.01
830,2.42,5.67,1.34,76.81,87.64,185.8802,0.015289820254470532,4706.1
887,3.95,5.6,2.8,77.14,82.63,304.70300000000003,0.03388599372068332,4967.2
1137,2.72,9.03,1.44,79.43,70.46,216.04960000000003,0.020437124547668953,10267.109999999999
1051,3.93,7.38,2.73,76.61,71.05,301.07730000000004,0.03842363991222521,7756.38
635,4.94,5.52,0.99,76.02,73.76,375.53880000000004,0.013421907074036458,3505.2
617,3.48,2.44,2.86,77.66,73.62,270.2568,0.03884813381579274,1505.48
628,4.33,7.42,1.66,75.89,84.51,328.6037,0.01964264351643077,4659.76
1104,2.68,5.91,2.78,77.95,82.66,208.906,0.033631740426840015,6524.64
963,4.44,4.2,1.14,75.0,75.44,333.00000000000006,0.015111344762547087,4044.6000000000004
854,4.16,1.94,0.99,83.48,86.59,347.27680000000004,0.011433189579259777,1656.76
883,4.12,5.67,4.28,75.46,86.04,310.8952,0.049744299192898744,5006.61
824,2.95,5.08,1.71,75.33,82.07,222.2235,0.0208358692779494,4185.92
747,3.92,3.87,1.45,76.05,65.82,298.116,0.022029774835950346,2890.89
976,2.35,6.91,4.7,75.07,80.97,176.4145,0.058046182778043375,6744.16
459,3.03,6.88,1.41,76.77,76.57,232.61309999999997,0.018414520254078588,3157.92
717,2.58,7.22,2.95,78.01,80.59,201.2658,0.03660503330375564,5176.74
533,1.98,6.49,5.95,76.68,88.99,151.8264,0.06686143759282644,3459.17
498,2.63,5.17,4.3,77.37,72.64,203.4831,0.05919602709305794,2574.66
868,3.82,4.29,1.62,76.99,91.29,294.10179999999997,0.017745643800455273,3723.7200000000003
807,2.13,3.36,1.15,75.35,88.21,160.4955,0.013037069148954862,2711.52
674,4.82,4.55,4.62,85.74,83.96,413.2668,0.05502619639992897,3066.7
419,3.77,4.73,1.58,73.81,73.39,278.26370000000003,0.021528815706660893,1981.8700000000001
686,4.09,5.81,2.51,76.01,88.99,310.8809,0.02820541316941081,3985.66
1068,4.25,5.28,1.76,78.19,71.93,332.3075,0.024468229602637337,5639.04
1529,4.01,6.21,3.06,75.14,89.31,301.3114,0.03426267671451386,9495.09
1217,4.14,5.01,1.77,85.2,84.29,352.728,0.02099892976641004,6097.17
785,2.98,5.88,1.32,74.54,75.57,222.12920000000003,0.017467246596897367,4615.8
817,3.34,8.37,1.7,85.39,86.13,285.2026,0.019737603652896358,6838.289999999999
530,4.6,7.37,3.3,76.47,72.06,351.76199999999994,0.045795164335947214,3906.1
1394,3.04,6.58,1.63,76.3,76.16,231.952,0.021402308114192737,9172.52
764,3.27,5.06,1.9,77.21,80.86,252.4767,0.023497400012688595,3865.8399999999997
539,2.6,8.56,1.92,76.79,75.09,199.65400000000002,0.025569313414660615,4613.84
754,0.37,4.57,2.24,74.08,78.58,27.409599999999998,0.028505977538053257,3445.78
1464,2.4,10.97,2.38,77.05,72.31,184.92,0.032913838623449224,16060.080000000002
599,1.97,3.98,3.25,72.98,70.86,143.7706,0.04586507961260519,2384.02
780,2.21,5.68,3.82,75.11,71.13,165.9931,0.05370447719605269,4430.4
946,4.95,6.77,1.41,77.81,77.32,385.15950000000004,0.01823590038335484,6404.419999999999
583,4.32,4.66,2.79,75.83,90.17,327.5856,0.030941551409387664,2716.78
821,1.87,14.01,3.07,78.29,75.13,146.40230000000003,0.04086249955244249,11502.21
681,2.03,4.55,4.43,74.66,74.72,151.55979999999997,0.059288000630620896,3098.5499999999997
457,2.64,6.53,1.99,76.39,79.83,201.6696,0.0249279688177416,2984.21
684,2.38,4.71,3.1,82.75,89.73,196.945,0.034548084860349396,3221.64
535,4.15,3.91,5.22,84.96,63.29,352.584,0.08247747156304762,2091.85
509,5.02,8.0,3.54,74.64,66.11,374.6928,0.05354711033926632,4072.0
391,2.25,4.02,2.7,81.18,88.86,182.65500000000003,0.03038487166499306,1571.82
863,2.99,9.99,2.05,77.66,84.38,232.20340000000002,0.024294853721870853,8621.37
655,5.73,6.56,2.71,77.19,77.52,442.2987,0.0349587158205991,4296.8
1300,2.27,7.34,1.47,75.69,85.25,171.81629999999998,0.017243399736844606,9542.0
717,2.96,4.52,1.61,75.19,80.6,222.5624,0.01997518362590774,3240.8399999999997
883,4.92,6.53,2.58,77.06,70.61,379.1352,0.036538728715659434,5765.99
813,1.95,1.92,2.01,77.65,76.98,151.41750000000002,0.0261106747063296,1560.96
750,3.78,5.12,0.94,79.01,81.38,298.6578,0.011550748150559332,3840.0
720,3.37,6.57,1.25,77.31,78.72,260.53470000000004,0.01587906302349301,4730.400000000001
510,2.77,7.09,0.85,74.75,68.49,207.0575,0.01241056907423433,3615.9
481,3.12,7.46,2.77,77.61,81.75,242.1432,0.0338837879041238,3588.2599999999998
700,2.49,11.79,3.18,84.14,81.63,209.50860000000003,0.03895626130635045,8253.0
1161,2.35,8.39,1.82,77.58,86.85,182.31300000000002,0.02095566828374574,9740.79
1231,2.71,8.05,2.85,76.66,68.72,207.74859999999998,0.04147263657266639,9909.550000000001
633,3.99,4.93,5.25,75.63,74.6,301.7637,0.07037532568695366,3120.6899999999996
717,5.58,3.73,3.48,77.79,77.26,434.06820000000005,0.04504270708740524,2674.41
633,3.97,8.28,1.18,76.35,75.19,303.10949999999997,0.015693574186251603,5241.24
579,5.67,6.37,1.64,74.9,75.0,424.68300000000005,0.021866663751111497,3688.23
623,2.63,5.06,1.43,78.91,67.26,207.53329999999997,0.02126077590532621,3152.3799999999997
760,2.34,7.1,2.46,78.11,81.08,182.7774,0.030340400796694523,5396.0
793,5.27,5.87,3.51,76.34,84.96,402.3118,0.04131355445932739,4654.91
696,5.12,11.97,1.45,75.8,82.65,388.096,0.01754385752645402,8331.12
720,4.14,7.7,3.33,77.08,76.72,319.1112,0.04340458245508571,5544.0
819,2.54,6.06,2.01,77.6,80.88,197.10399999999998,0.02485162897482332,4963.139999999999
1543,2.06,5.73,5.57,77.38,73.14,159.40279999999998,0.07615530815486626,8841.390000000001
1074,3.6,5.33,2.13,80.29,85.39,289.04400000000004,0.024944369956157633,5724.42
937,2.87,7.05,1.44,77.83,86.01,223.37210000000002,0.016742237327957522,6605.849999999999
699,4.05,4.88,1.45,77.76,70.64,314.928,0.020526610910728917,3411.12
1201,3.93,7.06,2.35,77.23,68.56,303.51390000000004,0.034276541091519674,8479.06
1272,4.06,8.2,3.37,77.59,78.81,315.0154,0.04276106550424242,10430.4
913,4.57,5.18,1.95,85.58,86.37,391.10060000000004,0.02257728116507107,4729.34
1148,3.28,6.77,2.4,75.43,82.92,247.4104,0.02894355656734725,7771.959999999999
766,3.1,7.15,1.89,76.19,79.32,236.189,0.023827531035359173,5476.900000000001
784,3.28,8.19,1.59,77.44,68.66,254.00319999999996,0.02315758474255975,6420.96
883,2.56,5.92,2.5,77.32,81.02,197.9392,0.030856574814049024,5227.36
671,4.18,7.14,2.78,77.19,79.18,322.65419999999995,0.035109871797187185,4790.94
1088,4.38,5.64,2.18,75.89,73.83,332.3982,0.029527288429190245,6136.32
359,2.83,6.7,1.55,77.22,77.78,218.5326,0.019927999494985922,2405.3
427,3.96,5.25,2.72,75.77,82.38,300.0492,0.03301771874026235,2241.75
688,2.96,5.23,2.53,75.03,74.1,222.0888,0.03414304532482519,3598.2400000000002
673,2.53,7.44,2.05,77.08,68.92,195.01239999999999,0.02974462714094208,5007.12
512,2.56,5.55,4.38,77.89,81.2,199.3984,0.05394088005654186,2841.6
712,5.14,5.78,1.84,82.71,83.68,425.1293999999999,0.021988525096973577,4115.360000000001
665,3.11,7.54,2.73,75.1,69.24,233.56099999999998,0.03942807056209264,5014.1
438,4.08,7.8,4.05,83.14,80.29,339.2112,0.05044214093384718,3416.4
840,3.21,2.81,1.83,79.73,72.04,255.9333,0.025402550610417737,2360.4
686,3.07,3.9,0.94,77.42,74.59,237.6794,0.012602223809864081,2675.4
673,4.59,2.33,1.71,75.84,74.28,348.1056,0.02302099851628991,1568.0900000000001
795,2.02,7.5,1.68,74.76,78.54,151.01520000000002,0.021390371608050466,5962.5
663,2.24,2.92,2.1,73.87,76.51,165.46880000000002,0.027447388910287685,1935.96
1024,3.84,3.45,5.7,86.73,84.58,333.0432,0.06739181042896543,3532.8
913,2.12,4.4,2.8,76.69,79.76,162.5828,0.035105311546475476,4017.2000000000003
655,4.16,8.47,3.38,81.71,78.81,339.9136,0.0428879529389731,5547.85
908,3.64,6.48,6.83,77.85,81.34,283.37399999999997,0.08396851684675229,5883.84
706,4.96,5.63,1.82,75.09,78.74,372.44640000000004,0.02311404329260309,3974.7799999999997
751,2.93,4.64,2.47,85.2,91.18,249.63600000000002,0.027089270992622178,3484.64
1055,2.95,10.17,2.99,76.86,83.7,226.73700000000002,0.035722815325828515,10729.35
422,2.81,1.85,3.47,75.99,74.17,213.53189999999998,0.04678440787590564,780.7
484,2.01,5.09,2.98,80.81,80.22,162.4281,0.03714783879982064,2463.56
512,3.49,4.11,3.72,76.75,71.97,267.8575,0.05168819623618227,2104.32
869,2.44,5.09,3.26,74.38,87.45,181.48719999999997,0.03727844056278552,4423.21
1606,2.1,4.4,2.06,78.49,71.12,164.829,0.028965125286118488,7066.400000000001
874,2.83,7.61,2.38,77.23,73.51,218.5609,0.03237654300414324,6651.14
368,3.13,12.24,2.17,74.97,93.26,234.65609999999998,0.023268279726755336,4504.32
1157,2.41,6.08,4.76,76.26,78.18,183.78660000000002,0.06088512907583408,7034.56
1424,2.77,7.11,2.26,76.86,79.37,212.9022,0.028474231009924272,10124.640000000001
1006,3.35,6.53,1.74,76.12,75.1,255.002,0.023169104771091242,6569.18
616,3.94,3.37,3.76,77.33,80.93,304.6802,0.04645989787966169,2075.92
567,4.76,7.44,2.63,83.94,78.92,399.5544,0.03332488173785077,4218.4800000000005
870,5.11,9.07,2.96,77.59,82.96,396.48490000000004,0.035679841407926544,7890.900000000001
1087,2.42,5.12,2.49,74.21,85.46,179.58819999999997,0.029136434690330604,5565.4400000000005
836,2.68,5.92,2.27,74.55,78.47,199.794,0.02892824914894238,4949.12
1215,1.97,16.76,1.21,77.66,83.38,152.9902,0.01451187161047354,20363.4
1118,4.78,11.88,4.8,84.31,80.78,403.00180000000006,0.05942064131955418,13281.84
626,3.8,6.59,1.46,76.92,75.85,292.296,0.01924851427178454,4125.34
1128,2.89,11.84,1.28,75.79,77.27,219.03310000000002,0.016565288395847238,13355.52
480,2.78,4.36,1.45,76.84,87.05,213.6152,0.016657091710845295,2092.8
539,2.58,7.81,1.22,74.36,70.82,191.8488,0.017226769665804904,4209.59
922,3.47,9.3,1.92,76.82,65.11,266.5654,0.029488553296182874,8574.6
940,2.86,4.85,5.07,75.44,79.64,215.7584,0.06366146865124703,4559.0
654,4.22,7.34,1.51,76.23,73.26,321.6906,0.020611517798045615,4800.36
705,2.74,10.4,3.56,76.47,85.65,209.5278,0.04156450186053685,7332.0
707,2.31,7.43,5.66,76.91,79.12,177.6621,0.07153689692405246,5253.01
591,2.53,7.87,1.31,82.88,85.63,209.68639999999996,0.015298374950557638,4651.17
692,2.85,7.52,3.89,76.12,76.14,216.942,0.0510900904793682,5203.84
631,3.18,4.59,2.06,74.69,75.29,237.51420000000002,0.027360867663585114,2896.29
733,4.43,3.63,2.41,76.8,75.49,340.224,0.03192475401712094,2660.79
414,0.76,16.35,1.35,76.56,82.85,58.1856,0.016294506180506197,6768.900000000001
591,4.28,6.92,1.64,75.96,79.27,325.1088,0.020688782554713944,4089.72
1106,4.59,6.96,1.44,74.71,70.11,342.91889999999995,0.020539149830387984,7697.76
761,4.54,10.23,1.08,75.18,79.53,341.3172,0.013579779507131962,7785.030000000001
589,4.47,4.1,4.74,78.2,86.92,349.554,0.05453289754568597,2414.8999999999996
1080,2.69,4.28,1.64,77.68,78.0,208.9592,0.021025638330046365,4622.400000000001
471,3.47,7.2,4.41,77.59,84.93,269.2373,0.051925108686552604,3391.2000000000003
447,3.66,10.71,3.18,75.23,85.18,275.34180000000003,0.03733270282546339,4787.370000000001
783,3.09,8.31,1.43,77.66,79.43,239.96939999999998,0.018003271055864148,6506.7300000000005
417,2.39,3.73,1.78,75.84,79.15,181.25760000000002,0.022488942199754617,1555.41
630,2.65,9.48,0.99,78.52,84.07,208.07799999999997,0.011775899634126367,5972.400000000001
1383,2.27,8.7,2.21,77.57,87.58,176.0839,0.025234068824609632,12032.099999999999
997,2.26,6.99,1.2,79.96,72.04,180.70959999999997,0.016657410236339498,6969.030000000001
746,3.05,9.01,2.3,75.81,77.9,231.2205,0.029525028302307015,6721.46
974,3.39,11.44,2.47,77.02,83.04,261.0978,0.029744697766775317,11142.56
521,5.02,6.8,2.74,75.99,76.48,381.46979999999996,0.03582635514822762,3542.7999999999997
627,2.62,5.33,2.99,77.14,78.01,202.10680000000002,0.03832841452013658,3341.91
627,4.22,5.27,3.05,74.09,80.02,312.6598,0.038115466368974456,3304.2899999999995
479,3.46,6.51,4.74,77.92,79.8,269.6032,0.059398488797181855,3118.29
779,3.55,9.68,1.32,73.47,87.23,260.8185,0.015132406840260593,7540.719999999999
815,5.71,5.51,2.28,77.79,88.95,444.1809,0.025632374858642507,4490.65
601,1.87,6.72,1.58,75.35,83.06,140.90449999999998,0.019022391160318907,4038.72
576,3.13,8.54,2.15,76.08,92.57,238.13039999999998,0.02322566455377935,4919.039999999999
452,2.9,8.87,2.71,76.56,73.31,222.024,0.03696630241900117,4009.24
415,4.45,9.23,1.89,76.45,81.26,340.20250000000004,0.02325867299302572,3830.4500000000003
702,3.95,10.32,2.86,75.99,72.98,300.1605,0.03918881348467888,7244.64
764,4.3,7.41,1.85,77.11,74.75,331.573,0.024749160568674173,5661.24
555,3.78,5.82,1.82,74.42,70.43,281.3076,0.025841257157282808,3230.1000000000004
681,3.79,3.76,1.75,78.27,76.27,296.6433,0.022944798355211963,2560.56
1143,1.83,5.0,1.07,77.04,81.99,140.9832,0.013050370404882255,5715.0
1605,3.36,6.72,2.67,76.43,94.81,256.8048,0.028161583360238013,10785.6
993,2.7,9.31,1.62,77.01,88.29,207.92700000000002,0.018348621774989037,9244.83
643,2.95,6.33,3.37,77.51,87.59,228.65450000000004,0.038474707332491455,4070.19
530,3.2,5.9,3.13,78.07,79.4,249.82399999999998,0.039420649947021415,3127.0
801,3.59,7.86,3.55,74.26,84.16,266.59340000000003,0.042181553923294444,6295.860000000001
647,3.49,4.36,2.86,76.5,90.32,266.985,0.03166518692812368,2820.92
768,2.96,5.4,2.2,75.29,93.73,222.85840000000002,0.02347167145293167,4147.200000000001
728,4.03,7.35,1.16,73.26,64.69,295.23780000000005,0.01793167136625887,5350.8
825,2.99,16.34,2.81,76.41,77.31,228.4659,0.036347169014723964,13480.5
1292,0.19,3.44,2.8,83.43,79.76,15.851700000000001,0.035105311546475476,4444.48
473,2.63,15.83,3.27,75.18,74.67,197.7234,0.04379268196160681,7487.59
965,2.2,5.7,1.8,77.99,74.3,171.578,0.024226107102811964,5500.5
1321,2.28,8.13,1.47,78.25,78.72,178.41,0.01867377811562778,10739.730000000001
903,2.27,4.57,1.54,74.35,73.58,168.7745,0.02092959759043251,4126.71
603,2.71,7.45,1.29,76.64,81.44,207.6944,0.015839880176832,4492.35
787,4.31,5.83,3.81,85.3,81.37,367.643,0.04682314774202436,4588.21
971,2.96,7.17,1.07,80.9,78.27,239.46400000000003,0.013670625569103671,6962.07
812,4.05,5.29,2.46,75.22,77.22,304.64099999999996,0.03185702773154264,4295.4800000000005
422,2.66,17.18,2.28,77.39,81.11,205.8574,0.028109970643574077,7249.96
407,2.88,8.86,2.5,77.32,78.54,222.68159999999997,0.031830910131027484,3606.02
487,4.65,5.29,2.94,75.32,71.84,350.238,0.0409242704726795,2576.23
718,3.88,4.46,1.5,76.12,74.73,295.3456,0.02007225745052088,3202.28
683,5.41,10.9,3.89,77.43,69.17,418.89630000000005,0.05623824544770197,7444.7
533,0.23,5.38,2.01,82.11,78.47,18.8853,0.02561488140501065,2867.54
518,1.01,5.05,3.46,77.04,72.03,77.8104,0.04803553407808773,2615.9
1181,2.24,4.89,1.58,86.76,80.48,194.34240000000003,0.019632204320054133,5775.089999999999
948,2.6,4.4,1.28,77.15,77.54,200.59000000000003,0.016507606847097386,4171.200000000001
727,3.38,6.1,3.02,75.25,79.41,254.345,0.0380304699621622,4434.7
709,1.81,5.42,2.74,75.06,71.77,135.8586,0.03817750617562963,3842.7799999999997
664,3.96,14.64,3.35,76.06,75.33,301.1976,0.04447098838829306,9720.960000000001
466,3.24,6.14,2.3,75.36,82.99,244.1664,0.0277141790921582,2861.24
892,2.35,7.28,1.74,75.01,76.26,176.2735,0.022816676787742355,6493.76
861,2.55,7.99,3.07,76.69,83.0,195.55949999999999,0.03698794735084971,6879.39
873,2.4,4.0,2.94,76.95,81.08,184.68,0.0362604790009276,3492.0
1360,2.21,4.66,3.33,75.34,78.77,166.50140000000002,0.042274972416532636,6337.6
701,3.07,2.88,1.53,76.37,77.33,234.4559,0.019785333016250743,2018.8799999999999
1135,5.5,7.55,1.05,76.43,77.71,420.365,0.013511772807647305,8569.25
711,3.38,10.25,3.08,73.55,80.53,248.599,0.03824661141852584,7287.75
431,2.65,4.26,2.47,77.42,75.0,205.163,0.03293332894222281,1836.06
807,4.06,2.59,2.67,77.1,72.91,313.02599999999995,0.03662048599362419,2090.13
688,2.3,5.34,1.27,73.52,81.86,169.09599999999998,0.015514290799622429,3673.92
532,3.95,4.59,2.67,75.02,73.54,296.329,0.03630676688784785,2441.88
1294,3.18,4.78,2.2,74.66,70.73,237.4188,0.031104194669278287,6185.320000000001
1111,2.66,7.28,2.77,79.06,80.62,210.29960000000003,0.0343587156588048,8088.08
800,4.57,11.16,2.49,75.6,82.31,345.492,0.030251484600718675,8928.0
129,3.21,7.38,1.02,85.67,85.25,275.0007,0.011964807980667685,952.02
1324,5.19,4.24,0.75,77.48,81.37,402.12120000000004,0.00921715506732763,5613.76
486,2.57,5.84,2.91,76.31,70.87,196.11669999999998,0.04106109199081529,2838.24
427,2.18,6.66,1.6,75.84,71.19,165.33120000000002,0.02247506356580088,2843.82
1003,2.84,11.46,2.06,76.84,88.57,218.2256,0.023258437026257534,11494.380000000001
673,3.36,6.79,2.67,76.31,89.4,256.4016,0.02986576847139055,4569.67
1551,2.93,7.51,0.91,86.14,73.24,252.39020000000002,0.012424902727348072,11648.01
679,0.88,5.31,2.87,75.94,74.1,66.8272,0.03873143876768708,3605.49
1048,3.28,8.66,1.4,78.13,68.65,256.2664,0.020393296373882534,9075.68
631,2.14,4.96,2.26,76.65,88.51,164.03100000000003,0.0255338350995554,3129.7599999999998
929,1.68,4.04,1.48,76.59,83.39,128.6712,0.017747929278339215,3753.16
653,3.17,5.96,1.5,76.02,80.28,240.9834,0.018684601558968415,3891.88
1487,3.67,6.27,1.96,77.46,82.47,284.27819999999997,0.023766215136872177,9323.49
1674,4.13,10.1,2.52,78.61,84.45,324.6593,0.029840138562446588,16907.399999999998
684,4.91,4.54,1.85,72.32,87.28,355.09119999999996,0.021196147892283697,3105.36
521,3.01,5.25,2.18,73.53,70.71,221.3253,0.030830146962219356,2735.25
580,2.24,5.24,1.47,76.88,87.1,172.21120000000002,0.016877150760373046,3039.2000000000003
675,2.7,5.09,2.61,75.78,83.02,204.60600000000002,0.031438203873981704,3435.75
732,2.98,5.87,3.22,76.93,79.85,229.25140000000002,0.040325605469554736,4296.84
713,4.24,3.57,2.35,76.49,80.17,324.31759999999997,0.02931270683388963,2545.41
740,4.85,6.8,2.44,75.07,80.65,364.08949999999993,0.030254180997621696,5032.0
763,4.32,4.03,2.81,86.6,71.44,374.112,0.03933370110110567,3074.8900000000003
1448,2.32,6.83,1.65,77.23,79.92,179.1736,0.020645643062356972,9889.84
1169,0.37,9.07,1.63,77.85,83.75,28.804499999999997,0.019462684243261582,10602.83
1253,4.01,4.16,2.4,75.03,76.42,300.8703,0.0314053871492558,5212.4800000000005
915,3.35,6.57,1.87,77.62,90.04,260.02700000000004,0.02076854500571468,6011.55
1267,2.17,9.14,2.76,76.77,72.56,166.59089999999998,0.03803748097609137,11580.380000000001
465,3.38,9.86,2.22,76.82,82.98,259.6516,0.026753431338463324,4584.9
1411,4.68,4.24,2.35,78.2,73.16,365.976,0.03212137341151266,5982.64
517,1.81,7.39,2.85,81.28,83.66,147.1168,0.03406645540683058,3820.6299999999997
1095,5.16,7.17,1.91,74.96,74.43,386.79359999999997,0.025661692105106524,7851.15
1282,2.9,10.19,2.9,77.81,74.61,225.649,0.038868779135668254,13063.58
815,2.44,6.88,1.3,74.43,74.84,181.60920000000002,0.017370387844683612,5607.2
828,4.09,5.5,1.52,82.7,75.7,338.243,0.020079257585302827,4554.0
1402,3.82,8.8,4.07,78.39,77.92,299.4498,0.05223305284483408,12337.6
881,5.26,7.09,2.78,84.81,85.47,446.1006,0.03252602872048336,6246.29
823,2.98,6.58,2.49,77.89,77.84,232.1122,0.03198869064893491,5415.34
591,2.62,4.99,1.59,75.06,69.56,196.65720000000002,0.02285796106124769,2949.09
873,4.85,6.68,1.83,84.29,81.68,408.8065,0.022404502643914952,5831.639999999999
766,4.85,6.41,3.06,75.17,81.44,364.5745,0.03757366925667126,4910.06
1006,4.04,6.96,1.1,84.88,85.87,342.91519999999997,0.012810060229409545,7001.76
1553,3.4,5.52,3.65,77.02,71.56,261.868,0.05100614155867222,8572.56
794,3.09,2.93,3.13,86.71,82.66,267.9339,0.03786595235108246,2326.42
736,4.81,8.49,3.0,75.81,67.82,364.6461,0.04423473249266699,6248.64
630,2.28,6.16,1.28,77.58,75.63,176.8824,0.016924498621645034,3880.8
957,3.49,6.49,1.41,79.87,84.04,278.7463,0.016777722896510836,6210.93
611,4.35,9.85,6.78,77.11,76.42,335.4285,0.08872021869664765,6018.349999999999
710,2.1,7.91,1.32,75.52,84.48,158.59199999999998,0.015624998150450028,5616.1
888,3.24,7.59,2.65,88.05,84.49,285.282,0.03136465482723934,6739.92
647,4.72,7.57,2.67,74.67,74.62,352.44239999999996,0.03578128708371923,4897.79
1020,3.44,5.4,2.19,74.71,86.61,257.00239999999997,0.02528576084912125,5508.0
724,4.53,5.5,3.07,85.31,72.67,386.45430000000005,0.04224576272935699,3982.0
1289,4.77,4.69,2.69,77.9,76.12,371.58299999999997,0.03533893387559985,6045.410000000001
458,3.04,3.49,1.47,78.44,72.14,238.45759999999999,0.02037704181077879,1598.42
1437,2.5,8.96,2.6,77.94,81.02,194.85,0.03209083780661098,12875.52
576,2.93,5.55,1.27,83.4,75.33,244.36200000000002,0.016859150821830503,3196.7999999999997
755,3.21,6.86,4.85,76.39,80.89,245.21189999999999,0.05995796019805164,5179.3
1071,4.82,1.54,2.56,80.71,81.52,389.0222,0.031403332752289896,1649.3400000000001
577,3.67,3.36,1.8,76.49,84.91,280.7183,0.021198914003189965,1938.72
617,3.4,4.79,1.33,78.27,78.56,266.118,0.016929733079209128,2955.43
680,5.45,4.72,3.48,77.61,88.12,422.97450000000003,0.03949159787884726,3209.6
731,4.93,8.35,2.25,77.65,91.55,382.8145,0.024576731340608265,6103.849999999999
803,2.66,6.04,1.34,80.93,83.3,215.27380000000002,0.016086432642685156,4850.12
526,3.78,5.07,3.2,77.1,73.13,291.438,0.04375768579821061,2666.82
555,3.92,5.64,2.97,74.98,83.34,293.9216,0.035637144751962474,3130.2
787,2.78,9.59,3.03,77.72,70.02,216.06159999999997,0.04327334429115334,7547.33
481,2.71,4.37,2.33,78.33,85.77,212.27429999999998,0.027165672476894897,2101.9700000000003
1489,2.68,3.25,3.04,76.95,74.26,206.22600000000003,0.04093724199606221,4839.25
753,2.23,8.25,1.43,81.76,74.98,182.3248,0.01907174992374634,6212.25
1003,3.8,10.28,6.86,75.51,85.11,286.938,0.0806015649628052,10310.84
982,3.57,9.09,2.84,75.78,84.21,270.5346,0.03372520677767406,8926.38
890,4.09,5.65,1.9,77.05,79.93,315.1345,0.02377079647556656,5028.5
577,3.82,6.02,1.38,81.27,78.76,310.4514,0.017521582336010366,3473.54
803,3.39,6.17,1.74,76.93,71.6,260.7927,0.024301672583565283,4954.51
555,3.26,3.51,2.69,75.78,76.94,247.0428,0.034962303748075935,1948.05
1214,4.1,6.3,4.38,78.05,81.55,320.00499999999994,0.05370937416194063,7648.2
1111,2.91,7.2,1.44,76.78,72.26,223.4298,0.019928034884025062,7999.2
483,2.06,7.08,1.76,76.41,69.52,157.4046,0.025316452054595505,3419.64
754,4.52,2.62,2.59,75.67,76.59,342.0284,0.033816420705520205,1975.48
469,3.28,7.38,2.73,77.02,75.23,252.62559999999996,0.036288709784831875,3461.22
1281,3.02,6.22,3.07,75.57,87.54,228.2214,0.035069678424756855,7967.82
885,4.57,7.81,0.68,80.07,85.81,365.9199,0.007924483402344319,6911.849999999999
490,3.95,4.82,2.36,76.04,72.71,300.35800000000006,0.0324577042418231,2361.8
1029,4.43,5.32,2.05,74.88,71.47,331.7184,0.028683359635740917,5474.280000000001
708,4.92,6.3,1.29,77.31,87.45,380.3652,0.01475128476257464,4460.4
1062,2.79,7.1,2.44,75.81,73.44,211.50990000000002,0.033224396347440587,7540.2
809,4.19,16.42,2.53,79.25,77.34,332.0575,0.0327126929515525,13283.78
222,2.8,3.89,1.59,77.84,67.62,217.952,0.023513749850081356,863.58
703,2.41,5.86,2.69,76.01,88.2,183.18410000000003,0.030498862755230977,4119.58
736,3.91,2.0,3.12,83.41,78.15,326.1331,0.03992321945960083,1472.0
654,2.8,5.34,1.73,78.4,72.27,219.52,0.02393800692707805,3492.36
485,2.62,6.33,2.82,73.01,68.71,191.2862,0.04104205486216637,3070.05
1032,3.97,6.87,1.45,88.35,89.91,350.7495,0.01612723655575169,7089.84
1448,3.55,3.25,1.9,87.74,81.74,311.477,0.023244430726152347,4706.0
1038,2.97,11.13,3.24,76.05,82.03,225.8685,0.03949773991250275,11552.94
682,1.88,6.25,1.58,82.26,78.37,154.6488,0.020160773234557453,4262.5
1052,2.89,5.32,1.89,74.47,75.36,215.2183,0.02507961450642058,5596.64
1373,3.74,7.11,3.35,75.76,88.15,283.34240000000005,0.03800339897862745,9762.03
1175,4.27,3.99,1.98,77.31,69.84,330.1137,0.02835051140456595,4688.25
1173,3.07,12.5,3.81,87.67,87.67,269.1469,0.043458418677036766,14662.5
678,3.71,4.83,2.05,74.54,88.96,276.5434,0.023044062157816753,3274.7400000000002
1114,4.35,6.6,1.91,75.26,67.34,327.381,0.028363524151540812,7352.4
900,5.53,4.42,2.8,73.78,80.4,408.0034,0.03482586631519075,3978.0
762,2.0,9.2,1.86,77.63,75.78,155.26,0.024544731519565648,7010.4
740,5.66,5.41,1.77,76.15,75.51,431.00900000000007,0.023440600789219865,4003.4
1040,2.41,4.03,2.31,77.64,78.23,187.1124,0.02952831017150579,4191.2
1073,3.21,6.74,4.4,75.8,80.93,243.31799999999998,0.05436796560385943,7232.02
560,4.7,6.73,3.25,75.65,73.77,355.55500000000006,0.04405584328916317,3768.8
696,1.24,5.82,1.53,78.34,73.99,97.1416,0.02067846726875696,4050.7200000000003
553,4.66,2.71,3.39,77.54,82.95,361.3364,0.04086798783990502,1498.6299999999999
720,2.7,4.81,2.53,76.4,77.7,206.28000000000003,0.032561128370511144,3463.2
833,5.34,4.18,1.89,77.41,66.97,413.3694,0.028221587543439217,3481.9399999999996
831,4.0,6.21,2.33,75.1,68.89,300.4,0.03382203021889531,5160.51
724,2.06,5.52,3.31,74.28,87.26,153.01680000000002,0.03793261082596713,3996.4799999999996
359,4.5,5.53,2.54,78.45,82.12,353.02500000000003,0.03093034206888187,1985.27
657,3.87,4.41,3.27,73.57,81.37,284.7159,0.040186796093548464,2897.37
861,2.39,3.26,1.07,75.01,77.47,179.27390000000003,0.013811796332542103,2806.8599999999997
610,4.43,3.66,1.92,77.7,70.94,344.211,0.027065121642920544,2232.6
1280,3.42,7.51,1.57,79.94,85.2,273.3948,0.01842722788412818,9612.8
799,3.67,6.75,2.84,75.64,71.18,277.5988,0.03989884238566417,5393.25
1002,2.53,4.74,3.36,77.87,73.2,197.0111,0.04590163307354739,4749.4800000000005
609,3.33,8.85,1.8,76.57,93.6,254.97809999999998,0.01923076717620009,5389.65
549,4.14,5.67,2.72,78.42,88.3,324.6588,0.03080407352162248,3112.83
692,3.63,7.16,1.38,84.68,78.65,307.3884,0.017546088042455426,4954.72
604,2.31,7.9,1.9,73.13,75.28,168.9303,0.025239103979927735,4771.6
485,4.25,8.58,2.66,77.28,74.62,328.44,0.03564727477254425,4161.3
590,2.01,4.71,1.69,77.95,83.24,156.6795,0.020302736628695743,2778.9
1569,2.98,2.97,2.59,75.34,85.9,224.5132,0.03015133525595631,4659.93
622,3.57,4.02,1.18,77.26,79.31,275.8182,0.0148783236819665,2500.4399999999996
386,3.59,9.4,1.96,76.71,72.29,275.3889,0.027113013264211745,3628.4
793,2.81,7.7,1.51,78.42,83.33,220.36020000000002,0.01812072265441946,6106.1
686,2.42,5.58,1.09,74.62,75.84,180.5804,0.014372360974108522,3827.88
932,4.76,3.44,2.29,76.01,70.24,361.80760000000004,0.03260250105317468,3206.08
656,2.68,6.34,2.53,75.81,66.33,203.1708,0.03814261448174061,4159.04
681,3.46,1.61,3.89,81.31,79.79,281.3326,0.04875297045331865,1096.41
617,5.85,8.24,2.48,76.06,69.24,444.95099999999996,0.035817441389739836,5084.08
739,5.31,6.71,0.99,83.92,83.25,445.61519999999996,0.011891890463436581,4958.69
459,2.05,9.94,2.4,75.08,81.26,153.914,0.029534822848286624,4562.46
908,4.31,6.31,1.24,78.29,74.12,337.4299,0.016729625373768837,5729.48
735,3.26,4.98,1.63,87.95,73.23,286.717,0.022258634131007215,3660.3
479,2.75,4.29,1.95,77.15,77.4,212.16250000000002,0.0251937951946001,2054.91
901,2.82,5.3,1.69,77.08,79.7,217.36559999999997,0.02120451427797813,4775.3
896,2.72,9.11,2.08,76.44,78.94,207.9168,0.02634912258055199,8162.5599999999995
549,3.41,8.03,2.9,76.0,85.4,259.16,0.03395784145692723,4408.469999999999
923,2.87,6.55,2.65,85.45,86.43,245.24150000000003,0.030660646689731952,6045.65
802,0.27,10.21,2.23,74.68,87.35,20.163600000000002,0.025529476184375937,8188.420000000001
1341,4.63,6.19,1.5,76.93,78.88,356.1859,0.01901622476974838,8300.79
652,2.65,3.05,6.28,77.92,75.07,206.488,0.08365524395161264,1988.6
1233,1.7,3.33,3.54,76.6,83.58,130.22,0.042354625226773725,4105.89
605,2.93,3.36,2.86,76.58,78.94,224.3794,0.03623004354825898,2032.8
518,4.69,10.47,2.51,86.52,78.25,405.7788,0.03207667321703856,5423.46
607,4.07,5.13,3.31,82.85,85.33,337.1995,0.03879057321099576,3113.91
750,2.26,7.76,1.53,76.32,86.93,172.48319999999998,0.01760036608761462,5820.0
963,2.0,5.83,4.72,78.27,87.82,156.54,0.053746293128411164,5614.29
502,4.16,6.76,1.23,76.62,81.76,318.73920000000004,0.015044029471131422,3393.52
1177,3.1,8.71,1.25,76.19,88.17,236.189,0.014177156155477355,10251.670000000002
630,3.65,7.47,1.24,77.98,89.41,284.627,0.013868693225736134,4706.099999999999
1177,4.57,14.19,1.62,76.06,69.88,347.59420000000006,0.023182595423211876,16701.63
1364,5.58,5.27,2.26,76.73,83.69,428.15340000000003,0.027004417851067285,7188.28
608,4.87,4.43,3.91,76.21,70.24,371.1427,0.05566627909079171,2693.4399999999996
697,1.91,6.0,2.99,76.32,82.3,145.7712,0.03633049376300197,4182.0
662,4.2,5.26,1.88,76.39,86.46,320.838,0.02174415663380099,3482.12
541,3.1,6.22,1.36,77.94,78.84,241.614,0.017250124651176476,3365.02
559,5.21,8.69,3.1,75.47,67.49,393.1987,0.04593272396907335,4857.71
851,2.32,3.45,2.15,81.94,71.52,190.1008,0.03006151704956417,2935.9500000000003
973,2.18,5.79,1.62,74.07,90.89,161.4726,0.01782374102500374,5633.67
1042,3.57,2.86,1.17,75.9,78.51,270.963,0.01490255828524286,2980.12
499,2.72,6.7,2.14,79.86,74.98,217.2192,0.028540940445326693,3343.3
627,1.97,8.79,2.47,75.93,71.02,149.58210000000003,0.034778930614062155,5511.329999999999
748,4.4,4.75,1.98,82.99,77.25,365.156,0.025631064643227876,3553.0
487,3.38,5.77,1.68,77.37,74.62,261.5106,0.022514068277396368,2809.99
739,4.13,5.39,1.72,75.1,75.06,310.16299999999995,0.022914998279376726,3983.2099999999996
604,0.09,5.45,3.43,74.33,78.27,6.689699999999999,0.04382265953460336,3291.8
833,2.95,4.88,1.65,76.05,72.08,224.3475,0.02289122878867525,4065.04
669,3.85,4.77,1.98,76.95,78.37,296.2575,0.025264766458496048,3191.1299999999997
845,2.98,7.61,1.84,76.93,84.42,229.25140000000002,0.02179578040798621,6430.45
768,3.08,5.31,1.14,77.04,80.91,237.28320000000002,0.014089727587476505,4078.08
432,2.81,5.36,1.09,77.5,73.61,217.775,0.014807768671679301,2315.52
1096,3.77,6.13,1.75,76.82,81.84,289.6114,0.02138318409296382,6718.48
1176,2.59,6.91,2.29,76.88,86.55,199.11919999999998,0.026458691339261545,8126.16
1070,2.82,5.92,2.45,88.42,92.28,249.34439999999998,0.026549628679060612,6334.4
638,2.89,2.94,3.78,77.11,79.04,222.8479,0.04782388058908393,1875.72
663,2.43,6.31,2.51,81.15,79.01,197.19450000000003,0.03176812659560478,4183.53
1099,3.78,6.52,0.92,78.13,78.43,295.3314,0.011730203782965219,7165.48
786,4.64,16.62,2.95,75.53,68.03,350.45919999999995,0.0433632157337622,13063.320000000002
846,3.16,8.58,6.3,77.35,75.15,244.426,0.08383232417400875,7258.68
554,2.51,7.58,3.04,75.66,88.36,189.90659999999997,0.03440470411897871,4199.32
1127,4.42,7.8,1.74,75.78,73.22,334.9476,0.02376399566184162,8790.6
921,5.39,7.96,1.57,77.35,66.96,416.9164999999999,0.02344683042908745,7331.16
701,3.15,5.83,3.1,76.92,87.23,242.298,0.035538228185460485,4086.83
428,3.7,11.26,2.41,88.69,75.89,328.153,0.03175648547153967,4819.28
695,2.34,4.1,2.21,76.68,70.95,179.43120000000002,0.03114869187474392,2849.4999999999995
1159,3.96,4.24,2.12,75.12,78.75,297.47520000000003,0.026920631502142033,4914.16
822,2.48,8.63,2.07,74.36,68.61,184.4128,0.030170524679999314,7093.860000000001
780,3.71,4.31,2.97,75.71,74.31,280.8841,0.039967697487862,3361.7999999999997
609,2.8,6.8,2.75,81.2,70.25,227.35999999999999,0.03914590190093923,4141.2
1855,2.66,5.4,1.51,74.72,87.34,198.7552,0.017288754603989626,10017.0
591,2.76,5.21,2.17,78.62,81.32,216.9912,0.026684699128787615,3079.11
1097,3.6,6.71,3.77,78.04,70.48,280.944,0.053490344283435826,7360.87
758,4.38,5.82,2.97,81.24,77.64,355.83119999999997,0.038253472661840204,4411.56
629,3.44,5.46,2.25,75.29,79.08,258.99760000000003,0.028452196705589693,3434.34
779,4.71,10.26,1.49,76.23,75.54,359.0433,0.019724646581328224,7992.54
759,3.5,6.16,2.01,77.15,72.81,270.02500000000003,0.027606094271927714,4675.4400000000005
836,3.96,4.93,3.71,74.4,84.1,294.624,0.044114144576201594,4121.48
1035,3.5,10.84,2.52,76.68,79.04,268.38,0.03188258705938928,11219.4
608,2.65,9.5,5.88,76.8,82.37,203.51999999999998,0.07138520439660016,5776.0
693,5.62,5.71,1.86,75.95,66.75,426.839,0.027865164364769383,3957.03
609,2.25,9.82,1.47,73.93,77.87,166.34250000000003,0.018877614116140473,5980.38
466,2.71,3.72,2.26,75.65,83.38,205.0115,0.027104818049314215,1733.52
521,3.52,4.56,1.61,76.96,83.07,270.8992,0.019381242400235657,2375.7599999999998
574,4.23,8.23,3.1,74.97,75.88,317.1231,0.04085397458434705,4724.02
586,3.84,10.69,0.37,73.86,80.7,283.62239999999997,0.0045848817119105685,6264.34
816,2.62,7.52,1.54,75.15,84.15,196.89300000000003,0.01830065142000577,6136.32
918,3.23,5.49,1.54,74.21,74.52,239.6983,0.020665590356200973,5039.820000000001
762,3.28,6.91,2.35,84.01,86.03,275.5528,0.0273160493646345,5265.42
639,3.64,4.87,2.67,78.24,73.67,284.79359999999997,0.03624269903044672,3111.9300000000003
476,2.99,15.13,1.14,75.73,74.31,226.43270000000004,0.01534113640948238,7201.88
487,2.29,5.33,1.93,75.86,82.0,173.7194,0.023536582495538718,2595.71
467,3.68,7.98,1.06,78.62,83.21,289.32160000000005,0.012738851972256705,3726.6600000000003
859,4.61,5.66,2.18,75.05,72.11,345.9805,0.030231586433007013,4861.9400000000005
915,2.66,9.74,0.82,76.86,72.65,204.44760000000002,0.011286990875844337,8912.1
915,5.08,5.75,1.8,75.68,81.82,384.4544,0.02199950843320601,5261.25
509,2.27,5.52,2.55,75.22,75.05,170.7494,0.033977343907082756,2809.68
1245,2.03,4.97,2.47,85.52,83.88,173.60559999999998,0.029446825292462415,6187.65
798,2.76,3.56,3.51,75.45,78.62,208.242,0.04464512278744304,2840.88
770,2.96,2.24,2.31,74.53,80.91,220.6088,0.028550237479886605,1724.8000000000002
756,2.24,6.41,2.2,75.02,76.17,168.0448,0.02888275845047152,4845.96
462,4.37,17.01,4.74,77.44,75.75,338.4128,0.06257424916511563,7858.620000000001
935,2.94,6.17,3.16,75.17,67.18,220.9998,0.04703780186993124,5768.95
845,3.13,8.75,3.81,75.68,79.78,236.8784,0.047756323921242926,7393.75
502,2.23,6.61,2.45,75.35,74.58,168.0305,0.0328506257910129,3318.2200000000003
644,3.77,4.19,3.36,78.61,89.64,296.3597,0.037483262217396,2698.36
1011,4.67,7.38,2.9,75.32,70.77,351.7444,0.04097780966824789,7461.18
437,4.1,2.99,1.14,78.92,74.85,323.572,0.01523045888704624,1306.63
563,3.4,5.17,1.59,76.58,70.79,260.372,0.022460796375081735,2910.71
522,2.55,5.26,1.91,75.87,68.38,193.4685,0.02793213981688508,2745.72
1394,4.62,5.37,4.39,75.3,80.81,347.88599999999997,0.05432495305965188,7485.78
670,3.19,7.03,2.26,76.83,71.96,245.08769999999998,0.03140633248939237,4710.1
724,5.11,4.57,1.43,72.76,77.76,371.8036000000001,0.018389915330515,3308.6800000000003
1219,2.1,6.13,3.26,75.93,86.9,159.45300000000003,0.03751438003286765,7472.47
488,4.24,8.06,3.12,74.14,75.6,314.35360000000003,0.04126983581086828,3933.28
1001,3.57,15.78,3.88,76.54,86.39,273.2478,0.044912600426831754,15795.779999999999
1187,3.98,4.13,1.15,78.81,77.07,313.6638,0.014921497999027119,4902.3099999999995
1014,3.2,4.36,3.17,78.76,75.05,252.03200000000004,0.04223850203351072,4421.04
1292,3.23,3.24,1.74,75.98,74.34,245.4154,0.023405969410012183,4186.08
1079,4.59,10.96,2.87,77.29,83.04,354.7611,0.03456165287070654,11825.84
709,0.66,12.69,2.54,75.36,74.6,49.7376,0.034048252808545204,8997.21
910,2.7,5.36,2.57,80.53,75.62,217.431,0.03398571356972843,4877.6
890,2.93,9.08,1.52,77.57,84.53,227.2801,0.01798177948872832,8081.2
1641,2.46,5.99,2.52,75.61,83.83,186.0006,0.03006083382311418,9829.59
918,4.66,10.38,1.6,85.88,72.26,400.2008,0.02214226098225007,9528.84
889,1.76,9.97,3.06,74.47,82.21,131.06719999999999,0.03722174465129004,8863.33
769,3.41,5.81,1.84,75.13,78.47,256.1933,0.023448448649362987,4467.889999999999
991,3.65,6.78,3.23,76.8,70.67,280.32,0.04570538478769141,6718.9800000000005
1420,3.88,7.67,1.85,75.61,72.54,293.3668,0.025503167148722476,10891.4
1162,4.33,6.22,4.66,77.96,85.78,337.5668,0.05432501115353099,7227.639999999999
792,2.79,8.31,0.73,78.09,84.43,217.8711,0.008646214776002038,6581.52
526,4.87,3.88,2.79,75.99,77.71,370.0713,0.035902710603177124,2040.8799999999999
671,2.6,9.28,2.71,76.21,70.66,198.146,0.0383526693528631,6226.879999999999
699,4.37,7.33,1.31,76.91,87.12,336.0967,0.015036729219842835,5123.67
903,5.48,4.92,4.74,81.6,79.18,447.168,0.05986359435923284,4442.76
708,3.8,6.81,1.11,76.51,66.42,290.738,0.016711831268920316,4821.48
789,2.88,5.34,5.84,76.77,70.64,221.09759999999997,0.08267269497838406,4213.26
746,4.44,4.34,1.81,77.82,94.11,345.5208,0.01923281062237694,3237.64
950,3.0,13.11,2.62,77.73,87.24,233.19,0.03003209192662862,12454.5
566,2.31,5.71,2.77,75.32,80.01,173.98919999999998,0.03462066808890537,3231.86
914,2.98,18.52,2.67,85.48,82.45,254.7304,0.032383258655760014,16927.28
622,5.54,4.21,1.43,76.62,83.94,424.4748,0.017035976050038593,2618.62
577,3.94,7.32,3.35,77.79,85.14,306.49260000000004,0.039346953330167564,4223.64
853,2.96,4.43,2.63,75.46,75.93,223.36159999999998,0.03463716124889223,3778.79
1326,3.27,12.16,1.81,76.82,73.47,251.20139999999998,0.0246359024587039,16124.16
892,3.93,4.43,2.91,85.44,69.24,335.7792,0.04202772356618666,3951.56
730,0.81,8.83,2.59,77.68,79.77,62.92080000000001,0.03246834242593175,6445.9
457,2.49,6.09,1.58,82.48,75.49,205.37520000000004,0.020929921720768088,2783.13
975,2.15,11.41,1.01,76.05,76.29,163.5075,0.013238954877578334,11124.75
722,3.21,6.15,4.85,77.85,77.96,249.89849999999998,0.062211382476733905,4440.3
449,1.91,1.39,2.34,76.98,81.31,147.0318,0.028778744462090212,624.1099999999999
892,5.78,7.68,1.37,83.02,77.73,479.8556,0.017625110301671132,6850.5599999999995
853,2.27,6.22,2.48,78.36,74.84,177.8772,0.03313735527293489,5305.66
819,4.4,4.52,2.92,78.39,74.71,344.91600000000005,0.03908445468016936,3701.8799999999997
1043,2.9,5.63,2.39,80.63,83.91,233.82699999999997,0.02848289494900549,5872.09
409,3.5,4.43,2.13,75.88,87.54,265.58,0.024331731284929024,1811.87
615,2.89,6.24,2.79,74.21,80.61,214.46689999999998,0.03461108614178313,3837.6
476,1.87,5.46,2.3,76.77,83.26,143.5599,0.027624306074428763,2598.96
1386,2.58,5.92,1.74,74.27,74.66,191.6166,0.02330564916881206,8205.12
800,2.38,9.7,2.24,75.48,80.81,179.6424,0.027719338235448802,7759.999999999999
839,4.89,3.04,1.42,76.24,77.1,372.81359999999995,0.018417637040514002,2550.56
866,3.97,6.69,1.61,86.31,73.91,342.65070000000003,0.0217832469512587,5793.54
716,4.86,7.86,1.17,84.49,82.31,410.6214,0.014214553005156965,5627.76
368,2.86,8.26,3.06,76.1,73.45,217.646,0.041660988201363075,3039.68
737,3.11,10.55,2.54,74.97,80.24,233.1567,0.03165503095027032,7775.35
1756,4.16,12.85,1.53,75.16,81.66,312.6656,0.018736221070754216,22564.6
1140,3.24,13.56,1.59,86.12,77.49,279.02880000000005,0.020518773968412188,15458.400000000001
778,4.63,6.91,2.43,79.97,73.39,370.2611,0.033110773523535426,5375.9800000000005
428,2.1,2.7,2.57,76.13,76.75,159.873,0.03348533765663353,1155.6000000000001
484,2.31,7.96,1.72,76.42,77.57,176.5302,0.022173517832471595,3852.64
1020,2.34,4.38,1.24,77.97,86.11,182.44979999999998,0.01440018413654812,4467.599999999999
959,2.56,10.18,4.64,77.33,72.12,197.9648,0.06433720683067015,9762.619999999999
696,4.23,6.74,2.97,75.07,84.23,317.5461,0.03526059180095075,4691.04
1529,5.47,12.45,1.83,75.78,90.02,414.5166,0.020328813560451728,19036.05
793,2.63,5.92,1.88,75.29,76.95,198.0127,0.024431445817875784,4694.5599999999995
664,2.88,12.94,3.01,76.01,70.44,218.9088,0.04273139654579833,8592.16
1165,4.86,5.31,1.04,77.68,82.16,377.5248000000001,0.012658226307421337,6186.15
555,3.53,7.63,2.99,76.74,81.84,270.89219999999995,0.03653469739312104,4234.65
611,4.01,4.66,0.18,77.53,81.07,310.89529999999996,0.002220303167595514,2847.26
986,3.2,6.09,4.13,75.71,81.2,242.272,0.050862062701716414,6004.74
665,5.36,10.68,0.96,78.23,67.74,419.31280000000004,0.014171831388864572,7102.2
1426,2.59,7.65,4.38,83.24,78.76,215.59159999999997,0.0556119787186416,10908.9
958,4.98,7.7,3.82,75.99,82.41,378.4302,0.04635359223958351,7376.6
1101,2.48,5.67,3.02,77.16,71.47,191.3568,0.042255485902408574,6242.67
1106,3.55,4.16,3.2,82.45,75.06,292.6975,0.042632554938375304,4600.96
1232,3.52,7.31,2.54,75.56,76.31,265.9712,0.033285279349327825,9005.92
425,5.52,7.41,2.75,75.71,67.55,417.91919999999993,0.040710578725302926,3149.25
728,2.56,6.16,1.99,74.32,75.15,190.2592,0.026480369064488477,4484.4800000000005
957,4.65,5.79,1.38,77.24,69.74,359.166,0.01978778035735871,5541.03
1258,1.81,5.73,1.85,80.91,79.06,146.4471,0.02339994644574419,7208.34
750,4.11,4.29,2.51,77.01,77.87,316.51110000000006,0.032233205055450735,3217.5
401,3.35,16.13,3.63,75.79,74.63,253.89650000000003,0.04863995060432124,6468.129999999999
826,4.88,6.58,5.84,75.6,86.46,368.92799999999994,0.067545678053935,5435.08
839,3.81,6.58,3.04,77.42,76.88,294.97020000000003,0.03954213845705795,5520.62
587,2.18,1.89,1.56,87.75,74.57,191.29500000000002,0.02091993818962878,1109.4299999999998
1107,2.38,3.84,1.0,80.49,85.48,191.56619999999998,0.011698641588834628,4250.88
599,2.59,3.68,3.66,81.89,73.95,212.0951,0.04949289391576823,2204.32
732,2.81,5.7,2.19,79.85,74.27,224.37849999999997,0.02948700289659312,4172.400000000001
438,2.44,7.59,1.33,78.97,73.67,192.6868,0.0180534792923199,3324.42
1465,5.11,5.65,1.72,81.96,73.47,418.8156,0.02341091283368547,8277.25
614,2.99,6.54,5.94,77.38,75.34,231.3662,0.07884256983772633,4015.56
683,2.82,4.06,1.43,77.08,75.65,217.36559999999997,0.018902839536967673,2772.9799999999996
1154,2.84,11.43,1.77,77.58,73.56,220.32719999999998,0.024061986941002318,13190.22
437,2.77,4.24,2.57,74.7,82.73,206.919,0.031064906193048927,1852.88
891,2.82,4.58,2.09,86.51,67.76,243.9582,0.03084415129218546,4080.78
649,2.42,1.4,1.45,76.46,84.7,185.03319999999997,0.017119242370809636,908.5999999999999
1222,3.31,6.97,1.95,82.52,65.9,273.14119999999997,0.0295902838254501,8517.34
670,3.02,4.78,1.76,76.81,71.28,231.96620000000001,0.02469135456069661,3202.6000000000004
1048,4.0,6.87,2.3,75.81,75.05,303.24,0.030646231759329543,7199.76
581,3.61,2.68,2.43,76.5,83.51,276.16499999999996,0.02909830809504154,1557.0800000000002
683,4.24,4.05,3.5,76.99,85.89,326.4376,0.040749791506602455,2766.15
813,4.84,9.64,2.38,75.48,75.09,365.3232,0.031695294753589724,7837.320000000001
635,4.72,4.71,1.5,75.31,78.43,355.4632,0.019125332254834596,2990.85
1233,4.63,6.83,2.73,74.75,70.47,346.0925,0.03873988381724367,8421.39
1021,2.11,7.17,2.8,76.13,78.58,160.63429999999997,0.035632471922566564,7320.57
998,2.43,9.21,1.52,76.83,87.81,186.6969,0.01731009938388573,9191.580000000002
1071,1.86,6.39,2.98,73.92,86.32,137.49120000000002,0.03452270221006694,6843.69
448,2.88,4.76,2.26,76.84,77.58,221.2992,0.029131215631449388,2132.48
861,3.03,2.27,1.24,76.29,72.02,231.1587,0.017217437209464424,1954.47
946,2.84,7.3,3.18,73.98,80.75,210.1032,0.039380800076681106,6905.8
1192,2.48,5.76,1.51,82.25,91.01,203.98,0.016591581519439454,6865.92
727,3.75,6.88,1.6,75.03,75.32,281.3625,0.021242695002297533,5001.76
1186,2.69,9.04,2.28,85.26,76.71,229.3494,0.02972232698183718,10721.439999999999
632,2.54,4.88,6.89,75.98,73.5,192.9892,0.09374148384469606,3084.16
772,5.62,3.86,2.51,77.0,73.57,432.74,0.03411716268626305,2979.92
500,4.35,13.81,1.57,76.85,70.03,334.29749999999996,0.022418960100105655,6905.0
855,2.39,8.89,1.26,74.79,89.42,178.74810000000002,0.014090805849831597,7600.950000000001
771,2.11,4.7,4.45,77.14,79.82,162.7654,0.05575043150207574,3623.7000000000003
517,3.18,3.77,4.56,75.05,81.97,238.659,0.05563010178966673,1949.09
1218,2.98,13.09,1.47,74.63,76.92,222.39739999999998,0.01911076194607879,15943.619999999999
465,4.21,6.59,2.53,73.69,80.53,310.2349,0.031416859379503365,3064.35
969,4.22,8.75,1.39,74.54,78.6,314.5588,0.017684476121567923,8478.75
804,1.92,3.88,1.75,76.86,80.89,147.5712,0.02163431553537946,3119.52
741,3.87,6.65,1.52,75.87,76.48,293.61690000000004,0.019874474388797803,4927.650000000001
1046,2.65,7.0,1.5,80.71,79.85,213.8815,0.01878521993923357,7322.0
574,2.35,2.27,2.74,77.48,81.48,182.078,0.03362788001621502,1302.98
1031,2.03,8.23,0.49,84.87,74.08,172.2861,0.0066144699494506,8485.130000000001
534,4.87,7.63,3.12,75.02,76.01,365.3474,0.04104722522730887,4074.42
581,2.53,5.21,1.02,84.03,74.97,212.5959,0.01360544036208612,3027.0099999999998
603,4.87,4.59,1.44,78.36,84.82,381.6132,0.016977126034293088,2767.77
539,3.58,5.9,2.56,76.69,71.76,274.5502,0.035674465485721084,3180.1000000000004
759,2.78,5.0,4.08,77.64,76.85,215.83919999999998,0.053090429005799744,3795.0
867,4.55,6.94,1.45,77.05,68.95,350.5775,0.02102972863963326,6016.9800000000005
459,3.32,5.19,5.18,75.73,79.75,251.4236,0.0649529699118533,2382.21
644,4.58,10.54,1.94,76.39,81.73,349.8662,0.02373669108813274,6787.759999999999
854,4.49,12.5,1.93,79.01,84.25,354.7549,0.02290800915038467,10675.0
892,4.02,10.72,1.42,82.41,79.63,331.28819999999996,0.017832472958373355,9562.24
774,3.65,3.76,1.6,77.85,79.96,284.1525,0.02001000249999969,2910.24
609,4.6,4.56,3.03,75.57,77.84,347.62199999999996,0.03892599705472802,2777.04
540,2.71,6.56,3.25,76.52,82.05,207.36919999999998,0.039609989078611935,3542.3999999999996
765,0.48,4.45,1.22,75.53,79.39,36.2544,0.015367172771485983,3404.25
676,4.25,3.42,2.39,74.46,81.42,316.455,0.029353963479002276,2311.92
892,4.29,4.78,1.22,74.63,77.56,320.1627,0.015729755578938166,4263.76
593,4.97,7.7,2.78,73.73,71.06,366.4381,0.03912186333776198,4566.1
817,3.01,8.74,2.89,74.21,86.88,223.37209999999996,0.03326426873109246,7140.58
990,1.56,11.06,2.89,75.72,88.72,118.1232,0.03257438767195811,10949.4
582,3.47,10.77,3.09,81.05,83.66,281.2435,0.03693520954635315,6268.139999999999
604,3.61,6.85,1.8,75.88,84.66,273.92679999999996,0.021261514143454507,4137.4
996,3.19,5.18,6.33,76.67,92.9,244.5773,0.06813777522736542,5159.28
1019,2.43,6.64,2.27,75.48,71.14,183.4164,0.03190890751913023,6766.16
1172,3.07,5.13,1.48,76.61,83.82,235.19269999999997,0.01765688169209238,6012.36
754,3.77,13.01,1.01,77.67,70.7,292.8159,0.014285712265104345,9809.539999999999
453,2.54,4.48,3.76,77.39,89.64,196.5706,0.04194555533851457,2029.4400000000003
782,0.14,6.57,1.56,80.72,73.52,11.3008,0.02121871310953304,5137.74
883,4.7,8.09,1.78,75.46,73.97,354.662,0.02406380639937726,7143.47
820,1.98,8.12,1.4,85.46,87.37,169.21079999999998,0.01602380496465549,6658.4
660,3.14,4.33,3.81,84.69,81.91,265.9266,0.04651446141930638,2857.8
1130,3.24,6.5,2.38,80.61,71.12,261.1764,0.03346456222376796,7345.0
2106,3.55,8.03,5.54,75.58,79.7,268.30899999999997,0.06951065627218866,16911.18
564,3.98,4.35,2.64,78.6,84.34,312.828,0.03130186965830334,2453.3999999999996
873,3.6,9.14,1.37,73.38,72.2,264.168,0.01897506662395199,7979.22
1071,2.53,9.8,3.58,77.34,79.84,195.6702,0.04483967374252583,10495.800000000001
503,4.21,3.61,1.03,78.17,79.09,329.0957,0.01302313655036837,1815.83
1156,3.77,4.03,2.7,83.92,74.51,316.3784,0.0362367418820639,4658.68
802,4.27,8.98,1.09,77.95,75.9,332.8465,0.01436099942542827,7201.96
922,2.7,5.09,0.91,79.66,71.55,215.082,0.012718376978563666,4692.98
638,3.19,8.92,1.69,75.89,74.2,242.0891,0.022776277253870988,5690.96
740,5.67,5.73,1.52,77.18,71.69,437.61060000000003,0.02120239626134799,4240.200000000001
682,2.98,5.17,1.98,77.79,74.32,231.81420000000003,0.02664154646911377,3525.94
859,2.88,7.65,1.19,80.92,79.83,233.0496,0.014906674820659547,6571.35
574,3.93,7.19,1.95,75.14,70.25,295.3002,0.027758003166120544,4127.06
805,4.48,5.13,2.84,85.57,71.05,383.35360000000003,0.03997184518341376,4129.65
807,4.16,7.93,1.81,83.93,82.97,349.14880000000005,0.02181511126731213,6399.51
867,4.71,5.05,2.04,75.53,77.86,355.7463,0.026200869997319548,4378.349999999999
645,4.82,8.48,3.11,76.35,71.34,368.007,0.043594050519477075,5469.6
697,3.09,2.72,3.38,76.81,71.42,237.3429,0.04732567245510046,1895.8400000000001
790,3.67,9.16,2.05,87.57,80.32,321.3819,0.025522905188881326,7236.400000000001
1062,3.77,5.45,2.93,76.85,78.09,289.7245,0.03752080451776098,5787.900000000001
722,3.78,2.81,1.62,77.33,83.61,292.3074,0.01937567044902877,2028.82
927,2.21,4.88,1.54,77.21,86.7,170.6341,0.01776239702855859,4523.76
530,2.8,6.76,4.32,79.81,84.19,223.468,0.051312501328839376,3582.7999999999997
775,2.46,5.64,3.38,86.94,72.74,213.8724,0.04646686190997224,4371.0
670,5.28,10.43,3.12,73.21,66.11,386.54879999999997,0.04719406334986184,6988.099999999999
1099,2.88,9.06,1.35,84.16,70.67,242.3808,0.01910286980290508,9956.94
464,2.86,8.46,2.44,78.53,75.37,224.5958,0.03237361916231668,3925.4400000000005
546,2.16,7.12,2.02,76.88,86.21,166.0608,0.02343115376045079,3887.52
692,5.58,6.24,3.19,74.18,80.75,413.92440000000005,0.03950463907063293,4318.08
636,4.04,6.98,1.52,78.53,73.32,317.26120000000003,0.02073103918016378,4439.280000000001
1019,2.48,6.32,1.46,77.85,80.19,193.06799999999998,0.018206756677047426,6440.08
379,3.39,5.84,1.26,73.58,70.12,249.4362,0.017969193101940513,2213.36
552,5.52,12.97,1.53,76.23,76.22,420.7896,0.020073468896159945,7159.4400000000005
635,4.34,7.58,3.36,78.24,80.76,339.56159999999994,0.04160474967747032,4813.3
575,2.79,8.16,1.85,77.39,68.42,215.9181,0.027038873569296466,4692.0
653,2.58,5.51,1.55,74.5,80.8,192.21,0.019183165942677483,3598.0299999999997
509,2.31,4.98,1.91,77.16,86.33,178.2396,0.02212440378496423,2534.82
646,2.24,7.85,2.17,75.07,83.69,168.1568,0.025929020680007086,5071.099999999999
760,2.18,3.36,1.61,76.43,80.56,166.61740000000003,0.019985101789336917,2553.6
472,2.54,4.77,2.01,75.46,77.54,191.6684,0.02592210137708261,2251.4399999999996
517,2.32,9.62,2.88,75.49,72.32,175.13679999999997,0.03982300334305817,4973.54
521,2.73,4.82,1.83,74.07,85.27,202.2111,0.021461238247773164,2511.2200000000003
969,4.25,7.36,3.78,74.22,71.57,315.435,0.05281541807804693,7131.84
792,2.97,8.44,0.8,82.81,82.24,245.94570000000002,0.009727625276310157,6684.48
540,2.71,5.52,2.28,77.68,83.7,210.51280000000003,0.027240140114678596,2980.7999999999997
842,2.51,5.21,1.14,76.52,80.41,192.06519999999998,0.014177339363594159,4386.82
893,4.8,5.83,6.4,74.04,80.25,355.392,0.07975076887840886,5206.1900000000005
925,5.02,3.92,2.78,76.39,78.8,383.47779999999995,0.035279183340205154,3626.0
833,3.46,5.45,2.42,77.8,83.69,269.188,0.028916235044063203,4539.85
639,2.51,5.99,1.89,74.79,77.39,187.7229,0.024421756761628534,3827.61
1110,2.32,4.49,3.54,76.84,78.77,178.2688,0.044940961668025685,4983.900000000001
499,1.79,4.81,1.32,75.88,83.85,135.8252,0.01574239526029872,2400.1899999999996
874,2.95,5.12,2.33,78.05,85.42,230.2475,0.027276981119529253,4474.88
759,2.58,5.34,3.49,84.15,79.84,217.10700000000003,0.04371241937469697,4053.06
788,3.84,4.74,1.05,76.18,78.3,292.5312,0.01340995997318519,3735.1200000000003
550,2.8,4.95,1.5,75.6,71.34,211.67999999999998,0.02102606938238444,2722.5
687,3.73,2.56,3.48,84.45,80.87,314.99850000000004,0.04303202138839849,1758.72
874,2.62,10.53,2.65,75.17,84.9,196.9454,0.03121318831411209,9203.22
864,2.03,6.92,1.61,76.78,88.84,155.86339999999998,0.018122465317147084,5978.88
1191,3.94,5.62,4.13,77.33,73.52,304.6802,0.05617518278357144,6693.42
401,1.73,4.72,3.23,86.95,82.34,150.4235,0.03922758814335825,1892.7199999999998
1077,2.57,6.88,2.56,79.51,78.09,204.3407,0.032782682445552255,7409.76
583,3.39,4.74,2.92,83.94,78.01,284.5566,0.03743109377886248,2763.42
472,2.97,4.99,1.39,76.25,69.3,226.4625,0.020057717163388576,2355.28
1656,2.27,8.63,2.31,84.54,73.22,191.90580000000003,0.03154875286141043,14291.28
707,3.99,2.45,3.86,80.78,68.27,322.3122,0.056540199715804935,1732.15
687,3.19,6.36,1.16,76.87,71.69,245.2153,0.01618077609418662,4369.320000000001
489,2.37,7.16,2.94,76.3,68.3,180.831,0.043045381691744995,3501.2400000000002
1037,3.14,4.48,1.34,74.29,72.39,233.27060000000003,0.018510841482132688,4645.76
520,2.96,6.55,1.06,77.75,79.65,230.14,0.013308221806877362,3406.0
543,3.48,12.04,2.18,78.8,76.0,274.224,0.02868420675207806,6537.719999999999
851,2.93,4.97,2.96,74.95,73.74,219.60350000000003,0.0401410306290981,4229.469999999999
999,0.13,5.11,3.94,74.65,92.35,9.704500000000001,0.04266377448145377,5104.89
457,3.88,5.94,2.14,76.59,88.16,297.1692,0.02427404443352491,2714.5800000000004
786,2.72,7.63,2.94,77.23,69.41,210.06560000000002,0.04235700297406671,5997.18
941,4.12,6.19,2.61,77.16,87.55,317.8992,0.029811532859904868,5824.79
557,5.09,8.8,1.69,77.01,81.25,391.9809,0.020799997440000315,4901.6
711,1.88,2.79,3.09,78.39,70.63,147.3732,0.043749108912769515,1983.69
681,3.85,8.29,1.01,85.01,67.45,327.2885,0.014974052635425849,5645.49
650,5.84,16.25,1.31,74.32,68.45,434.02879999999993,0.019138054179977475,10562.5
445,2.36,4.25,3.46,75.05,71.58,177.118,0.048337517695233624,1891.25
711,5.4,6.16,2.03,76.46,72.28,412.884,0.02808522024277528,4379.76
506,3.07,4.85,1.4,76.78,71.45,235.7146,0.019594119021117,2454.1
844,2.02,7.2,1.31,77.7,82.67,156.954,0.015846133319688725,6076.8
1064,2.37,5.17,2.95,76.37,90.67,180.9969,0.03253556495692456,5500.88
703,2.41,4.83,2.84,76.88,75.57,185.2808,0.03758104570847615,3395.4900000000002
1164,2.74,5.7,2.23,77.69,89.92,212.87060000000002,0.024799819306069917,6634.8
854,2.43,4.65,1.52,83.21,75.12,202.2003,0.020234289106191544,3971.1000000000004
696,5.1,4.37,1.4,75.88,78.39,386.98799999999994,0.01785941856621781,3041.52
929,3.24,4.83,3.0,83.47,91.27,270.44280000000003,0.03286950445168134,4487.07
535,4.41,3.35,2.43,77.36,78.39,341.1576,0.030998847939935206,1792.25
1317,1.93,4.55,1.13,75.41,79.23,145.54129999999998,0.014262272590903369,5992.349999999999
1326,2.65,7.31,3.8,79.73,81.68,211.2845,0.0465230109545775,9693.06
715,2.53,7.11,4.88,77.73,73.47,196.6569,0.06642165966766575,5083.650000000001
603,2.74,5.52,1.37,85.59,80.97,234.51660000000004,0.0169198447672169,3328.56
706,2.12,4.87,2.7,77.37,87.1,164.0244,0.030998848335379067,3438.2200000000003
698,2.89,4.18,2.16,76.6,80.04,221.374,0.02698650337499958,2917.64
832,4.07,6.7,1.74,74.51,85.7,303.25570000000005,0.02030338152819352,5574.400000000001
554,4.75,6.12,1.71,83.65,79.52,397.33750000000003,0.021504021440641168,3390.48
1005,4.55,3.19,4.45,78.8,75.28,358.53999999999996,0.05911263826877813,3205.95
789,2.43,3.05,2.92,76.89,76.2,186.8427,0.03832020494485499,2406.45
777,2.46,7.02,4.71,77.65,87.93,191.019,0.053565329970962125,5454.54
847,2.54,5.08,2.82,76.8,80.77,195.072,0.034913948877807494,4302.76
394,4.04,3.19,2.61,80.15,77.91,323.80600000000004,0.03350018822998482,1256.86
654,2.69,3.97,2.09,76.49,88.83,205.75809999999998,0.02352808470921032,2596.38
607,3.92,6.52,3.11,75.7,87.68,296.744,0.03546988646556951,3957.64
624,2.18,4.24,2.04,79.97,84.54,174.33460000000002,0.024130586215923084,2645.76
1057,2.24,5.63,2.51,74.53,76.76,166.9472,0.03269931830389287,5950.91
703,4.29,5.13,1.94,74.87,80.35,321.19230000000005,0.024144365383401943,3606.39
1281,3.71,4.72,1.31,78.15,74.39,289.9365,0.017609891435691433,6046.32
737,2.23,5.28,2.79,76.96,69.07,171.62079999999997,0.040393797539626825,3891.36
846,3.92,2.69,2.43,74.6,75.61,292.43199999999996,0.032138601753921206,2275.74
690,2.95,9.03,1.26,77.25,75.71,227.88750000000002,0.016642449261332817,6230.7
973,2.87,5.46,2.5,79.44,83.82,227.9928,0.02982581366907496,5312.58
689,2.59,4.3,1.1,87.07,87.36,225.51129999999998,0.012591573650231955,2962.7
984,3.89,3.57,2.7,85.86,77.69,333.9954,0.034753503056570594,3512.8799999999997
1014,2.94,8.49,1.6,80.99,67.51,238.11059999999998,0.023700189053445554,8608.86
815,3.81,8.06,1.45,76.01,74.31,289.59810000000004,0.019512848941885486,6568.900000000001
263,3.86,6.63,3.16,75.89,74.34,292.9354,0.04250739272163132,1743.69
938,4.03,8.2,2.59,77.52,77.05,312.4056,0.033614531652883625,7691.599999999999
686,2.38,7.63,2.0,81.55,83.7,194.089,0.02389485974971807,5234.18
469,0.56,3.8,2.53,75.5,84.34,42.28,0.02999762508920736,1782.1999999999998
499,1.95,4.81,3.0,76.94,78.16,150.033,0.03838279959278409,2400.1899999999996
899,3.22,5.92,3.87,77.31,81.46,248.93820000000002,0.04750797354431948,5322.08
640,4.71,7.2,3.28,77.34,79.16,364.2714,0.04143506298192736,4608.0
550,3.41,4.22,2.0,83.8,74.37,285.758,0.026892560589947476,2321.0
908,2.35,5.06,0.93,78.07,71.92,183.4645,0.01293103268478411,4594.48
721,5.41,10.19,5.69,75.23,70.4,406.9943,0.08082385215570281,7346.99
718,3.17,9.94,6.18,75.94,73.05,240.72979999999998,0.0845995777413309,7136.92
1453,3.84,9.5,3.04,76.53,83.28,293.8752,0.03650335776856895,13803.5
1076,4.46,9.0,3.12,81.33,75.21,362.73179999999996,0.04148383971761206,9684.0
1447,3.3,12.9,1.76,77.11,72.19,254.463,0.024380104670992567,18666.3
680,3.95,1.36,1.8,78.36,77.95,309.522,0.023091722502665488,924.8000000000001
859,4.32,4.91,2.19,76.22,84.65,329.2704,0.02587123143872044,4217.6900000000005
811,2.43,5.65,2.73,76.83,71.46,186.6969,0.03820318525004405,4582.150000000001
1153,2.98,7.74,1.83,76.99,87.34,229.43019999999999,0.020952596639272195,8924.22
480,4.19,5.83,1.37,75.66,64.94,317.0154,0.021096393425255093,2798.4
665,3.53,2.04,3.3,74.48,76.88,262.9144,0.04292403187772738,1356.6000000000001
502,2.95,7.82,3.5,76.66,85.9,226.147,0.04074504764318421,3925.6400000000003
814,1.89,6.26,1.52,77.93,85.07,147.2877,0.01786763631507743,5095.639999999999
1323,2.48,4.06,0.83,77.92,72.53,193.2416,0.011443539026121738,5371.379999999999
868,3.95,8.35,3.07,74.01,80.58,292.33950000000004,0.03809877908925551,7247.799999999999
752,2.79,4.99,1.38,77.57,83.33,216.4203,0.01656066043913831,3752.48
707,3.38,8.5,1.55,78.19,80.15,264.2822,0.01933873744993918,6009.5
496,2.99,5.77,2.4,76.77,81.13,229.5423,0.029582148455300324,2861.9199999999996
930,2.89,5.88,2.4,77.26,74.5,223.28140000000002,0.03221476077654217,5468.4
844,2.0,7.3,1.85,77.21,79.92,154.42,0.023148145251733577,6161.2
600,2.53,4.46,6.64,76.15,78.16,192.6595,0.0849539297653621,2676.0
778,2.31,6.6,1.3,77.21,69.62,178.3551,0.018672792491698866,5134.799999999999
1097,3.81,7.89,3.03,75.5,79.05,287.65500000000003,0.038330165929137766,8655.33
1244,2.62,6.73,1.9,80.99,80.76,212.19379999999998,0.023526495353331428,8372.12
584,3.46,7.14,1.99,74.84,66.07,258.9464,0.03011956559413265,4169.76
782,2.73,6.4,3.06,75.9,71.1,207.20700000000002,0.043037968630384164,5004.8
1293,2.83,8.37,1.17,87.47,77.35,247.5401,0.015126048464634976,10822.41
1036,4.62,6.48,1.61,84.24,76.6,389.18879999999996,0.02101827401850209,6713.280000000001
792,2.09,6.04,2.19,76.01,86.68,158.8609,0.02526534087847936,4783.68
1247,4.19,6.1,3.36,83.98,83.72,351.87620000000004,0.040133774470404386,7606.7
1127,2.99,7.47,1.7,74.09,78.73,221.52910000000003,0.021592782726688332,8418.69
870,2.87,10.93,4.7,85.06,70.18,244.12220000000002,0.06697063736525542,9509.1
1573,2.12,5.86,2.84,80.14,77.64,169.8968,0.03657907823556437,9217.78
708,5.19,6.89,2.5,75.51,68.47,391.8969000000001,0.036512335838712454,4878.12
690,2.48,11.23,2.44,74.75,78.98,185.38,0.030893893277552126,7748.700000000001
766,3.42,6.91,1.76,74.73,67.97,255.5766,0.02589377285658778,5293.06
868,2.95,5.4,2.35,76.95,83.61,227.00250000000003,0.028106682441492354,4687.200000000001
772,4.29,5.15,1.1,74.1,72.21,317.88899999999995,0.015233345072241371,3975.8
418,5.73,6.72,2.39,76.23,84.47,436.7979,0.028294065550601925,2808.96
691,3.52,5.77,6.37,75.77,84.1,266.7104,0.07574315389498765,3987.0699999999997
575,3.24,8.13,1.32,76.6,81.9,248.184,0.0161172141493023,4674.75
909,1.93,10.26,3.06,86.95,70.67,167.8135,0.04329983821991818,9326.34
1043,2.58,3.86,2.8,76.45,75.08,197.241,0.03729354857571276,4025.98
919,5.19,3.85,3.0,80.36,90.58,417.06840000000005,0.03311989035991495,3538.15
1359,4.79,6.03,2.58,77.48,72.54,371.1292,0.035566579050650804,8194.77
403,3.69,4.24,1.51,75.48,76.97,278.5212,0.019618030451080883,1708.72
840,3.37,4.06,1.41,75.15,82.29,253.25550000000004,0.01713452216131703,3410.3999999999996
1652,3.02,9.64,1.79,81.23,84.65,245.3146,0.021145892363155065,15925.28
752,4.71,6.11,3.0,75.41,72.58,355.18109999999996,0.04133369504909134,4594.72
575,2.57,12.44,2.39,77.26,75.41,198.5582,0.03169340515934158,7153.0
683,4.02,4.7,2.89,76.75,69.48,308.53499999999997,0.04159469752523064,3210.1
478,2.59,6.35,1.54,75.91,72.75,196.60689999999997,0.02116838196998186,3035.2999999999997
682,2.53,7.8,1.22,75.27,78.68,190.43309999999997,0.015505844495952655,5319.599999999999
874,4.53,8.71,2.1,76.94,79.16,348.5382,0.026528546421355936,7612.540000000001
1056,2.52,4.84,2.3,75.94,87.7,191.3688,0.02622576667893196,5111.04
1074,3.74,10.97,1.63,75.35,78.73,281.80899999999997,0.020703668143824697,11781.78
2191,3.31,4.92,3.09,77.54,83.42,256.65740000000005,0.037041472423702655,10779.72
526,2.39,4.44,4.48,76.93,89.97,183.86270000000002,0.04979437036852614,2335.44
544,4.03,6.3,2.2,80.94,79.09,326.1882,0.027816408165835357,3427.2
841,2.58,8.01,1.86,76.3,84.95,196.85399999999998,0.02189522991227429,6736.41
789,3.84,9.66,2.96,83.22,72.11,319.5648,0.041048392587936126,7621.74
1606,1.96,5.77,6.2,78.03,74.1,152.9388,0.08367070395806965,9266.619999999999
951,4.82,5.9,2.09,74.3,87.53,358.12600000000003,0.023877524976862217,5610.900000000001
585,3.96,14.61,2.52,74.3,83.57,294.228,0.03015435800474357,8546.85
423,2.88,4.5,1.85,76.88,79.7,221.41439999999997,0.02321204225695831,1903.5
841,2.18,8.05,2.47,75.16,82.92,163.8488,0.029787743633894883,6770.05
936,1.85,11.5,1.66,82.54,79.32,152.699,0.020927884401426577,10764.0
1024,2.38,5.59,2.2,77.08,78.41,183.4504,0.02805764213013109,5724.16
492,2.72,8.29,1.92,76.55,69.79,208.216,0.027511100800816618,4078.6799999999994
597,4.12,4.9,3.31,77.47,85.08,319.1764,0.03890455584102541,2925.3
516,2.66,5.39,1.53,75.53,70.28,200.90980000000002,0.021770059509097963,2781.24
486,5.49,7.05,2.02,74.57,72.83,409.3893,0.027735819341504965,3426.2999999999997
881,2.8,9.88,1.61,77.96,71.34,218.28799999999998,0.022567981137092633,8704.28
381,2.83,7.48,2.19,77.76,78.55,220.06080000000003,0.02788032744999014,2849.88
644,3.16,6.63,3.16,77.69,77.78,245.5004,0.040627405422035814,4269.72
1227,3.08,6.58,1.94,75.76,73.74,233.34080000000003,0.026308648452854834,8073.66
466,2.27,4.34,2.35,75.15,91.91,170.59050000000002,0.025568488133120647,2022.4399999999998
507,2.27,6.72,2.54,74.88,78.41,169.9776,0.03239382318660589,3407.04
620,2.46,12.3,5.22,77.56,78.29,190.79760000000002,0.06667517349914757,7626.0
857,2.53,4.96,0.18,75.28,84.78,190.45839999999998,0.002123142000101203,4250.72
706,2.31,8.11,5.06,79.47,71.63,183.5757,0.07064078310194288,5725.66
1003,3.15,10.33,3.04,75.61,69.94,238.17149999999998,0.04346582163771495,10360.99
778,4.4,6.25,1.69,74.91,83.35,329.604,0.02027594237841123,4862.5
442,3.05,4.18,2.79,75.12,72.63,229.116,0.03841387327359586,1847.56
809,1.86,6.83,1.36,73.8,82.56,137.268,0.016472866221794304,5525.47
831,2.99,6.43,1.74,83.42,75.77,249.4258,0.022964230834864614,5343.33
443,5.24,5.24,2.47,77.1,73.75,404.00399999999996,0.03349152088250564,2321.32
700,3.19,7.61,1.71,76.4,74.09,243.716,0.023080034676739816,5327.0
1098,4.52,15.88,3.38,74.58,81.84,337.10159999999996,0.04130009270526726,17436.24
603,3.07,5.15,2.1,76.62,79.11,235.2234,0.026545313292211693,3105.4500000000003
716,2.55,7.74,1.25,83.73,72.14,213.51149999999998,0.017327416505764276,5541.84
467,2.47,8.66,1.82,76.38,73.7,188.6586,0.024694704926091597,4044.2200000000003
469,4.54,10.77,4.94,73.78,72.35,334.9612,0.0682791889040513,5051.13
492,4.36,7.43,2.71,77.93,73.03,339.7748,0.03710803271148395,3655.56
798,3.74,8.89,1.93,73.66,87.49,275.4884,0.022059661440203288,7094.22
640,2.98,11.67,6.59,75.56,77.03,225.1688,0.08555107288704752,7468.8
819,3.33,8.77,2.53,82.55,75.29,274.8915,0.03360339572275259,7182.629999999999
1002,5.05,7.4,2.17,77.46,81.96,391.17299999999994,0.02647632668663657,7414.8
680,5.1,8.61,2.95,74.3,86.38,378.92999999999995,0.03415141998710119,5854.799999999999
1299,3.11,5.69,1.4,85.53,81.05,265.9983,0.017273285962580386,7391.31
523,4.44,6.89,1.39,84.7,80.55,376.06800000000004,0.017256360365442536,3603.47
1314,4.21,3.04,4.02,76.9,69.1,323.749,0.05817654729717115,3994.56
703,2.34,7.35,2.82,74.86,79.29,175.17239999999998,0.03556564061475083,5167.05
622,2.88,7.55,1.74,81.07,72.26,233.48159999999996,0.02407970881819695,4696.099999999999
378,3.58,7.73,3.75,76.32,83.04,273.2256,0.045158954099355234,2921.94
970,4.5,4.54,1.09,76.7,78.64,345.15000000000003,0.013860628959736908,4403.8
1011,3.24,7.94,5.33,75.39,77.15,244.26360000000003,0.06908618676783061,8027.34
1397,2.13,9.08,1.99,75.51,88.32,160.8363,0.02253170034740712,12684.76
600,4.67,5.59,2.0,76.59,68.97,357.6753,0.028998110918064243,3354.0
593,1.87,4.37,2.7,78.3,84.89,146.421,0.03180586266864617,2591.41
488,5.03,7.11,2.27,77.88,67.73,391.7364,0.03351542396051617,3469.6800000000003
751,2.26,6.47,1.77,76.64,84.83,173.20639999999997,0.020865257471972477,4858.97
891,4.22,5.25,3.25,78.29,77.02,330.3838,0.042196826513006165,4677.75
857,4.43,9.33,2.76,77.48,67.12,343.2364,0.04112037528003943,7995.81
874,5.09,2.78,2.79,75.42,79.44,383.88779999999997,0.0351208415003976,2429.72
557,2.78,4.35,1.7,78.29,93.37,217.6462,0.018207130962072295,2422.95
906,2.24,11.51,1.69,84.15,84.03,188.49600000000004,0.02011186241677229,10428.06
290,2.2,5.91,2.81,79.28,67.49,174.41600000000003,0.0416357917268052,1713.9
802,3.12,4.07,1.16,84.88,91.85,264.8256,0.01262928550579363,3264.1400000000003
610,4.67,5.93,5.44,77.48,80.98,361.83160000000004,0.06717707246516763,3617.2999999999997
1214,5.18,1.77,2.13,75.83,76.74,392.7994,0.02775605580452752,2148.78
564,3.1,7.78,2.7,77.94,78.28,241.614,0.03449156432146598,4387.92
521,2.88,10.49,2.48,82.17,82.05,236.6496,0.03022546858921772,5465.29
806,3.57,7.27,2.46,88.3,74.4,315.231,0.03306451168487746,5859.62
1503,4.06,7.66,2.03,85.84,75.09,348.5104,0.027034221995708877,11512.98
680,2.71,6.8,1.94,76.07,75.27,206.14969999999997,0.025773877271970603,4624.0
728,2.65,1.17,2.09,75.56,83.43,200.234,0.025050937905916584,851.76
1025,2.65,5.47,2.19,76.7,82.47,203.255,0.02655510772946432,5606.75
586,4.07,5.86,2.32,84.05,77.12,342.0835,0.030082983651065393,3433.96
779,2.25,5.86,1.55,76.14,77.17,171.315,0.020085522860499822,4564.9400000000005
788,2.41,3.55,4.68,86.3,85.06,207.983,0.05501997942393846,2797.3999999999996
1025,3.62,7.02,1.45,83.77,89.23,303.24739999999997,0.016250138266262662,7195.5
1118,4.29,2.06,2.11,78.39,87.08,336.2931,0.024230589776000254,2303.08
490,3.11,5.48,1.93,75.62,78.35,235.1782,0.024633053652450075,2685.2000000000003
1315,2.65,7.54,4.3,77.11,80.24,204.3415,0.05358922562447337,9915.1
571,2.39,4.43,2.72,82.88,75.16,198.0832,0.036189457665053534,2529.5299999999997
525,4.15,6.07,1.62,77.04,72.25,319.71600000000007,0.022422142225309034,3186.75
640,2.45,4.89,3.15,76.75,88.6,188.03750000000002,0.035553043391304356,3129.6
931,2.65,3.25,2.4,84.94,85.28,225.09099999999998,0.028142585818177083,3025.75
690,2.86,4.11,1.99,80.66,78.57,230.68759999999997,0.025327730007925417,2835.9
1394,4.93,6.93,3.99,77.65,82.78,382.8145,0.048200042498182834,9660.42
761,3.89,6.42,2.75,76.14,73.16,296.1846,0.037588841226238213,4885.62
807,3.37,9.07,1.56,76.49,83.5,257.7713,0.018682632493097904,7319.49
457,2.04,7.01,2.84,75.17,78.55,153.3468,0.036155310483092236,3203.5699999999997
779,3.46,7.59,1.68,77.07,76.42,266.6622,0.02198377100447906,5912.61
775,2.61,6.71,2.0,73.77,70.04,192.53969999999998,0.028555107287962976,5200.25
512,2.5,6.38,1.76,75.93,69.17,189.82500000000002,0.02544455321027133,3266.56
1312,2.48,6.6,3.72,77.9,80.46,193.192,0.046234147870476285,8659.199999999999
511,4.13,4.65,3.56,76.52,79.73,316.02759999999995,0.04465069049909814,2376.15
1095,2.7,10.54,2.95,77.22,88.19,208.494,0.03345050079935358,11541.3
571,2.89,4.04,2.2,76.69,73.36,221.6341,0.02998909078665611,2306.84
886,4.55,2.6,1.65,76.5,87.09,348.075,0.018945915840404656,2303.6
521,3.86,4.13,2.09,75.44,71.59,291.1984,0.029194017433437986,2151.73
820,2.63,7.13,1.88,72.64,72.33,191.04319999999998,0.025991977603763636,5846.6
746,4.98,7.56,1.83,74.48,76.57,370.91040000000004,0.023899696499974338,5639.759999999999
1198,2.15,7.34,1.51,77.75,88.65,167.1625,0.017033275010346866,8793.32
589,0.45,7.23,1.63,83.71,76.69,37.6695,0.02125439806305932,4258.47
786,4.82,5.05,1.33,80.55,79.52,388.25100000000003,0.016725350009387574,3969.2999999999997
940,3.05,4.58,2.43,74.61,79.16,227.5605,0.030697318001854726,4305.2
508,4.19,5.29,2.24,76.35,85.61,319.9065,0.026165164564284013,2687.32
1114,4.65,4.57,2.38,77.79,76.68,361.72350000000006,0.0310380762861142,5090.9800000000005
562,3.6,5.3,3.25,86.8,77.54,312.48,0.04191384551020821,2978.6
681,3.03,4.99,4.52,79.64,83.85,241.30919999999998,0.053905777709507725,3398.19
1631,3.11,7.14,4.16,76.52,82.21,237.97719999999998,0.05060211037560998,11645.34
632,2.07,6.31,1.42,84.89,81.35,175.7223,0.0174554373134066,3987.9199999999996
713,1.92,5.93,3.0,76.86,81.12,147.5712,0.03698224396175493,4228.09
846,1.15,12.51,2.47,76.02,72.23,87.42299999999999,0.03419631258530907,10583.46
1079,0.43,6.25,1.92,76.55,77.75,32.9165,0.024694530585912464,6743.75
708,3.97,7.13,2.11,76.11,69.71,302.1567,0.03026824985393059,5048.04
802,2.26,3.35,2.9,76.58,84.18,173.0708,0.03444998402827464,2686.7000000000003
1033,2.72,6.12,2.54,77.09,80.3,209.68480000000002,0.031631378377163344,6321.96
722,1.88,3.48,1.14,76.25,80.45,143.35,0.014170290345520154,2512.56
930,2.17,6.8,2.2,76.96,76.77,167.0032,0.0286570237518531,6324.0
510,5.01,9.43,3.03,75.13,77.28,376.40129999999994,0.039208069460653534,4809.3
515,4.22,5.04,2.96,77.32,70.86,326.2904,0.04177250327794196,2595.6
664,2.01,2.25,3.05,77.16,67.97,155.09159999999997,0.04487273137079132,1494.0
1010,3.51,9.52,1.76,76.18,76.2,267.3918,0.02309710982977561,9615.199999999999
757,5.02,6.21,1.5,74.87,78.81,375.8474,0.01903311520960345,4700.97
476,3.34,7.58,1.6,75.24,70.51,251.30159999999998,0.022691813545339164,3608.08
367,3.81,5.09,5.6,84.69,84.34,322.6689,0.06639790533579494,1868.03
572,3.74,6.8,2.84,75.32,74.81,281.6968,0.03796283411805452,3889.6
1320,3.0,5.41,1.13,88.36,84.73,265.08,0.013336479011391593,7141.2
700,2.39,6.31,2.98,73.94,72.1,176.7166,0.04133147831740939,4417.0
1295,4.63,7.53,1.13,76.71,78.46,355.16729999999995,0.014402241345623075,9751.35
629,0.72,6.47,2.05,77.73,75.77,55.9656,0.02705555931693819,4069.6299999999997
725,3.53,2.64,5.45,83.63,84.73,295.21389999999997,0.06432195629387981,1914.0
634,4.14,8.88,1.95,74.05,80.94,306.56699999999995,0.02409191696418125,5629.92
771,2.96,10.57,2.43,76.09,72.33,225.2264,0.0335960136048647,8149.47
689,3.07,13.19,4.04,76.8,73.72,235.77599999999998,0.05480194590315438,9087.91
739,3.81,2.76,2.6,76.42,82.36,291.16020000000003,0.03156871884789718,2039.6399999999999
670,2.72,4.54,2.24,80.56,89.71,219.12320000000003,0.024969342886039143,3041.8
749,4.93,9.18,2.93,77.72,79.48,383.15959999999995,0.03686461539197088,6875.82
1312,3.53,4.12,2.1,75.82,88.65,267.64459999999997,0.023688660610416173,5405.4400000000005
668,2.98,6.58,1.73,75.44,65.14,224.81119999999999,0.026558178299327863,4395.44
493,3.5,3.24,2.13,75.98,82.07,265.93,0.025953451205866795,1597.3200000000002
627,5.6,3.35,1.63,78.02,85.72,436.912,0.019015396755086705,2100.4500000000003
676,3.56,7.33,1.36,76.28,79.23,271.5568,0.017165213029759808,4955.08
615,4.41,2.79,3.16,75.47,84.04,332.8227,0.03760113783898883,1715.85
707,2.59,8.76,1.57,80.71,70.54,209.03889999999998,0.022256872376400286,6193.32
495,4.02,7.81,1.05,76.57,87.86,307.81139999999994,0.011950829507076086,3865.95
471,2.27,1.73,3.03,76.85,87.61,174.4495,0.034585089078291394,814.83
505,2.26,7.08,2.54,82.73,71.19,186.9698,0.03567916341070889,3575.4
928,2.6,8.23,2.68,74.03,93.23,192.478,0.028746108683244804,7637.4400000000005
724,4.41,12.81,1.61,75.65,89.0,333.61650000000003,0.018089885607878022,9274.44
841,3.39,8.61,2.18,77.54,68.61,262.86060000000003,0.031773789276521025,7241.009999999999
866,5.39,5.93,2.46,76.35,76.56,411.52649999999994,0.03213165724508134,5135.38
629,1.95,4.73,1.47,77.66,92.55,151.43699999999998,0.015883304604721274,2975.17
1057,3.73,4.57,2.33,84.34,92.11,314.58820000000003,0.02529583918186525,4830.490000000001
1028,2.31,5.93,2.09,76.36,77.16,176.3916,0.027086569843627544,6096.04
705,1.67,6.13,3.95,77.26,87.04,129.0242,0.04538142860967043,4321.65
524,4.76,4.7,2.16,76.01,74.13,361.80760000000004,0.029137996878726986,2462.8
577,2.13,3.49,2.14,85.18,71.82,181.4334,0.029796709858436392,2013.73
896,2.19,6.87,1.57,77.77,86.37,170.31629999999998,0.018177605861108503,6155.52
488,3.96,5.0,1.44,78.53,77.7,310.9788,0.018532816147642708,2440.0
823,2.94,5.26,2.18,76.88,77.07,226.0272,0.02828597011989489,4328.98
785,4.73,8.18,3.4,75.76,76.29,358.3448000000001,0.044566778795808254,6421.3
961,2.72,7.46,2.99,75.83,77.87,206.2576,0.03839732395051702,7169.06
670,4.17,7.47,3.25,77.77,82.58,324.30089999999996,0.03935577145122651,5004.9
508,2.0,1.61,2.91,74.82,82.3,149.64,0.03535844041817249,817.88
568,4.38,5.24,1.76,74.59,79.08,326.7042,0.02225594053415016,2976.32
634,3.62,6.86,1.2,77.48,83.71,280.4776,0.014335203161485705,4349.24
1089,3.0,9.78,1.48,76.02,72.29,228.06,0.02047309164848642,10650.42
735,4.45,11.76,4.37,75.3,72.96,335.085,0.05989582512392748,8643.6
814,3.68,6.41,2.49,76.64,86.14,282.03520000000003,0.028906428035009517,5217.74
619,2.02,3.69,1.49,77.43,70.81,156.4086,0.021042222702694152,2284.11
636,2.58,7.67,1.37,81.82,83.34,211.0956,0.01643868293272343,4878.12
546,3.61,6.95,3.42,75.37,86.19,272.08570000000003,0.03967977263258236,3794.7000000000003
757,5.54,7.53,2.92,77.08,77.2,427.0232,0.03782382929743144,5700.21
724,5.32,6.39,1.55,86.45,73.54,459.91400000000004,0.021076962050997815,4626.36
1163,3.97,4.29,1.61,76.4,88.6,303.30800000000005,0.018171555511111118,4989.27
1168,5.15,6.08,0.95,76.25,73.63,392.6875,0.012902347833444542,7101.4400000000005
1123,4.18,4.8,1.23,74.17,76.53,310.0306,0.01607212647692062,5390.4
506,2.65,5.09,1.29,83.8,87.4,222.07,0.014759723711702092,2575.54
416,3.55,4.73,1.94,77.35,74.48,274.5925,0.026047257512451995,1967.6800000000003
993,2.22,4.74,1.58,76.88,86.31,170.6736,0.018306103776375416,4706.820000000001
524,3.9,5.8,1.25,77.67,80.91,302.913,0.015449262705566345,3039.2
746,2.78,4.64,2.0,76.62,81.25,213.0036,0.02461538158579919,3461.4399999999996
940,4.54,7.16,1.41,76.64,72.08,347.9456,0.019561595510322487,6730.400000000001
726,2.37,7.25,3.04,77.45,73.8,183.55650000000003,0.04119240634249237,5263.5
812,2.08,4.55,2.48,74.43,71.86,154.8144,0.0345115454339625,3694.6
662,3.67,8.84,0.47,76.36,75.9,280.2412,0.006192357550414024,5852.08
752,4.24,3.03,2.68,74.33,83.65,315.1592,0.03203825080236093,2278.56
437,2.55,9.38,1.77,75.11,76.0,191.5305,0.023289470619806497,4099.06
858,2.74,12.22,1.11,80.6,85.45,220.844,0.01299005114218243,10484.76
785,2.36,4.35,1.04,77.11,72.27,181.97959999999998,0.01439047815269432,3414.7499999999995
628,2.08,7.52,1.95,76.48,76.7,159.07840000000002,0.025423725498862383,4722.5599999999995
952,3.98,10.04,3.34,74.28,79.62,295.6344,0.041949253711472775,9558.08
708,2.8,5.55,1.35,74.72,79.24,209.21599999999998,0.017036847925688048,3929.4
690,3.32,7.42,1.89,75.92,73.49,252.0544,0.025717781233122704,5119.8
636,2.14,5.68,2.08,77.4,70.79,165.63600000000002,0.02938267701897485,3612.48
1014,2.34,4.54,1.92,75.65,85.72,177.02100000000002,0.022398504153230966,4603.56
443,4.69,9.53,5.55,78.42,69.23,367.7898,0.08016754583741934,4221.79
562,2.47,6.67,1.77,78.36,77.95,193.5492,0.0227068604609544,3748.54
767,4.6,7.5,1.43,84.92,80.27,390.632,0.017814872578189537,5752.5
1330,2.43,6.63,4.66,75.33,79.41,183.05190000000002,0.05868277815353505,8817.9
1377,1.82,4.34,3.1,76.03,93.14,138.37460000000002,0.033283225973456516,5976.179999999999
950,2.73,4.68,0.98,76.83,80.78,209.7459,0.012131714269408978,4446.0
532,1.97,4.14,1.38,77.75,75.22,153.1675,0.01834618208638898,2202.48
1285,4.74,7.21,2.25,83.95,80.58,397.92300000000006,0.02792255796443808,9264.85
868,4.85,7.98,1.7,78.01,88.0,378.3485,0.019318179622934133,6926.64
531,4.61,4.19,1.35,75.79,79.33,349.3919000000001,0.01701751959945549,2224.8900000000003
605,5.6,3.33,1.34,76.38,76.99,427.72799999999995,0.01740485551307241,2014.65
629,2.43,3.93,2.92,75.81,70.17,184.21830000000003,0.04161321909459611,2471.9700000000003
874,2.99,5.14,2.22,75.64,75.08,226.16360000000003,0.029568456370743693,4492.36
518,0.26,4.8,2.25,77.62,77.44,20.1812,0.029054748314211218,2486.4
441,3.21,4.15,1.18,76.27,78.3,244.8267,0.01507024073177002,1830.15
632,2.21,5.56,2.42,84.53,81.69,186.8113,0.029624185380807272,3513.9199999999996
1179,5.16,3.89,6.12,76.23,70.94,393.34680000000003,0.08627007523680924,4586.31
849,2.99,5.96,3.33,77.8,72.25,232.622,0.04608995901869079,5060.04
1361,3.25,9.45,1.55,75.06,77.93,243.945,0.01988964200055922,12861.449999999999
687,2.79,6.86,2.36,76.52,85.85,213.49079999999998,0.02748980460223592,4712.820000000001
730,2.89,7.2,1.61,76.21,76.35,220.24689999999998,0.02108709612480732,5256.0
931,4.47,8.54,2.51,76.06,78.85,339.9882,0.03183258949491573,7950.739999999999
714,3.23,6.53,3.42,80.16,68.41,258.91679999999997,0.0499926838192247,4662.42
720,2.56,7.06,2.38,77.92,78.18,199.4752,0.03044256453791704,5083.2
856,0.81,4.55,2.8,75.77,77.68,61.3737,0.03604530946893544,3894.7999999999997
1154,2.25,6.92,2.46,75.64,81.85,170.19,0.030054974947467936,7985.68
774,3.18,5.64,2.05,74.42,74.56,236.65560000000002,0.027494631505548345,4365.36
1457,4.11,5.75,5.95,75.25,77.23,309.27750000000003,0.07704259005016313,8377.75
476,3.21,7.12,2.01,77.7,88.3,249.417,0.02276330433031661,3389.12
507,4.59,7.34,2.79,75.95,65.81,348.6105,0.04239476638888218,3721.38
743,2.11,3.68,2.13,76.8,85.06,162.04799999999997,0.025041144481407887,2734.2400000000002
627,3.58,6.26,2.09,77.55,92.29,277.629,0.02264600469758319,3925.02
524,3.22,8.19,1.86,79.28,68.36,255.28160000000003,0.027208890109875643,4291.5599999999995
532,2.43,6.73,2.53,75.05,78.0,182.3715,0.03243589327744958,3580.36
1011,2.66,6.94,1.42,73.82,68.07,196.3612,0.02086087544279779,7016.34
549,1.87,6.81,2.25,73.54,73.57,137.51980000000003,0.030583113961789594,3738.6899999999996
587,5.12,6.02,2.46,76.7,77.06,392.704,0.03192317260275466,3533.74
786,3.45,4.97,3.28,77.56,74.03,267.582,0.044306356300640774,3906.4199999999996
551,2.24,7.12,1.26,84.73,74.66,189.79520000000002,0.016876504570519077,3923.12
782,4.21,5.95,3.64,74.8,75.63,314.90799999999996,0.04812904295530306,4652.900000000001
589,3.14,3.54,2.13,77.31,90.88,242.75340000000003,0.02343749742105002,2085.06
665,3.76,6.46,1.74,74.99,79.43,281.96239999999995,0.02190607806797456,4295.9
931,2.5,5.33,3.36,76.99,71.94,192.475,0.04670558149769509,4962.2300000000005
621,4.43,9.95,1.45,75.83,75.24,335.9269,0.019271661447147603,6178.95
1088,3.88,6.59,1.15,82.16,83.66,318.7808,0.013746113585212336,7169.92
671,4.84,7.68,2.64,81.53,85.05,394.60519999999997,0.03104056072421391,5153.28
833,4.11,8.62,2.3,76.9,83.89,316.059,0.027416852137697918,7180.459999999999
1200,3.99,6.66,2.21,73.03,81.99,291.3897,0.026954503359616615,7992.0
1167,4.15,4.15,3.32,80.85,70.4,335.52750000000003,0.04715908421035735,4843.05
1066,1.72,6.11,3.45,76.56,78.55,131.6832,0.04392106379108036,6513.26
569,3.47,6.62,1.7,76.09,68.94,264.0323,0.024659120298938162,3766.78
971,3.96,5.51,1.05,76.33,71.75,302.2668,0.014634144301861421,5350.21
572,4.43,7.45,1.31,76.94,78.23,340.84419999999994,0.016745491915442678,4261.400000000001
1276,3.39,5.0,4.53,76.36,85.52,258.8604,0.05297005928787894,6380.0
750,4.14,12.24,2.61,76.48,70.38,316.6272,0.03708439370781561,9180.0
438,2.13,15.65,1.37,76.03,79.67,161.94389999999999,0.017195931066156512,6854.7
620,2.94,4.01,1.63,75.08,75.1,220.7352,0.021704391251079726,2486.2
405,2.29,3.83,3.45,76.56,87.02,175.32240000000002,0.03964605382141418,1551.15
731,3.44,4.54,2.78,78.76,76.81,270.93440000000004,0.036193199297851926,3318.7400000000002
451,3.11,6.27,2.3,74.48,79.52,231.6328,0.02892353761021911,2827.77
574,1.85,5.98,2.87,74.67,83.21,138.1395,0.034491042604129,3432.5200000000004
801,4.96,6.06,2.4,83.48,83.62,414.06080000000003,0.028701264206976294,4854.0599999999995
605,1.29,6.66,2.12,76.66,76.74,98.8914,0.027625745683379506,4029.3
1093,1.97,6.4,2.25,83.9,77.94,165.28300000000002,0.028868356573215733,6995.200000000001
717,3.07,6.45,6.05,85.0,82.97,260.95,0.0729179133520654,4624.650000000001
690,2.57,7.42,3.31,75.53,77.48,194.1121,0.04272069660290441,5119.8
982,2.99,6.49,4.26,78.15,80.56,233.66850000000002,0.05287983454818339,6373.18
795,2.47,7.74,5.65,84.2,83.86,207.97400000000002,0.06737418705292308,6153.3
613,3.42,5.59,3.3,74.24,78.1,253.90079999999998,0.042253515716579294,3426.67
452,3.07,13.78,2.53,76.46,78.85,234.73219999999998,0.03208623562634932,6228.5599999999995
499,3.85,5.61,2.76,76.37,81.74,294.02450000000005,0.0337655941074634,2799.3900000000003
974,2.6,5.88,1.06,76.97,89.35,200.122,0.011863456982265588,5727.12
1671,4.93,2.78,2.74,75.1,83.39,370.24299999999994,0.032857652853141524,4645.38
726,4.14,6.82,3.36,75.77,81.1,313.6878,0.041430327813769686,4951.320000000001
864,2.71,6.03,3.48,74.08,79.27,200.7568,0.04390058737219788,5209.92
966,2.07,8.43,1.77,75.28,82.86,155.8296,0.021361329789846756,8143.38
511,3.54,9.86,1.99,76.49,66.04,270.77459999999996,0.030133248011319193,5038.46
858,4.62,8.04,3.18,77.31,82.1,357.17220000000003,0.038733247413733574,6898.32
933,2.31,4.54,2.75,78.06,90.3,180.3186,0.03045403870940878,4235.82
1072,3.04,4.02,2.56,78.94,78.18,239.9776,0.03274494336851581,4309.44
1149,3.91,4.23,2.07,85.85,85.2,335.6735,0.02429577179627091,4860.27
800,2.95,5.12,2.62,76.8,67.22,226.56,0.03897648929239969,4096.0
978,2.15,4.14,1.69,78.15,89.77,168.0225,0.01882588628429472,4048.9199999999996
870,2.25,4.32,1.28,72.68,77.9,163.53000000000003,0.01643132009867521,3758.4
1050,2.19,4.59,0.85,75.66,85.32,165.69539999999998,0.009962492972047238,4819.5
789,2.91,5.44,1.64,76.9,89.56,223.77900000000002,0.018311744270685094,4292.16
851,5.95,7.4,2.2,84.18,79.45,500.87100000000004,0.027690367817448984,6297.400000000001
1138,4.25,3.15,2.99,76.55,73.1,325.3375,0.04090286718155032,3584.7
448,2.21,7.25,2.66,74.56,81.08,164.7776,0.032807100048458306,3248.0
645,4.69,6.34,3.41,75.7,92.05,355.033,0.03704508016892122,4089.2999999999997
444,4.61,18.75,3.07,74.84,75.78,345.0124,0.04051200309949814,8325.0
1052,3.52,5.52,6.27,77.1,70.32,271.392,0.08916380984587459,5807.04
769,2.79,4.62,3.16,77.09,81.05,215.08110000000002,0.038988274029824306,3552.78
702,3.76,11.47,3.05,76.84,85.98,288.9184,0.0354733617732773,8051.9400000000005
430,4.42,6.65,1.44,76.51,80.34,338.17420000000004,0.01792382151807051,2859.5
691,3.67,6.22,3.76,84.35,79.08,309.56449999999995,0.047546782050229885,4298.0199999999995
526,2.51,11.48,6.43,75.12,75.04,188.5512,0.08568762184333396,6038.4800000000005
722,4.23,4.69,1.52,77.26,83.09,326.80980000000005,0.018293414575350272,3386.1800000000003
610,3.15,6.2,1.27,77.12,72.15,242.928,0.01760221516254814,3782.0
1041,3.47,6.48,2.62,77.1,74.96,267.537,0.03495196972358995,6745.68
1015,2.96,2.24,2.89,75.85,75.75,224.516,0.03815181014497556,2273.6000000000004
905,4.24,6.14,1.11,85.57,88.37,362.8168,0.012560822387595068,5556.7
1031,3.46,5.48,3.48,76.74,71.94,265.5204,0.048373637979755635,5649.88
533,2.17,7.45,3.16,79.5,82.98,172.515,0.038081460824118965,3970.85
514,3.74,7.5,1.75,75.53,84.62,282.48220000000003,0.020680687700225985,3855.0
813,2.45,6.65,1.87,78.53,67.74,192.3985,0.027605546559559116,5406.450000000001
769,3.55,6.98,1.0,76.59,72.43,271.8945,0.013806431891974056,5367.62
451,2.69,4.44,4.54,76.87,76.81,206.7803,0.0591068794288661,2002.4400000000003
448,1.81,4.91,2.72,80.99,70.57,146.59189999999998,0.038543284888297454,2199.6800000000003
817,2.71,3.2,1.78,76.69,76.84,207.82989999999998,0.02316501520496939,2614.4
1174,2.66,4.64,6.12,78.27,81.16,208.1982,0.07540659494743779,5447.36
697,3.18,4.32,1.97,76.48,73.14,243.20640000000003,0.0269346422019904,3011.0400000000004
562,4.2,4.1,2.56,75.9,84.93,318.78000000000003,0.030142466720538472,2304.2
974,2.54,7.14,2.46,83.88,83.29,213.05519999999999,0.029535354840274357,6954.36
903,4.76,2.59,1.47,80.55,82.08,383.41799999999995,0.01790935454320729,2338.77
491,3.6,8.78,1.15,74.3,73.94,267.48,0.015553149100196225,4310.98
792,5.33,4.41,2.93,76.12,87.36,405.7196,0.0335393734501633,3492.7200000000003
838,4.58,9.34,2.86,76.71,71.76,351.3318,0.03985506690982902,7826.92
734,3.25,5.79,1.4,85.3,78.9,277.22499999999997,0.017743977472246198,4249.86
665,2.38,5.23,1.18,77.2,85.97,183.736,0.013725716677245937,3477.9500000000003
1158,3.54,3.94,2.38,76.49,70.23,270.77459999999996,0.033888646748021244,4562.5199999999995
453,2.06,6.29,1.38,74.16,76.32,152.7696,0.01808175863708613,2849.37
1190,2.32,8.15,2.58,76.4,73.9,177.248,0.03491203857753199,9698.5
570,4.08,9.87,2.27,76.92,87.6,313.8336,0.025913239051000108,5625.9
782,5.97,11.53,2.02,76.31,78.26,455.5707,0.02581139460626187,9016.46
628,5.18,5.18,1.45,76.28,82.38,395.1304,0.017601357416683974,3253.04
571,2.7,3.29,1.49,75.12,88.37,202.824,0.016860923745510493,1878.59
748,3.48,6.87,1.72,75.75,81.25,263.61,0.0211692281637873,5138.76
1054,5.13,6.67,2.09,76.05,70.22,390.13649999999996,0.029763595875306765,7030.18
677,4.29,7.6,1.62,75.44,73.57,323.6376,0.02201984205248851,5145.2
521,4.14,2.15,2.14,75.09,87.97,310.8726,0.02432647216932225,1120.1499999999999
395,4.31,7.69,2.59,78.92,80.07,340.1452,0.03234669260063787,3037.55
744,4.69,6.56,1.2,74.89,93.93,351.2341,0.012775469735391275,4880.639999999999
1061,1.03,6.64,2.91,76.43,74.5,78.72290000000001,0.03906039744155739,7045.04
908,3.47,5.53,0.72,76.62,77.35,265.87140000000005,0.009308337516698446,5021.24
489,2.6,5.18,2.08,80.56,74.31,209.45600000000002,0.0279908453787047,2533.02
798,3.62,4.26,2.55,75.07,69.32,271.7534,0.036785915062620446,3399.48
810,2.27,5.35,1.47,77.16,88.79,175.1532,0.016555916594670952,4333.5
1278,2.9,7.01,4.31,83.78,81.24,242.962,0.053052676876824606,8958.779999999999
859,2.19,6.03,1.3,78.41,83.01,171.7179,0.01566076187679052,5179.77
719,3.96,4.22,2.61,74.37,79.65,294.5052,0.03276835746787728,3034.18
1015,3.01,4.18,2.79,75.89,85.17,228.4289,0.032758009538803624,4242.7
828,3.2,8.56,2.31,85.83,75.13,274.656,0.030746701617635885,7087.68
687,4.23,5.83,3.13,74.08,68.66,313.3584,0.04558694354981888,4005.21
487,2.76,7.35,2.46,75.03,69.42,207.0828,0.03543646853407252,3579.45
856,1.84,5.73,1.83,77.91,91.14,143.3544,0.020078997138578327,4904.88
396,3.92,8.0,1.91,74.34,74.8,291.4128,0.025534755944551343,3168.0
852,4.41,3.74,1.85,76.77,81.85,338.5557,0.022602318558055157,3186.48
656,4.24,12.47,1.82,76.6,87.47,324.784,0.020807131495697784,8180.320000000001
1190,4.45,4.52,1.32,88.5,85.25,393.825,0.0154838691514523,5378.799999999999
751,4.3,7.39,1.71,77.92,88.83,335.056,0.019250251125717537,5549.889999999999
489,2.22,7.21,0.06,78.07,79.47,173.3154,0.0007550017925000889,3525.69
485,4.7,6.14,2.98,77.43,85.15,363.92100000000005,0.03499705989464945,2977.8999999999996
1113,4.93,7.26,1.6,75.36,76.54,371.52479999999997,0.020904099698967896,8080.38
568,2.6,5.96,2.69,86.77,87.86,225.602,0.03061688702289016,3385.28
736,3.06,5.09,1.95,75.82,92.52,232.0092,0.021076521716761595,3746.24
627,4.82,3.78,1.83,80.91,86.66,389.9862,0.02111700656392724,2370.06
589,2.35,7.65,1.67,74.0,70.51,173.9,0.02368458038794775,4505.85
788,3.61,7.27,1.73,87.35,90.78,315.33349999999996,0.019057058927400426,5728.759999999999
801,4.72,15.77,1.52,81.75,72.88,385.85999999999996,0.02085619911413294,12631.77
934,3.18,6.77,1.35,75.4,70.93,239.77200000000002,0.019032846604702294,6323.179999999999
1268,4.89,6.34,2.69,74.9,81.69,366.261,0.03292936308858329,8039.12
1015,2.23,4.48,2.97,77.95,77.26,173.8285,0.0384416207039062,4547.200000000001
995,4.69,8.7,1.81,75.09,73.58,352.17210000000006,0.024599072492651197,8656.5
794,5.01,5.41,1.55,77.18,75.79,386.6718,0.020451244167931894,4295.54
654,2.27,5.85,2.97,82.62,78.51,187.5474,0.03782957103177034,3825.8999999999996
681,5.05,5.26,1.42,77.89,72.45,393.3445,0.0195997212422745,3582.06
946,3.53,6.54,4.02,74.82,75.65,264.11459999999994,0.05313945100602101,6186.84
1272,2.07,0.79,0.83,78.67,78.04,162.8469,0.010635570138958206,1004.88
616,4.26,15.01,3.67,76.99,70.97,327.9774,0.05171198369564834,9246.16
636,4.87,8.48,1.99,78.43,70.52,381.95410000000004,0.028218940978596004,5393.280000000001
649,4.01,8.53,1.84,74.53,80.18,298.8653,0.022948363313998087,5535.969999999999
1458,3.09,6.66,2.07,75.91,82.32,234.56189999999998,0.025145769540115458,9710.28
524,2.48,7.3,3.01,74.93,76.62,185.8264,0.039284776914020235,3825.2
487,2.13,3.87,3.2,85.53,93.58,182.1789,0.03419533723067566,1884.69
656,4.4,5.43,1.41,88.95,78.01,391.38000000000005,0.01807460350280688,3562.08
787,4.38,11.35,1.69,74.26,78.55,325.2588,0.02151495588606545,8932.449999999999
1042,3.28,4.31,2.63,83.19,67.05,272.86319999999995,0.03922445350865719,4491.0199999999995
700,4.14,9.99,1.18,83.23,76.09,344.5722,0.015507949072420937,6993.0
741,3.88,5.18,1.3,75.6,78.19,293.328,0.016626164902651886,3838.3799999999997
735,3.6,1.75,2.77,76.68,81.06,276.04800000000006,0.03417221389437282,1286.25
916,3.95,4.3,2.28,77.76,69.83,307.15200000000004,0.03265071850913382,3938.7999999999997
669,3.63,7.73,1.59,77.73,69.96,282.1599,0.0227272694786636,5171.37
521,2.92,3.04,2.38,84.41,86.35,246.47719999999998,0.02756224347860527,1583.84
669,2.93,5.23,1.36,76.11,73.22,223.00230000000002,0.01857415752879575,3498.8700000000003
1083,3.16,7.42,2.01,77.04,75.61,243.44640000000004,0.026583781697687908,8035.86
976,4.69,9.55,1.84,86.37,82.82,405.0753,0.02221685314937779,9320.800000000001
766,4.6,8.7,1.67,77.77,74.38,357.74199999999996,0.022452269097570705,6664.2
934,2.07,2.74,1.55,77.06,89.71,159.5142,0.017277893514893155,2559.1600000000003
659,4.52,8.54,3.7,77.33,72.08,349.53159999999997,0.05133184637460511,5627.86
630,3.94,9.65,2.98,75.26,80.9,296.5244,0.03683559495233684,6079.5
623,0.76,7.87,3.74,78.28,80.08,59.4928,0.046703290871217426,4903.01
702,5.37,5.7,2.45,75.74,78.59,406.7238,0.031174445708812098,4001.4
1289,2.3,2.9,2.49,76.42,77.65,175.766,0.032066963030655114,3738.1
645,2.43,9.0,2.8,86.93,81.07,211.23990000000003,0.034538049273707995,5805.0
1074,2.59,4.97,2.29,78.13,93.39,202.3567,0.024520824015330976,5337.78
632,2.85,7.92,1.1,75.82,74.67,216.087,0.014731483228675074,5005.44
794,4.47,6.52,2.41,76.17,68.83,340.4799,0.03501379703417158,5176.88
736,4.78,7.93,2.7,75.9,78.81,362.802,0.03425960737728621,5836.48
415,4.81,15.92,1.19,75.35,69.18,362.4334999999999,0.01720150083817565,6606.8
502,4.16,5.49,2.41,76.13,84.76,316.7008,0.028433219863942913,2755.98
393,4.0,6.38,2.16,76.42,74.93,305.68,0.028826901264259807,2507.34
397,5.26,3.55,0.95,76.86,82.35,404.2836,0.011536124889359454,1409.35
764,3.7,5.48,2.39,75.96,88.58,281.05199999999996,0.026981256832100155,4186.72
382,4.01,6.04,5.22,77.0,81.06,308.77,0.06439673520889029,2307.28
436,3.9,6.91,3.37,76.39,88.82,297.921,0.037941900704582227,3012.76
459,3.15,4.09,1.79,78.21,82.17,246.36149999999998,0.02178410347035372,1877.31
932,2.95,9.36,1.66,74.33,88.92,219.2735,0.018668463937419708,8723.519999999999
1014,1.95,7.16,1.44,77.58,80.55,151.281,0.01787709275268867,7260.24
411,2.62,7.66,1.58,77.03,76.45,201.8186,0.02066709997814258,3148.26
650,2.94,5.4,2.0,74.82,83.69,219.97079999999997,0.02389771491244893,3510.0000000000005
966,1.87,9.71,1.91,77.21,76.15,144.3827,0.025082071558493554,9379.86
682,5.15,7.4,1.98,77.35,88.21,398.3525,0.02244643209993968,5046.8
587,4.05,6.09,1.69,77.68,63.09,314.60400000000004,0.026787125251684057,3574.83
388,1.91,5.7,1.22,77.47,72.97,147.96769999999998,0.016719197379855093,2211.6
1081,2.38,4.95,0.88,80.26,78.74,191.0188,0.011176020932687207,5350.95
391,3.21,4.4,2.74,82.69,80.83,265.43489999999997,0.03389830089096859,1720.4
543,4.3,5.2,4.13,77.01,85.26,331.14300000000003,0.04844005999999296,2823.6
559,2.46,8.58,1.91,76.38,82.24,187.89479999999998,0.023224705347190497,4796.22
710,4.75,5.26,2.94,75.11,72.45,356.7725,0.0405797045438641,3734.6
1160,4.56,6.08,1.93,78.48,89.95,357.86879999999996,0.02145636226166067,7052.8
808,3.96,4.5,0.97,86.93,76.27,344.24280000000005,0.012717973945460346,3636.0
1472,5.03,3.83,2.34,75.05,69.7,377.5015,0.03357244855488543,5637.76
605,2.09,4.23,1.74,75.18,75.09,157.1262,0.023172190282036185,2559.15
757,2.65,8.52,1.85,74.42,77.19,197.213,0.023966831977350438,6449.639999999999
1221,2.46,5.53,1.8,74.97,84.94,184.4262,0.021191426749302245,6752.13
792,2.27,5.88,2.08,73.51,82.91,166.8677,0.0250874411907561,4656.96
735,3.26,5.64,0.95,83.11,79.17,270.9386,0.011999493242453802,4145.4
412,2.9,5.24,1.54,74.64,64.97,216.456,0.02370324400442604,2158.88
548,4.72,4.14,2.9,76.98,79.72,363.3456,0.03637731605904214,2268.72
995,3.54,7.91,1.88,78.3,78.76,277.182,0.02386998173311557,7870.45
624,4.08,5.46,3.31,80.74,82.25,329.4192,0.04024315620143998,3407.04
603,3.97,4.48,1.67,76.76,77.47,304.73720000000003,0.021556728855462906,2701.44
604,4.8,6.12,0.95,77.24,75.41,370.75199999999995,0.012597797029863807,3696.48
639,2.23,6.82,2.8,82.17,85.38,183.2391,0.03279456163099536,4357.9800000000005
961,5.78,5.69,1.39,73.89,76.15,427.0842,0.018253444746757087,5468.09
1558,3.34,4.85,2.14,77.52,68.34,258.91679999999997,0.031314013562479724,7556.299999999999
810,2.9,7.38,2.1,78.04,71.68,226.316,0.029296870912824926,5977.8
488,2.52,9.83,5.56,75.1,77.72,189.25199999999998,0.07153884823226347,4797.04
818,4.93,1.79,2.17,77.51,76.36,382.1243,0.028418016184125695,1464.22
1654,5.56,8.79,3.07,75.89,83.94,421.9484,0.036573738792740194,14538.659999999998
1271,4.57,6.66,0.92,75.7,75.44,345.949,0.012195120334687124,8464.86
1609,1.86,6.71,3.04,76.34,83.08,141.9924,0.03659123295724206,10796.39
1880,3.16,4.89,2.4,76.85,80.47,242.846,0.029824775714579876,9193.199999999999
739,3.54,5.92,1.02,74.38,81.98,263.3052,0.01244205752109569,4374.88
896,3.22,3.85,1.77,86.67,76.12,279.0774,0.02325275574714191,3449.6
658,2.92,6.26,1.92,75.39,77.63,220.1388,0.02473270324195501,4119.08
749,3.23,3.83,3.5,75.25,76.53,243.0575,0.045733693227009896,2868.67
604,2.39,10.09,1.36,83.84,74.22,200.37760000000003,0.018323899444368172,6094.36
869,3.9,7.95,3.69,76.64,77.98,298.896,0.047319819528107265,6908.55
571,5.17,7.44,2.28,76.5,68.76,395.505,0.03315880844112733,4248.24
767,2.29,1.91,6.06,77.46,88.29,177.3834,0.06863743701014417,1464.97
489,2.39,8.91,2.04,81.03,75.79,193.66170000000002,0.026916476195213587,4356.99
725,2.53,6.98,4.09,74.63,79.53,188.81389999999996,0.0514271279483053,5060.5
765,2.65,4.29,2.61,84.91,75.2,225.01149999999998,0.03470744219315928,3281.85
697,2.56,5.57,2.55,76.97,81.04,197.0432,0.031465938861557394,3882.2900000000004
847,2.77,5.06,2.05,77.78,67.92,215.4506,0.030182563282897038,4285.82
996,3.49,6.67,2.77,76.75,79.7,267.8575,0.03475532813609433,6643.32
629,4.57,7.42,2.34,74.38,71.84,339.9166,0.0325723785394796,4667.18
549,2.8,13.42,2.94,76.66,71.23,214.64799999999997,0.04127473799315765,7367.58
814,4.41,14.42,4.53,75.76,81.77,334.1016,0.05539928391839503,11737.88
746,4.47,6.02,3.21,74.14,79.61,331.4058,0.04032156257736935,4490.92
879,4.03,12.05,1.35,76.09,73.78,306.64270000000005,0.018297639157273088,10591.95
1166,3.16,7.49,1.49,76.87,75.76,242.90920000000003,0.019667368048129876,8733.34
698,2.83,6.31,2.65,74.24,77.01,210.0992,0.03441111097115816,4404.38
471,3.46,5.16,2.98,76.97,65.42,266.3162,0.04555181205261204,2430.36
1126,2.46,4.98,2.93,79.37,71.72,195.2502,0.04085331276445723,5607.4800000000005
1368,4.52,12.73,3.48,80.52,80.46,363.95039999999995,0.04325129962076813,17414.64
445,2.05,5.39,1.72,76.41,80.07,156.64049999999997,0.021481201263744067,2398.5499999999997
528,2.56,6.21,1.85,77.22,82.93,197.6832,0.022307967887619934,3278.88
607,4.11,5.09,2.2,75.75,87.93,311.33250000000004,0.025019899349493988,3089.63
1204,3.28,6.37,4.6,87.46,87.69,286.86879999999996,0.05245751482979646,7669.4800000000005
422,2.78,5.58,2.49,76.63,68.39,213.03139999999996,0.03640882637683486,2354.76
634,3.69,6.48,1.95,76.64,77.9,282.8016,0.025032089212825515,4108.320000000001
808,5.11,7.94,2.34,75.39,86.13,385.2429,0.02716823091045734,6415.52
1109,3.34,6.26,2.53,78.07,82.82,260.75379999999996,0.03054817308039446,6942.34
633,5.06,11.62,3.03,77.61,76.78,392.7066,0.03946339678778369,7355.459999999999
449,3.96,1.33,3.01,77.45,83.34,306.702,0.03611710629744344,597.1700000000001
884,4.48,0.55,1.65,80.12,78.18,358.93760000000003,0.021105139280488704,486.20000000000005
448,2.57,8.69,1.1,74.83,85.3,192.3131,0.012895660856311742,3893.12
1396,2.44,3.66,1.39,76.73,72.98,187.2212,0.019046311448847428,5109.360000000001
894,2.37,5.14,1.37,74.55,82.83,176.6835,0.01653989900520355,4595.16
1000,2.85,7.07,1.75,75.35,68.14,214.7475,0.025682414780978165,7070.0
587,2.39,4.43,1.73,74.9,78.99,179.01100000000002,0.021901503747119414,2600.41
976,2.98,6.51,3.81,77.16,83.71,229.93679999999998,0.04551427003771712,6353.76
447,2.67,5.09,2.04,77.96,75.08,208.15319999999997,0.027171013962305014,2275.23
663,4.3,8.1,2.58,77.99,73.2,335.35699999999997,0.03524589682433103,5370.3
496,2.81,3.19,0.91,77.15,80.95,216.7915,0.011241505714452659,1582.24
688,4.05,6.92,1.4,75.99,66.28,307.75949999999995,0.021122507374395385,4760.96
513,2.91,4.47,1.14,78.52,75.24,228.4932,0.015151513137757424,2293.1099999999997
853,3.61,9.02,1.78,79.25,82.29,286.0925,0.021630815210740645,7694.0599999999995
1096,5.17,5.21,4.4,74.97,72.37,387.5949,0.060798665082400845,5710.16
715,3.36,6.87,1.53,75.59,77.63,253.9824,0.0197088728959329,4912.05
456,4.48,3.79,1.28,74.5,91.14,333.76000000000005,0.014044325867420906,1728.24
1248,3.21,8.14,1.58,85.04,86.02,272.9784,0.018367819301578783,10158.720000000001
427,2.64,5.35,6.91,74.61,70.46,196.9704,0.0980698129336059,2284.45
530,2.23,6.37,6.08,76.21,68.45,169.9483,0.08882394611775805,3376.1
846,2.89,6.15,3.1,76.16,88.67,220.1024,0.0349610877454508,5202.900000000001
500,2.12,1.67,2.21,78.43,89.13,166.27160000000003,0.02479524012170536,835.0
721,3.46,15.29,2.75,74.1,83.7,256.38599999999997,0.03285543215586235,11024.09
644,4.16,6.25,3.12,75.75,83.48,315.12,0.03737421689336166,4025.0
654,3.82,14.54,1.56,77.56,77.62,296.2792,0.0200979103197745,9509.16
448,5.73,5.0,3.37,77.43,79.61,443.67390000000006,0.042331360089013934,2240.0
1435,2.62,8.57,2.31,76.2,90.05,199.644,0.025652412476134097,12297.95
913,2.87,6.14,3.19,77.07,74.25,221.1909,0.042962957176706104,5605.82
724,2.72,5.53,3.29,76.98,76.4,209.38560000000004,0.04306282158863591,4003.7200000000003
562,4.18,5.53,1.94,78.05,71.31,326.24899999999997,0.027205156751485517,3107.86
890,2.57,8.11,2.48,77.04,79.4,197.99280000000002,0.031234252993167125,7217.9
1200,2.61,11.86,2.58,74.26,72.41,193.8186,0.03563043286418549,14232.0
359,3.82,5.78,3.0,75.63,76.52,288.90659999999997,0.039205431363639395,2075.02
519,1.8,9.97,2.48,77.7,74.42,139.86,0.03332437069008725,5174.43
953,3.61,9.34,4.2,74.48,68.45,268.8728,0.06135864698924076,8901.02
1088,3.41,6.44,3.07,77.15,88.52,263.0815,0.03468142400797288,7006.72
630,2.13,3.71,0.7,76.28,88.23,162.47639999999998,0.007933808462676134,2337.3
863,2.81,7.27,2.21,76.52,70.52,215.0212,0.03133862289582772,6274.009999999999
1501,4.65,2.74,2.55,77.8,75.85,361.77000000000004,0.033618980406199026,4112.740000000001
380,2.34,4.08,1.8,73.13,69.78,171.12419999999997,0.025795353139101012,1550.4
590,4.01,4.13,1.67,77.86,81.38,312.2186,0.020521010012163922,2436.7
639,2.42,7.46,1.2,74.47,82.05,180.2174,0.014625226736718252,4766.94
543,4.13,5.38,1.31,74.91,83.39,309.37829999999997,0.015709315780151605,2921.34
677,3.28,5.38,1.24,75.55,78.75,247.80399999999997,0.015746029746535904,3642.2599999999998
1096,3.31,7.45,3.71,77.69,76.18,257.1539,0.048700439918556056,8165.2
783,4.31,8.38,2.63,78.18,69.63,336.9558,0.03777107026122788,6561.540000000001
731,3.74,5.56,2.19,85.97,74.57,321.5278,0.029368374766209633,4064.3599999999997
598,2.75,5.69,3.02,73.86,79.45,203.115,0.038011323094861785,3402.6200000000003
838,2.41,4.89,1.19,76.16,79.87,183.5456,0.014899209352797125,4097.82
1285,4.48,2.27,2.15,77.6,72.11,347.648,0.0298155554270482,2916.95
1111,3.04,2.25,1.26,75.3,78.92,228.912,0.015965532695700366,2499.75
1386,2.36,8.02,2.3,76.41,75.56,180.3276,0.03043938188997063,11115.72
1227,2.09,8.78,4.0,75.96,80.79,158.75639999999999,0.049511071975359325,10773.06
706,3.56,6.09,1.27,78.23,90.77,278.4988,0.013991405311071355,4299.54
663,4.5,5.72,3.15,76.01,81.01,342.045,0.03888408358423853,3792.3599999999997
637,4.03,7.36,2.95,77.94,76.27,314.0982,0.03867837437021446,4688.320000000001
888,3.66,8.78,1.29,76.03,71.01,278.26980000000003,0.01816645287051783,7796.639999999999
1314,2.27,6.74,1.98,76.64,84.67,173.9728,0.023384903344171093,8856.36
1493,2.4,7.38,2.83,77.93,78.9,187.032,0.03586818303318339,11018.34
1142,3.41,4.41,2.67,77.3,71.4,263.593,0.037394952745804934,5036.22
751,2.91,7.77,2.07,83.61,81.57,243.3051,0.025376973718649783,5835.2699999999995
851,3.89,7.65,3.5,73.58,81.85,286.2262,0.04276114321794219,6510.150000000001
1144,2.24,4.42,4.16,75.09,75.83,168.2016,0.0548595470315776,5056.48
534,5.2,6.47,2.7,76.31,76.54,396.812,0.035275668242008326,3454.98
643,1.87,2.79,2.9,75.05,80.66,140.3435,0.03595338011983881,1793.97
720,3.88,7.91,1.92,76.8,86.43,297.984,0.022214506280862398,5695.2
534,2.88,7.8,1.42,74.38,71.55,214.21439999999998,0.01984625858193451,4165.2
429,2.92,7.35,1.39,76.73,86.29,224.0516,0.016108469566755174,3153.1499999999996
1115,3.14,7.4,1.79,74.94,82.15,235.3116,0.021789406964162268,8251.0
434,2.73,7.95,3.37,75.4,81.05,205.842,0.041579266924211364,3450.3
702,3.25,8.81,1.79,77.12,88.27,250.64000000000001,0.020278688084435472,6184.620000000001
717,2.64,6.05,2.73,76.06,85.59,200.79840000000002,0.0318962458352324,4337.849999999999
630,1.74,2.31,1.61,83.57,69.44,145.4118,0.023185480532044854,1455.3
581,4.61,5.81,1.4,79.28,74.73,365.48080000000004,0.018734106953819486,3375.6099999999997
1137,3.82,6.37,3.18,76.13,67.45,290.8166,0.04714602710955862,7242.6900000000005
619,4.54,6.52,2.67,79.44,72.12,360.6576,0.03702162548230373,4035.8799999999997
542,2.16,5.83,2.03,77.75,82.52,167.94,0.02460009396508798,3159.86
984,2.43,3.55,2.25,74.5,74.92,181.03500000000003,0.030032030161234628,3493.2
970,4.24,6.09,2.85,85.91,80.42,364.2584,0.03543894112920404,5907.3
1345,3.83,5.64,1.52,81.1,75.03,310.613,0.020258560541308736,7585.799999999999
774,3.18,6.3,3.1,75.68,72.15,240.66240000000005,0.04296603701094428,4876.2
374,3.3,9.15,1.52,74.41,68.88,245.55299999999997,0.02206736032703828,3422.1
510,4.11,8.66,3.65,74.75,75.52,307.2225,0.04833156139677418,4416.6
1067,2.6,6.11,1.83,74.99,82.25,194.974,0.022249237416506088,6519.37
828,3.98,6.86,1.16,82.32,74.36,327.63359999999994,0.015599782732681181,5680.08
578,2.59,5.77,1.88,74.72,81.68,193.5248,0.023016647524896235,3335.06
1203,2.67,2.36,1.2,78.1,67.95,208.527,0.017660041551134428,2839.08
666,2.06,2.24,1.78,77.37,79.13,159.3822,0.022494626248625523,1491.8400000000001
1346,3.54,5.78,2.63,77.6,76.78,274.704,0.03425370744286175,7779.88
635,2.14,5.86,1.2,74.29,72.67,158.9806,0.016513001718315434,3721.1000000000004
608,0.79,5.95,3.31,77.46,77.23,61.1934,0.04285898706992269,3617.6
481,4.0,6.41,2.62,76.51,79.77,306.04,0.03284442361233251,3083.21
627,3.2,8.28,2.45,75.6,77.6,241.92,0.03157216087987618,5191.5599999999995
634,4.0,7.85,1.78,75.12,77.91,300.48,0.022846871666426433,4976.9
980,2.95,7.96,1.88,76.09,69.87,224.46550000000002,0.02690710935922293,7800.8
587,5.63,2.44,2.0,80.1,88.42,450.96299999999997,0.022619314338462527,1432.28
1029,4.51,5.96,4.35,73.67,80.4,332.25169999999997,0.05410447088252849,6132.84
833,4.49,4.71,1.6,75.98,89.06,341.15020000000004,0.01796541455587081,3923.43
948,3.34,11.2,3.7,76.26,72.6,254.7084,0.05096418030796415,10617.599999999999
621,2.48,5.73,2.24,76.88,77.29,190.6624,0.02898175326927762,3558.3300000000004
673,2.73,5.06,2.89,76.72,84.18,209.44559999999998,0.03433119097990128,3405.3799999999997
935,3.81,5.94,3.87,75.66,83.39,288.2646,0.04640843669403565,5553.900000000001
1280,2.41,6.3,2.6,85.83,84.65,206.8503,0.030714703991174954,8064.0
1031,3.66,5.28,4.95,78.08,84.01,285.7728,0.05892154994386978,5443.68
960,4.08,5.11,2.81,75.77,75.08,309.1416,0.037426739820626026,4905.6
505,2.63,6.82,1.23,76.56,88.12,201.3528,0.013958237181316705,3444.1000000000004
899,3.96,6.36,3.41,76.78,69.24,304.0488,0.049248981910892276,5717.64
402,3.51,7.71,1.76,79.71,68.33,279.78209999999996,0.025757350247716925,3099.42
525,2.58,3.2,2.29,76.02,74.89,196.1316,0.03057817724954236,1680.0
772,5.0,5.49,1.46,75.68,75.67,378.40000000000003,0.019294301665877932,4238.28
770,3.81,5.61,1.66,75.66,85.68,288.2646,0.01937441417198714,4319.7
432,5.61,5.32,6.8,76.95,69.4,431.68950000000007,0.09798269481517365,2298.2400000000002
782,4.04,8.22,2.01,77.78,80.84,314.2312,0.024863925672448575,6428.040000000001
403,1.96,5.34,2.79,89.42,85.98,175.2632,0.03244940306473563,2152.02
1061,2.2,4.74,1.73,75.01,87.5,165.02200000000002,0.019771426311836992,5029.14
763,1.54,5.29,1.2,76.34,68.88,117.56360000000001,0.017421600258188116,4036.27
512,1.86,6.33,1.13,76.62,74.16,142.5132,0.015237322648688961,3240.96
664,2.67,3.51,1.65,83.88,93.03,223.9596,0.01773621221797138,2330.64
725,3.88,5.78,1.86,77.24,91.93,299.6912,0.020232783614404042,4190.5
975,3.15,12.13,1.24,84.45,84.15,266.0175,0.014735589455069581,11826.75
565,2.62,7.64,1.54,76.38,69.75,200.1156,0.022078849881168476,4316.599999999999
514,3.55,8.51,3.14,76.42,83.86,271.291,0.03744335351259796,4374.14
657,3.93,6.3,1.58,78.53,77.53,308.6229,0.02037920541993997,4139.099999999999
1443,3.11,5.93,1.93,76.07,78.31,236.57769999999996,0.024645635979359468,8556.99
829,3.42,6.11,2.29,86.46,74.94,295.6932,0.03055777547934675,5065.1900000000005
835,3.64,9.14,2.75,77.05,77.35,280.462,0.03555267801516768,7631.900000000001
1099,4.21,4.32,1.72,83.12,81.49,349.9352,0.021106881690160548,4747.68
1050,1.86,8.13,1.76,76.9,84.72,143.03400000000002,0.020774312939764762,8536.5
457,4.16,5.23,1.94,77.7,71.25,323.232,0.027228066353955596,2390.11
1144,3.08,9.88,2.6,74.7,80.83,230.07600000000002,0.03216627091843735,11302.720000000001
715,4.53,8.49,1.87,77.16,79.73,349.5348,0.023454154840818406,6070.35
638,2.65,5.22,1.53,80.69,77.05,213.8285,0.01985723298413589,3330.3599999999997
383,3.59,6.24,2.02,75.1,83.93,269.609,0.024067672576233455,2389.92
737,3.71,5.13,1.61,75.8,82.47,281.21799999999996,0.019522248148145006,3780.81
633,2.57,5.07,2.27,77.64,72.31,199.5348,0.03139261078791166,3209.3100000000004
567,4.29,5.67,1.29,77.15,71.37,330.9735,0.01807481882095855,3214.89
477,3.31,7.07,1.42,80.24,84.29,265.5944,0.01684659902163969,3372.3900000000003
1023,3.53,7.69,1.68,82.14,85.69,289.9542,0.019605552619260985,7866.870000000001
773,4.45,7.41,1.71,76.34,72.69,339.713,0.023524553098837102,5727.93
1683,2.99,6.6,1.95,77.2,72.61,230.82800000000003,0.026855801286902452,11107.8
1508,3.66,10.02,2.37,83.08,73.45,304.07280000000003,0.0322668438030165,15110.16
1565,0.21,4.45,2.37,76.05,89.12,15.9705,0.02659335428710118,6964.25
864,4.16,5.29,2.46,87.56,94.78,364.24960000000004,0.025954840055408306,4570.56
935,2.91,4.69,0.81,77.72,89.83,226.1652,0.009017031168091822,4385.150000000001
699,5.27,12.75,1.59,77.03,70.38,405.94809999999995,0.022591642143841698,8912.25
566,3.51,7.18,2.11,77.83,71.2,273.1833,0.029634827298479306,4063.8799999999997
802,3.04,5.21,1.8,76.01,80.55,231.0704,0.02234636594086084,4178.42
915,4.91,10.16,1.9,72.99,69.15,358.3809,0.027476496388069933,9296.4
612,4.44,9.97,2.4,78.4,74.52,348.09600000000006,0.03220611484083268,6101.64
723,3.01,7.79,3.11,74.78,83.11,225.0878,0.03742028186496428,5632.17
873,3.68,0.72,3.58,76.59,82.71,281.8512,0.04328375731063266,628.56
415,4.09,5.04,1.97,85.15,74.02,348.2635,0.026614424937256832,2091.6
1156,2.65,10.99,2.81,78.41,80.76,207.7865,0.03479444839097964,12704.44
730,3.38,4.5,2.74,81.13,87.56,274.21939999999995,0.031292824201367725,3285.0
1197,5.8,5.39,1.0,84.44,74.91,489.75199999999995,0.013349350774349115,6451.83
592,2.26,4.43,3.55,86.72,87.3,195.98719999999997,0.04066437105791855,2622.56
871,4.03,3.99,3.25,76.7,93.45,309.10100000000006,0.03477795240471349,3475.29
700,2.82,5.61,1.35,85.9,69.9,242.238,0.019313301958039777,3927.0
490,3.15,8.16,2.21,74.45,87.04,234.5175,0.025390622082878893,3998.4
721,4.31,5.84,2.13,74.69,84.22,321.91389999999996,0.02529090177025626,4210.64
381,4.96,10.45,2.41,78.1,77.87,387.376,0.030949013618978602,3981.45
872,2.81,6.49,2.99,77.94,86.71,219.0114,0.034482754643898675,5659.28
490,4.07,4.23,4.74,74.89,73.07,304.8023,0.06486929452999939,2072.7000000000003
713,3.4,6.14,1.32,75.88,70.32,257.99199999999996,0.01877132838860518,4377.82
439,1.6,5.32,4.75,74.21,67.25,118.73599999999999,0.0706319597573294,2335.48
479,2.48,6.01,2.51,78.03,81.13,193.5144,0.030937996926168256,2878.79
424,2.89,4.46,1.69,79.79,91.48,230.59310000000002,0.018473981364890535,1891.04
599,2.86,10.51,1.96,76.58,78.75,219.0188,0.02488888572839546,6295.49
1207,4.09,7.14,1.22,76.58,80.52,313.2122,0.015151513269807095,8617.98
872,4.91,6.97,2.95,74.77,73.8,367.1207,0.03997289431261595,6077.84
881,2.89,16.44,3.07,78.03,84.73,225.50670000000002,0.03623273501324973,14483.640000000001
1346,5.46,6.39,4.56,77.25,76.81,421.785,0.05936726215762762,8600.939999999999
766,4.72,7.39,1.86,77.48,74.22,365.7056,0.02506062718126823,5660.74
772,3.98,7.33,2.21,75.28,73.87,299.6144,0.029917418448975434,5658.76
1423,2.74,7.34,1.24,75.72,78.56,207.4728,0.015784112043773925,10444.82
1046,4.2,6.64,1.18,78.0,76.33,327.6,0.015459188332347919,6945.44
629,4.5,12.61,1.59,74.04,80.82,333.18,0.019673345746925794,7931.69
498,1.96,5.55,1.67,77.57,68.37,152.03719999999998,0.02442591422759774,2763.9
847,4.09,8.9,1.97,76.83,72.44,314.2347,0.027194916179608477,7538.3
558,2.15,11.7,5.15,84.85,82.08,182.42749999999998,0.0627436570731412,6528.599999999999
409,2.42,2.74,1.86,88.04,89.52,213.0568,0.02077747757177418,1120.66
755,4.84,2.97,2.83,74.83,85.52,362.17719999999997,0.033091670592648434,2242.3500000000004
807,3.26,7.78,2.16,77.37,74.35,252.2262,0.029051778204199304,6278.46
550,5.13,8.16,3.06,76.02,71.3,389.9826,0.042917245032644456,4488.0
640,4.99,5.62,1.42,75.29,71.01,375.69710000000003,0.019997180679174664,3596.8
858,3.22,8.28,1.65,77.82,85.56,250.5804,0.019284710228528488,7104.24
738,3.07,10.5,2.48,77.06,66.47,236.5742,0.03731005907777056,7749.0
850,3.14,5.22,2.51,74.04,73.03,232.48560000000003,0.03436943251137443,4437.0
756,2.12,11.14,1.71,76.55,78.8,162.286,0.021700504860342022,8421.84
774,5.53,4.14,1.7,75.26,70.3,416.18780000000004,0.02418207337381602,3204.3599999999997
438,4.47,9.36,6.15,77.72,77.39,347.4084,0.07946762120847381,4099.679999999999
655,4.06,5.22,1.87,89.03,78.48,361.4618,0.02382772377322582,3419.1
454,2.94,6.68,3.77,74.58,66.48,219.2652,0.05670877606667026,3032.72
1173,3.75,7.11,0.92,76.91,79.58,288.41249999999997,0.01156069218890523,8340.03
498,5.19,2.26,2.67,76.24,68.74,395.6856,0.03884200773319643,1125.4799999999998
439,3.02,7.51,1.47,74.27,66.27,224.2954,0.02218197945043316,3296.89
850,2.18,6.19,1.11,75.46,77.61,164.5028,0.014302278791099242,5261.5
631,3.37,5.99,2.8,77.67,75.67,261.7479,0.03700277031812206,3779.69
1149,4.03,4.84,1.17,75.3,83.49,303.459,0.014013652651377093,5561.16
806,5.02,18.5,2.23,76.57,78.55,384.3813999999999,0.028389557175104115,14911.0
559,5.15,5.92,2.79,75.65,76.36,389.5975000000001,0.03653744937959018,3309.2799999999997
1001,3.2,10.75,2.71,79.16,86.35,253.312,0.031383899086983316,10760.75
564,2.11,5.61,1.77,78.02,86.63,164.6222,0.020431718754274644,3164.04
858,2.83,5.39,2.03,76.28,82.17,215.8724,0.024704877120010082,4624.62
824,4.19,5.25,2.55,77.28,72.63,323.80320000000006,0.03510945406726503,4326.0
1006,2.02,6.81,4.88,83.43,81.06,168.5286,0.060202311842793996,6850.86
604,2.28,4.25,3.49,75.17,77.92,171.3876,0.04478952197259728,2567.0
693,2.09,4.72,1.78,77.83,84.22,162.66469999999998,0.021135119789228236,3270.96
521,3.99,10.18,2.89,75.07,91.86,299.5293,0.03146091536458574,5303.78
898,4.91,1.42,2.93,76.83,79.91,377.2353,0.03666624494227945,1275.1599999999999
877,3.07,8.29,2.12,77.51,76.28,237.9557,0.02779234035234133,7270.329999999999
1650,3.76,4.05,3.23,86.2,85.0,324.11199999999997,0.03799999552941229,6682.5
955,5.52,8.48,2.08,76.16,72.02,420.40319999999997,0.02888086241587581,8098.400000000001
617,2.86,7.19,1.52,75.44,81.16,215.7584,0.018728435346422455,4436.2300000000005
879,3.83,4.18,1.18,75.82,90.3,290.3906,0.013067551155309949,3674.22
363,3.8,3.89,2.33,82.82,88.61,314.71599999999995,0.026294997596772646,1412.07
570,2.69,8.22,3.06,83.0,67.07,223.26999999999998,0.04562396814910271,4685.400000000001
512,2.47,6.34,2.3,74.5,79.48,184.01500000000001,0.02893809399369728,3246.08
496,3.05,2.15,1.84,75.97,79.2,231.7085,0.023232320298949456,1066.3999999999999
572,3.7,3.34,1.34,78.93,77.08,292.04100000000005,0.0173845332920948,1910.48
660,2.92,8.0,2.78,74.66,68.5,218.00719999999998,0.04058393568117727,5280.0
775,4.37,13.72,0.75,77.57,78.92,338.98089999999996,0.009503293271250218,10633.0
619,2.11,2.9,2.13,76.79,81.17,162.0269,0.026241218893529764,1795.1
1007,3.57,7.86,2.35,76.36,90.26,272.60519999999997,0.026035893415035073,7915.02
813,2.32,6.78,0.47,79.98,78.08,185.5536,0.00601946644217899,5512.14
657,2.32,10.87,2.9,77.09,74.48,178.84879999999998,0.03893662205469628,7141.589999999999
1120,5.42,11.6,3.17,78.26,84.15,424.16920000000005,0.0376708214294924,12992.0
620,3.5,6.66,1.54,73.42,68.81,256.97,0.022380464702737288,4129.2
605,4.98,4.01,1.88,82.17,75.31,409.20660000000004,0.024963480950274734,2426.0499999999997
451,2.77,4.69,2.61,86.85,84.94,240.57449999999997,0.03072756878648825,2115.19
963,2.71,7.16,6.15,77.37,75.42,209.67270000000002,0.08154334638778224,6895.08
804,2.84,6.72,3.06,83.33,86.37,236.6572,0.035428964289803834,5402.88
892,2.77,5.98,1.32,74.45,80.87,206.22650000000002,0.016322490871461495,5334.160000000001
663,3.38,4.29,2.48,74.87,76.1,253.0606,0.032588694797806204,2844.27
689,4.72,8.16,1.84,76.19,80.12,359.61679999999996,0.022965548806097254,5622.24
1243,3.47,7.04,2.02,75.04,84.52,260.38880000000006,0.023899665889769772,8750.72
808,5.49,3.52,2.3,77.65,76.9,426.29850000000005,0.029908968802474793,2844.16
585,3.48,10.9,2.26,76.35,80.93,265.698,0.02792536415107325,6376.5
714,2.98,17.09,2.0,80.0,73.38,238.4,0.02725537922385129,12202.26
519,2.53,8.21,1.58,75.94,76.37,192.1282,0.02068874941878363,4260.990000000001
549,2.04,8.78,2.2,74.79,70.69,152.57160000000002,0.031121795003282646,4820.219999999999
1140,5.72,8.94,1.85,82.43,77.46,471.49960000000004,0.023883291520359992,10191.599999999999
377,4.53,4.75,1.53,75.8,74.03,343.374,0.02066729424999402,1790.75
852,4.52,4.6,1.15,78.19,92.02,353.4188,0.012497281841199538,3919.2
787,3.53,5.27,3.15,82.63,73.53,291.6839,0.04283965145659575,4147.49
673,1.83,8.8,1.24,76.37,83.42,139.7571,0.014864539095595888,5922.400000000001
833,2.17,10.16,1.52,77.25,79.43,167.6325,0.019136344059380073,8463.28
522,2.57,6.11,2.68,76.53,67.54,196.6821,0.03968018364225886,3189.42
731,2.84,5.19,1.39,85.56,85.47,242.9904,0.01626301436024168,3793.8900000000003
881,3.77,3.78,2.7,76.54,70.88,288.55580000000003,0.03809254541583727,3330.18
1063,2.73,8.83,1.45,77.24,84.34,210.8652,0.017192314774446906,9386.29
576,3.05,12.02,1.69,78.53,75.67,239.51649999999998,0.022333814942009388,6923.5199999999995
1355,2.09,10.81,1.53,77.22,66.01,161.38979999999998,0.023178302805892618,14647.550000000001
986,3.42,7.87,1.67,82.21,80.77,281.15819999999997,0.020675991002105855,7759.82
716,3.04,6.91,2.89,79.96,72.07,243.0784,0.04009989730818686,4947.56
524,3.88,5.63,1.83,77.37,82.46,300.1956,0.022192575528428873,2950.12
445,2.69,6.75,2.86,85.56,81.62,230.1564,0.03504042697372862,3003.75
1119,2.57,10.33,2.48,74.1,68.69,190.43699999999998,0.036104231168404256,11559.27
546,2.62,4.46,1.83,74.33,83.81,194.7446,0.021835100604331154,2435.16
1300,4.13,14.95,1.32,83.59,76.09,345.2267,0.017347875233555625,19435.0
470,4.92,7.29,3.61,77.36,75.89,380.6112,0.04756884338267975,3426.3
398,3.95,7.85,2.3,75.62,76.47,298.699,0.030077150506453442,3124.2999999999997
815,5.03,3.47,1.13,76.86,85.25,386.6058,0.013255130409955376,2828.05
450,3.4,8.45,2.79,77.07,73.67,262.03799999999995,0.03787158438012971,3802.4999999999995
468,1.87,7.34,1.33,79.86,82.9,149.3382,0.016043423878959726,3435.12
784,3.31,6.1,1.89,76.68,70.28,253.81080000000003,0.02689242645241513,4782.4
466,5.3,6.82,1.57,85.35,87.19,452.35499999999996,0.018006650073787125,3178.1200000000003
1571,4.71,6.42,2.18,75.14,85.68,353.9094,0.025443507768031306,10085.82
612,3.07,5.38,1.82,81.33,79.05,249.68309999999997,0.02302339999703985,3292.56
792,2.37,5.94,1.65,77.85,82.04,184.5045,0.020112137967803756,4704.4800000000005
978,2.96,9.44,2.18,78.45,75.28,232.21200000000002,0.02895855088223288,9232.32
536,3.08,11.18,0.9,81.98,76.88,252.49840000000003,0.011706554148471104,5992.48
1296,4.11,6.91,2.8,78.45,75.22,322.4295,0.03722413756658634,8955.36
761,3.73,6.29,1.25,77.64,75.47,289.5972,0.016562870470005236,4786.69
1453,2.96,7.47,2.84,75.77,71.62,224.27919999999997,0.03965372247225321,10853.91
730,5.04,4.88,1.54,78.04,70.52,393.32160000000005,0.021837773420622035,3562.4
1333,0.59,4.68,2.93,77.41,76.31,45.671899999999994,0.03839601121792541,6238.44
463,4.37,6.63,2.92,75.65,69.96,330.5905,0.041738130111759565,3069.69
934,3.37,5.28,1.63,76.06,76.98,256.3222,0.021174328244436443,4931.52
815,4.63,6.93,4.33,81.43,82.26,377.02090000000004,0.052637970746660497,5647.95
625,1.85,4.15,2.28,73.87,81.95,136.6595,0.027821839191965927,2593.75
1094,3.31,6.02,1.1,76.06,67.49,251.7586,0.016298708505155062,6585.879999999999
543,2.36,7.3,1.25,82.67,74.82,195.1012,0.016706760664693843,3963.9
799,4.08,5.56,2.38,75.0,70.6,306.0,0.033711043383704904,4442.44
799,4.83,4.51,2.56,77.46,82.05,374.1318,0.03120048370499894,3603.49
883,5.01,7.31,1.27,76.57,79.52,383.61569999999995,0.015970822941294902,6454.73
538,3.06,4.53,1.64,77.52,79.73,237.2112,0.02056941921868566,2437.1400000000003
809,2.99,6.78,1.97,84.93,82.97,253.94070000000005,0.023743518893151874,5485.02
417,2.32,6.96,1.54,75.78,68.64,175.8096,0.022435894167264835,2902.32
678,3.82,4.43,1.62,76.54,71.83,292.38280000000003,0.022553247591083448,3003.54
817,3.61,6.77,3.57,75.15,74.16,271.2915,0.048139152084796105,5531.089999999999
957,2.92,4.28,0.26,74.33,77.98,217.0436,0.003334187825828696,4095.96
798,2.8,10.39,1.59,81.66,67.18,228.64799999999997,0.02366775473835148,8291.220000000001
569,1.19,4.13,3.06,76.35,67.32,90.85649999999998,0.04545453870253436,2349.97
343,3.65,5.3,2.81,76.84,83.55,280.466,0.03363255133063419,1817.8999999999999
914,2.98,9.61,2.53,84.84,74.97,252.8232,0.033746827564782235,8783.539999999999
878,4.77,6.09,1.75,75.35,78.44,359.4194999999999,0.02231004305073393,5347.0199999999995
688,3.82,9.87,1.17,83.43,85.71,318.7026,0.01365068094146763,6790.5599999999995
516,2.87,7.09,2.57,76.58,73.88,219.7846,0.03478613497751286,3658.44
860,3.65,3.56,1.61,79.38,79.83,289.73699999999997,0.020167854169127628,3061.6
681,4.51,7.07,1.81,76.7,73.11,345.917,0.024757211768949287,4814.67
1289,5.46,4.62,1.35,75.88,84.46,414.3048,0.01598389581057355,5955.18
936,3.31,4.68,0.85,77.71,66.78,257.2201,0.012728359878951798,4380.48
705,1.94,6.21,1.01,77.9,77.29,151.126,0.013067665536593926,4378.05
429,2.44,5.7,2.97,75.45,72.66,184.098,0.040875304035878884,2445.3
626,4.29,8.28,5.12,77.43,72.32,332.17470000000003,0.07079645038765897,5183.28
630,2.12,4.5,2.38,77.41,73.47,164.1092,0.032394170083820596,2835.0
931,4.12,6.25,3.14,79.71,72.56,328.4052,0.04327452545830685,5818.75
493,5.04,4.21,0.55,78.37,69.01,394.9848,0.007969858285776222,2075.53
1234,2.18,6.4,2.13,76.3,78.05,166.334,0.027290195094145406,7897.6
895,0.1,7.67,1.91,74.77,74.63,7.477,0.025592921667838445,6864.65
736,4.05,7.7,2.04,75.45,78.17,305.5725,0.026096964807859176,5667.2
615,3.44,8.4,5.32,75.45,73.21,259.548,0.0726676584253984,5166.0
1317,4.62,6.57,1.37,78.55,74.84,362.901,0.018305716420935807,8652.69
705,3.74,14.71,1.7,76.9,85.71,287.60600000000005,0.019834322735465787,10370.550000000001
687,3.26,5.66,1.91,83.14,82.0,271.03639999999996,0.023292680086258524,3888.42
556,3.2,3.87,2.11,76.31,82.81,244.192,0.025480011414079042,2151.7200000000003
786,2.81,6.21,1.35,76.78,68.01,215.7518,0.01985001913688882,4881.06
412,1.83,6.22,2.75,80.53,74.3,147.3699,0.0370121080737405,2562.64
854,1.59,4.78,2.55,77.06,77.06,122.5254,0.03309109355163592,4082.1200000000003
860,2.6,5.49,2.03,75.49,80.64,196.274,0.025173607989383926,4721.400000000001
454,2.9,3.89,2.27,75.79,72.95,219.79100000000003,0.031117199298533335,1766.06
948,4.0,10.43,1.15,76.31,74.62,305.24,0.015411415785122513,9887.64
1297,2.81,5.65,2.77,75.64,73.45,212.54840000000002,0.037712724613652195,7328.05
586,4.12,7.72,1.99,75.45,70.58,310.85400000000004,0.02819495208345819,4523.92
1302,2.3,4.87,2.84,74.4,64.72,171.12,0.04388132820127809,6340.74
790,1.83,4.52,2.7,75.75,92.72,138.6225,0.029119927834347734,3570.7999999999997
514,2.49,3.36,1.83,76.9,86.65,191.48100000000002,0.021119443609989196,1727.04
746,2.75,6.17,1.04,77.5,71.35,213.125,0.014576031594109098,4602.82
953,2.3,6.0,1.88,77.89,76.21,179.147,0.024668675414161473,5718.0
512,3.01,4.69,2.27,77.08,72.89,232.0108,0.03114281367227141,2401.28
1378,4.44,6.29,2.96,79.57,71.0,353.2908,0.041690134973220425,8667.62
1606,4.4,5.5,1.68,76.97,87.89,338.668,0.0191148004192968,8833.0
1523,2.72,6.45,1.6,75.7,72.01,205.90400000000002,0.02221913314551685,9823.35
888,3.39,6.37,1.31,76.04,73.29,257.77560000000005,0.017874195951126215,5656.56
996,3.26,4.79,3.65,75.29,79.6,245.4454,0.04585426559619779,4770.84
783,2.28,4.98,2.23,76.19,70.85,173.71319999999997,0.03147494262880132,3899.34
1133,1.28,2.81,1.39,84.65,77.88,108.352,0.017847968946074863,3183.73
1505,5.05,6.95,1.36,76.59,74.27,386.7795,0.018311563442633173,10459.75
937,3.6,5.12,2.05,76.36,73.59,274.896,0.027857042008827007,4797.4400000000005
583,2.64,4.16,2.42,74.98,71.77,197.9472,0.033718819323001345,2425.28
873,2.92,7.12,1.78,74.33,71.81,217.0436,0.024787630582421585,6215.76
846,3.09,6.33,1.49,75.76,84.96,234.0984,0.01753766271920166,5355.18
401,3.22,9.12,2.75,76.01,67.91,244.75220000000004,0.04049476653000051,3657.12
887,4.61,7.19,2.18,77.1,77.7,355.431,0.02805662444573688,6377.530000000001
589,0.08,5.94,2.31,78.11,83.59,6.2488,0.027634881249565587,3498.6600000000003
725,3.09,3.71,2.05,74.85,79.85,231.28649999999996,0.025673133916952546,2689.75
673,2.14,18.83,1.74,74.47,87.09,159.3658,0.019979329431699454,12672.589999999998
851,5.0,3.79,2.43,76.74,66.54,383.7,0.03651938134665143,3225.29
669,2.78,7.3,2.84,85.03,67.15,236.3834,0.04229336674707866,4883.7
1147,4.44,10.56,2.83,78.1,70.43,346.764,0.04018173503028041,12112.32
592,3.2,7.49,3.23,76.29,70.53,244.12800000000004,0.045796108635175296,4434.08
474,2.2,3.97,1.78,76.85,76.29,169.07,0.023332019487217262,1881.7800000000002
1009,2.99,8.19,2.88,76.51,70.32,228.76490000000004,0.04095562557513857,8263.71
473,3.92,4.23,2.36,74.95,76.81,293.80400000000003,0.030725161993859912,2000.7900000000002
637,2.77,5.34,1.42,76.82,80.52,212.79139999999998,0.0176353679042017,3401.58
962,2.92,7.41,1.46,82.73,85.79,241.57160000000002,0.017018298517508038,7128.42
730,1.83,4.35,2.85,75.85,84.67,138.8055,0.03366008814691294,3175.4999999999995
924,4.89,5.69,1.72,76.79,74.26,375.5031,0.023161860603035198,5257.56
581,3.78,4.29,2.24,77.06,78.28,291.28679999999997,0.028615223733364368,2492.4900000000002
729,4.49,6.37,1.54,76.03,76.84,341.3747,0.0200416423683443,4643.7300000000005
1236,3.95,5.79,1.91,86.21,75.61,340.5295,0.02526120549382284,7156.44
1178,3.83,5.14,1.3,77.89,78.64,298.31870000000004,0.016531025364823836,6054.92
769,4.83,7.15,1.48,76.39,72.85,368.9637,0.02031571443847434,5498.35
965,3.22,9.39,3.06,77.64,82.78,250.00080000000003,0.03696544612642593,9061.35
385,4.24,9.32,1.23,86.35,84.78,366.12399999999997,0.014508137000691554,3588.2000000000003
793,2.93,4.2,1.33,74.98,80.61,219.69140000000002,0.016499191601638555,3330.6000000000004
786,2.61,8.73,1.51,82.21,85.71,214.5681,0.017617545488560787,6861.780000000001
917,3.75,10.83,3.08,86.04,82.52,322.65000000000003,0.037324280498754185,9931.11
497,3.43,8.47,1.33,74.47,75.25,255.43210000000002,0.01767441625589153,4209.59
691,3.92,8.74,3.12,77.83,75.67,305.0936,0.041231658354478874,6039.34
631,1.94,5.05,4.93,76.8,75.02,148.992,0.06571580035779787,3186.5499999999997
1038,4.21,6.6,4.82,84.57,85.19,356.0397,0.056579404087404146,6850.799999999999
736,3.09,5.8,2.49,76.91,82.46,237.65189999999998,0.0301964552272065,4268.8
506,4.03,7.68,5.19,79.47,68.09,320.26410000000004,0.07622263530288804,3886.08
601,3.71,5.24,2.67,76.22,79.25,282.7762,0.03369084748380473,3149.2400000000002
699,2.36,5.03,1.63,76.25,73.27,179.95,0.022246482564967574,3515.9700000000003
587,2.58,9.51,2.6,84.57,78.16,218.1906,0.03326509298041287,5582.37
814,3.59,3.71,2.83,75.05,89.89,269.42949999999996,0.031482920070873284,3019.94
806,2.18,6.09,3.67,77.81,74.19,169.62580000000003,0.04946757656455364,4908.54
1608,3.93,8.56,1.39,76.26,72.55,299.70180000000005,0.01915919791051717,13764.480000000001
604,1.96,3.53,2.53,76.21,75.23,149.37159999999997,0.03363019624748155,2132.12
803,5.36,5.28,1.87,84.03,73.16,450.40080000000006,0.025560412033841986,4239.84
383,2.31,12.14,2.8,85.63,80.68,197.8053,0.03470500313522519,4649.62
928,2.75,4.92,1.62,82.97,72.92,228.1675,0.022216124216110227,4565.76
956,3.72,5.05,4.54,78.29,75.35,291.2388,0.06025214860621784,4827.8
359,1.87,4.02,2.53,77.86,81.54,145.59820000000002,0.031027712652966312,1443.1799999999998
605,2.41,5.51,2.17,75.3,78.8,181.473,0.02753806757131122,3333.5499999999997
504,3.51,6.36,2.11,86.92,76.22,305.0892,0.02768301919666502,3205.44
729,3.12,5.08,2.14,76.34,79.73,238.1808,0.02684058361462641,3703.32
887,3.31,9.06,3.33,77.35,81.34,256.0285,0.04093926224007103,8036.22
1400,3.63,6.6,2.64,74.99,75.49,272.21369999999996,0.034971514773941614,9240.0
551,2.81,4.68,0.76,77.86,67.08,218.7866,0.0113297538268107,2578.68
562,2.36,8.74,1.81,76.54,78.17,180.6344,0.02315465995207113,4911.88
585,4.32,5.97,1.72,75.46,77.46,325.9872,0.02220500617028064,3492.45
1208,3.91,10.24,3.27,76.6,84.85,299.506,0.038538592983076846,12369.92
633,2.21,7.72,2.24,76.33,81.73,168.6893,0.027407313421349146,4886.76
658,4.01,4.73,1.72,78.13,84.17,313.30129999999997,0.020434831836184882,3112.34
532,4.84,6.55,1.65,76.01,80.14,367.8884,0.02058896673459362,3484.6
693,3.86,7.23,2.47,75.03,75.7,289.6158,0.032628793576117095,5010.39
677,2.66,5.69,0.98,86.09,78.65,228.9994,0.012460265421453854,3852.13
1453,2.53,5.86,3.32,77.68,77.8,196.53040000000001,0.04267351636587193,8514.58
840,2.57,5.27,2.09,83.44,79.62,214.44079999999997,0.02624968271167009,4426.799999999999
673,4.82,5.4,2.58,75.6,85.64,364.392,0.030126105776961024,3634.2000000000003
926,2.86,13.12,1.09,76.7,67.61,219.362,0.016121873077670008,12149.119999999999
517,2.26,6.92,2.01,76.81,80.99,173.5906,0.02481787568614944,3577.64
364,2.05,12.44,4.84,74.65,83.72,153.0325,0.057811746558558696,4528.16
711,3.08,4.29,2.25,86.87,83.7,267.55960000000005,0.026881717218432827,3050.19
465,1.89,5.23,2.44,77.7,66.81,146.853,0.036521473354067746,2431.9500000000003
2143,3.85,5.93,1.68,74.39,72.5,286.4015,0.02317241059690888,12707.99
583,2.43,5.29,1.85,78.39,72.55,190.48770000000002,0.02549965189529264,3084.07
586,2.85,4.36,5.79,76.73,79.51,218.68050000000002,0.07282101964268398,2554.96
514,3.54,5.79,1.72,75.16,88.75,266.0664,0.019380279506447377,2976.06
706,4.15,5.9,1.8,77.87,81.2,323.16050000000007,0.02216748495474323,4165.400000000001
1019,3.49,6.85,1.18,78.3,87.0,273.267,0.013563216831814155,6980.15
618,2.3,6.87,2.2,76.95,71.19,176.98499999999999,0.030903212402976207,4245.66
542,2.45,5.62,2.64,76.53,74.46,187.4985,0.03545527323995794,3046.04
690,4.66,4.51,3.45,85.99,72.86,400.7134,0.047351077772292374,3111.8999999999996
445,2.41,7.8,1.31,76.23,86.19,183.7143,0.015198977236456987,3471.0
1054,5.12,8.14,1.76,75.75,76.55,387.84000000000003,0.022991505814303616,8579.560000000001
518,4.66,4.45,6.46,76.74,81.16,357.60839999999996,0.07959585022229544,2305.1
874,3.03,5.89,2.41,73.63,72.57,223.09889999999996,0.03320931056782272,5147.86
904,2.78,7.97,5.18,75.24,78.19,209.16719999999998,0.06624887245825906,7204.88
682,2.59,5.34,2.81,83.26,72.93,215.6434,0.03853009207046591,3641.88
675,3.56,5.16,1.8,76.68,72.2,272.98080000000004,0.02493074446942597,3483.0
574,5.81,6.5,1.67,74.72,74.34,434.12319999999994,0.022464349950988702,3731.0
681,3.46,5.61,1.5,84.45,89.13,292.197,0.01682934849889504,3820.4100000000003
674,4.92,6.75,3.41,77.91,75.47,383.31719999999996,0.04518351064217429,4549.5
1265,2.21,17.56,1.74,76.76,74.43,169.6396,0.023377667153343117,22213.399999999998
1182,2.65,8.82,0.66,77.0,72.12,204.04999999999998,0.009151413040569462,10425.24
530,2.91,6.93,0.99,77.22,70.99,224.71020000000001,0.013945624180078296,3672.8999999999996
650,1.99,5.05,2.1,74.17,77.16,147.5983,0.027216170656276486,3282.5
882,4.44,12.55,4.79,76.83,68.21,341.1252,0.0702242969910135,11069.1
927,5.06,6.27,1.25,78.01,81.7,394.7306,0.015299875728289383,5812.29
360,2.78,8.14,1.89,80.99,86.42,225.15219999999997,0.021869934983807567,2930.4
966,5.46,6.06,1.51,76.91,82.03,419.92859999999996,0.018407897304900975,5853.96
774,2.86,6.78,1.29,77.24,76.06,220.90639999999996,0.01696029227448169,5247.72
773,1.79,6.98,3.12,77.18,78.83,138.15220000000002,0.03957883552215711,5395.54
372,3.7,4.29,5.34,77.88,84.82,288.156,0.0629568423771702,1595.88
866,4.85,6.15,2.63,77.54,75.47,376.069,0.03484827946889102,5325.900000000001
1020,2.92,11.69,2.8,76.67,77.56,223.8764,0.036101078377890866,11923.8
1326,3.76,5.41,1.46,77.19,88.43,290.2344,0.01651023221641612,7173.66
1126,4.09,2.58,2.23,77.49,85.12,316.93409999999994,0.02619830519286828,2905.08
783,4.59,7.98,2.93,83.36,79.58,382.62239999999997,0.036818291427709045,6248.34
521,3.06,4.38,3.05,84.08,87.98,257.2848,0.03466696582553241,2281.98
793,4.15,4.74,2.22,75.46,72.31,313.159,0.030701143589940038,3758.82
575,3.27,9.57,1.29,81.13,73.3,265.2951,0.017598906193873644,5502.75
721,1.01,7.13,2.0,74.56,71.83,75.3056,0.027843515544547465,5140.73
603,5.57,8.25,5.08,75.33,83.46,419.5881,0.06086747413521758,4974.75
875,2.14,6.31,3.22,74.31,85.8,159.0234,0.037529133155112686,5521.25
953,3.6,4.4,1.81,84.47,71.98,304.092,0.02514587036039589,4193.200000000001
1322,2.63,5.04,2.1,87.6,82.22,230.38799999999998,0.025541227737627372,6662.88
573,2.36,3.13,1.3,75.23,78.95,177.5428,0.016466115710434995,1793.49
820,2.22,9.98,2.19,76.3,85.27,169.386,0.025683121181761324,8183.6
1376,2.01,1.74,6.09,76.73,84.08,154.22729999999999,0.07243100946348603,2394.24
1633,2.42,6.7,1.14,82.02,81.65,198.48839999999998,0.013962031357987584,10941.1
901,1.86,2.62,2.83,75.19,83.1,139.8534,0.03405535089586632,2360.62
652,2.14,4.62,2.21,78.39,81.36,167.7546,0.027163221833428976,3012.2400000000002
742,5.46,8.51,1.56,76.68,85.93,418.67280000000005,0.018154309536330786,6314.42
870,2.23,6.27,2.57,79.6,80.39,177.50799999999998,0.031969146415083166,5454.9
804,2.1,6.79,1.66,73.61,75.11,154.58100000000002,0.022100915710169654,5459.16
747,2.62,5.57,2.93,84.3,75.51,220.866,0.038802802436392204,4160.79
757,3.19,5.55,3.16,75.06,74.33,239.44140000000002,0.04251311146063347,4201.349999999999
664,2.7,6.5,2.72,74.71,77.57,201.71699999999998,0.03506509796762951,4316.0
619,4.9,8.23,6.1,75.69,80.18,370.88100000000003,0.07607881316053713,5094.37
784,1.92,8.75,1.25,75.29,84.06,144.5568,0.014870328947141452,6860.0
782,2.97,4.8,1.85,82.14,78.75,243.9558,0.023492060508944698,3753.6
504,0.06,5.26,2.05,77.21,82.54,4.632599999999999,0.024836439927739283,2651.04
660,3.44,5.63,1.41,78.18,77.94,268.9392,0.01809083678588186,3715.7999999999997
521,3.07,5.49,2.28,77.14,84.67,236.8198,0.026928070517530347,2860.29
1082,2.01,5.18,1.42,76.54,69.07,153.84539999999998,0.020558850360670282,5604.759999999999
793,1.71,8.14,1.74,76.5,72.86,130.815,0.023881413137330065,6455.02
1077,5.25,9.5,3.55,77.17,83.4,405.1425,0.042565942138376237,10231.5
963,0.57,2.97,1.01,76.65,69.7,43.6905,0.01449067223950183,2860.11
1471,3.75,6.9,1.54,75.26,83.38,282.225,0.018469654776966327,10149.9
485,4.04,9.58,2.25,76.17,78.02,307.7268,0.028838755596160524,4646.3
1019,3.32,10.63,2.2,76.02,75.22,252.38639999999998,0.029247536659460695,10831.970000000001
685,4.29,8.71,2.72,76.68,79.13,328.95720000000006,0.03437381089677608,5966.35
525,4.3,6.14,5.34,78.01,78.76,335.443,0.06780090556108359,3223.5
529,2.95,4.58,2.53,75.26,72.87,222.01700000000002,0.03471935848506127,2422.82
1087,4.47,6.53,3.69,78.56,77.92,351.1632,0.04735625675612721,7098.110000000001
917,5.36,4.11,1.84,77.97,78.61,417.91920000000005,0.023406688283082525,3768.8700000000003
653,2.05,3.82,2.35,75.99,75.16,155.77949999999998,0.03126662702679257,2494.46
611,4.24,9.96,1.26,81.33,78.54,344.8392,0.01604277870603785,6085.56
831,4.04,5.37,1.86,77.73,91.59,314.0292,0.02030789165761637,4462.47
891,4.68,5.88,0.9,78.19,78.25,365.9292,0.011501595974236936,5239.08
1187,1.92,6.74,1.36,76.52,78.46,146.9184,0.017333671000041934,8000.38
869,2.21,6.47,0.59,77.28,69.97,170.7888,0.008432184017123907,5622.429999999999
498,4.11,8.62,1.22,75.26,68.59,309.31860000000006,0.017786846801742702,4292.759999999999
482,2.82,5.0,0.96,78.05,87.42,220.10099999999997,0.01098146751527482,2410.0
738,3.03,7.74,1.43,76.21,78.77,230.91629999999998,0.01815411728397648,5712.12
579,2.5,6.23,3.41,76.93,84.03,192.32500000000002,0.04058074014271806,3607.17
637,4.14,6.83,1.79,77.24,73.86,319.77359999999993,0.02423503598225887,4350.71
867,3.59,8.51,3.05,75.59,76.53,271.3681,0.039853646954965766,7378.17
408,3.39,7.54,1.54,73.52,79.72,249.2328,0.01931760921756031,3076.32
511,2.55,10.78,1.95,85.64,67.22,218.38199999999998,0.02900921912983946,5508.58
1397,2.89,1.85,1.37,77.66,75.5,224.4374,0.01814569296083537,2584.4500000000003
1350,2.55,9.74,5.33,77.81,81.91,198.41549999999998,0.06507141190679869,13149.0
555,2.75,5.46,1.7,78.01,88.9,214.5275,0.019122607522766306,3030.3
546,3.31,10.46,2.32,74.34,82.25,246.0654,0.02820668350070717,5711.160000000001
620,4.12,1.22,1.77,75.94,72.81,312.8728,0.02430984420960799,756.4
748,3.02,5.24,1.61,74.6,78.93,225.29199999999997,0.020397818269629,3919.52
752,3.59,7.36,1.49,78.82,71.03,282.9638,0.020977048996614248,5534.72
810,3.72,5.83,1.09,78.25,79.94,291.09000000000003,0.013635224714132511,4722.3
957,2.78,7.34,5.89,74.96,68.3,208.38879999999997,0.08623717624638708,7024.38
1267,3.71,15.44,1.82,77.56,81.07,287.74760000000003,0.0224497320279102,19562.48
1279,3.01,8.3,4.61,81.47,71.34,245.22469999999998,0.06462011990186152,10615.7
844,3.86,3.09,2.5,76.96,90.05,297.06559999999996,0.02776235116464729,2607.96
744,3.45,9.07,1.55,76.3,68.16,263.235,0.02274060699228184,6748.08
374,3.6,8.42,0.82,77.69,75.57,279.684,0.010850865310193818,3149.08
670,4.34,3.88,2.74,78.26,87.36,339.64840000000004,0.03136446527421414,2599.6
643,3.36,5.57,3.16,78.09,73.43,262.3824,0.04303417635378232,3581.51
674,4.72,5.4,1.45,77.77,76.74,367.07439999999997,0.018894967566462396,3639.6000000000004
1400,3.42,7.58,3.31,76.88,72.18,262.9296,0.045857571923306736,10612.0
874,4.34,6.43,3.01,76.24,69.39,330.8816,0.04337800210721975,5619.82
1209,3.39,4.86,1.42,80.01,79.74,271.2339,0.01780787336244377,5875.740000000001
715,2.4,5.34,3.01,75.2,81.96,180.48,0.03672522733952814,3818.1
470,3.25,3.59,2.82,77.15,70.33,250.7375,0.04009668134555931,1687.3
795,4.68,7.56,0.77,76.92,78.65,359.9856,0.009790208545428029,6010.2
837,4.55,6.45,3.18,77.1,75.13,350.80499999999995,0.04232662820090135,5398.650000000001
576,3.72,5.45,1.3,77.22,77.36,287.2584,0.016804547982866083,3139.2000000000003
1192,2.42,8.26,3.08,75.55,91.97,182.831,0.0334891776134416,9845.92
592,2.45,6.87,3.81,87.21,74.51,213.6645,0.05113406910024572,4067.04
812,2.84,9.36,1.36,75.62,74.24,214.7608,0.018318963049708644,7600.32
485,2.25,6.5,2.32,77.33,75.01,173.9925,0.030929205315397234,3152.5
365,1.91,4.96,2.29,76.12,75.14,145.38920000000002,0.030476439915299452,1810.4
537,2.22,5.33,1.31,75.83,85.71,168.3426,0.015284095754976579,2862.21
568,2.66,8.02,2.36,80.9,75.51,215.19400000000002,0.031254134385626485,4555.36
671,5.0,5.2,1.74,76.8,84.26,384.0,0.020650365458062488,3489.2000000000003
665,3.73,4.0,2.47,77.24,88.93,288.10519999999997,0.027774651099218364,2660.0
932,4.34,4.7,2.16,77.88,86.93,337.9992,0.024847575653102996,4380.400000000001
1035,4.28,4.62,2.62,87.47,86.68,374.3716,0.030226115571514122,4781.7
478,2.17,10.75,1.42,80.4,69.57,174.46800000000002,0.020411093803206295,5138.5
1264,2.63,2.23,1.01,82.92,72.35,218.0796,0.013959915140301985,2818.72
693,3.1,4.31,2.62,75.59,78.35,234.329,0.033439689414206844,2986.83
1144,2.04,6.69,1.62,79.43,79.09,162.0372,0.02048299146756967,7653.360000000001
620,2.83,5.94,3.07,75.52,67.13,213.7216,0.04573215466525329,3682.8
996,2.31,8.1,2.3,80.65,89.42,186.3015,0.02572131226556561,8067.599999999999
838,2.29,6.51,2.46,77.8,86.73,178.162,0.028363884657686536,5455.38
1483,2.82,5.92,5.53,74.93,72.25,211.3026,0.07653978179380183,8779.36
907,4.03,5.98,1.85,77.26,83.83,311.35780000000005,0.02206846927490525,5423.860000000001
672,2.78,8.34,4.93,76.25,89.48,211.975,0.055096104705397324,5604.48
583,2.62,4.14,1.88,76.44,89.4,200.2728,0.02102908042180308,2413.62
1228,4.81,7.45,1.28,76.84,81.34,369.6004,0.015736413113300575,9148.6
545,3.3,12.91,2.6,74.75,79.29,246.67499999999998,0.03279101616962843,7035.95
762,1.39,6.56,1.47,80.8,74.01,112.31199999999998,0.01986217810266476,4998.719999999999
947,5.08,6.71,1.52,76.36,78.52,387.9088,0.019358122853015428,6354.37
898,4.16,10.89,1.58,77.08,84.96,320.6528,0.01859698462841518,9779.220000000001
1007,3.77,7.33,5.27,77.04,70.13,290.4408,0.07514614642148204,7381.31
663,4.21,3.99,1.22,76.75,84.64,323.1175,0.014413986954869215,2645.3700000000003
485,1.76,6.78,0.97,78.32,76.53,137.8432,0.012674766408628458,3288.3
974,2.17,2.7,2.89,75.35,85.77,163.50949999999997,0.03369476114086964,2629.8
610,4.59,5.18,1.86,78.3,73.59,359.397,0.025275169822643044,3159.7999999999997
739,2.85,6.07,3.1,75.89,86.75,216.28650000000002,0.03573486619770995,4485.7300000000005
555,4.11,8.48,2.38,74.25,77.08,305.1675,0.030877006891929567,4706.400000000001
977,2.8,5.79,1.61,77.56,78.0,217.168,0.020641022994740642,5656.83
817,1.95,5.31,1.34,75.41,82.21,147.0495,0.016299718245989754,4338.2699999999995
474,5.26,12.29,1.7,73.77,82.35,388.0302,0.020643591907274814,5825.46
874,4.39,4.13,1.52,76.01,78.42,333.6839,0.019382808035857173,3609.62
821,5.03,7.16,1.82,75.09,69.31,377.70270000000005,0.02625883332003559,5878.36
462,2.48,9.61,2.98,86.74,84.33,215.1152,0.035337360922879056,4439.82
453,4.41,5.86,2.04,77.55,77.33,341.9955,0.026380444021667657,2654.58
932,3.57,10.81,2.7,76.49,83.7,273.06929999999994,0.03225806066211939,10074.92
1056,4.57,14.12,3.07,79.36,69.29,362.6752,0.04430653134557203,14910.72
585,3.99,4.75,3.53,75.17,74.48,299.92830000000004,0.04739526753554409,2778.75
1175,2.07,5.55,2.65,84.68,90.45,175.2876,0.02929795143195672,6521.25
620,4.8,5.62,3.21,75.34,76.87,361.632,0.04175880814897773,3484.4
532,2.57,8.02,2.65,73.99,73.08,190.15429999999998,0.03626162612730896,4266.639999999999
1255,3.54,1.8,1.87,76.38,71.02,270.3852,0.02633060738797418,2259.0
1138,4.25,4.78,1.96,77.95,80.43,331.2875,0.024369013506277067,5439.64
1028,2.99,4.8,1.91,77.68,71.28,232.26320000000004,0.026795731369846885,4934.4
1493,4.07,4.21,2.01,79.08,85.07,321.85560000000004,0.023627598021911597,6285.53
615,2.95,7.55,2.71,80.6,76.45,237.77,0.03544800059542176,4643.25
834,2.88,12.87,1.11,80.67,75.96,232.3296,0.014612952262644517,10733.58
1195,3.45,5.94,2.92,75.96,71.75,262.062,0.04069685843946223,7098.3
869,2.01,6.3,2.25,74.87,75.93,150.4887,0.029632552399242403,5474.7
1159,3.69,11.09,2.88,81.6,90.27,301.104,0.031904283604266795,12853.31
723,2.94,8.67,2.48,81.35,79.56,239.16899999999998,0.031171439018170054,6268.41
708,3.13,1.85,1.81,75.69,75.14,236.9097,0.02408836517322795,1309.8
669,3.7,9.0,1.37,84.04,78.47,310.94800000000004,0.01745889926610179,6021.0
516,3.4,7.55,1.65,74.42,73.22,253.028,0.022534823472436016,3895.7999999999997
658,2.51,5.3,1.62,85.93,78.0,215.6843,0.02076922810650922,3487.4
1216,2.38,5.88,1.45,78.02,76.82,185.68759999999997,0.018875290435395674,7150.08
749,3.0,7.46,2.49,75.2,74.78,225.60000000000002,0.03329766872189506,5587.54
451,3.96,5.37,1.6,77.99,84.21,308.8404,0.01900011649446426,2421.87
726,3.02,8.42,2.52,76.14,73.21,229.9428,0.034421522412030815,6112.92
750,5.32,2.86,2.63,77.02,79.29,409.7464,0.033169374048508754,2145.0
732,4.3,8.52,1.78,75.89,80.88,326.327,0.022007910236410702,6236.639999999999
815,3.25,5.45,5.46,77.37,74.36,251.45250000000001,0.0734265635521028,4441.75
668,2.37,4.4,1.56,74.14,75.59,175.7118,0.020637647752659378,2939.2000000000003
1525,2.7,5.55,1.87,77.96,71.22,210.492,0.02625666578816824,8463.75
1041,2.23,5.24,2.03,76.61,83.66,170.84029999999998,0.024264878763461777,5454.84
623,3.06,9.49,2.08,76.87,72.93,235.22220000000002,0.028520495198067295,5912.27
685,4.3,7.34,2.43,80.45,70.7,345.935,0.03437057505366689,5027.9
1009,2.37,7.57,3.06,75.26,88.74,178.36620000000002,0.034482754734871,7638.13
588,2.01,5.73,1.7,76.57,83.39,153.90569999999997,0.020386134981876126,3369.2400000000002
484,5.26,6.59,1.2,78.31,84.72,411.9106,0.014164304277112337,3189.56
976,2.29,5.9,1.78,78.49,83.3,179.7421,0.021368544853716104,5758.400000000001
495,4.31,5.21,2.46,74.2,63.24,319.80199999999996,0.03889942458895879,2578.95
1246,3.08,5.89,3.1,75.65,84.47,233.002,0.036699415567726344,7338.94
1384,2.19,3.43,2.26,76.56,83.38,167.6664,0.027104818049314215,4747.12
1022,2.11,7.85,3.98,77.54,80.85,163.6094,0.04922695742400032,8022.7
859,1.92,5.27,3.58,77.08,72.43,147.9936,0.04942702617326712,4526.929999999999
672,3.79,4.12,1.6,86.87,81.08,329.2373,0.01973359401411026,2768.64
1498,2.5,8.23,2.97,74.26,74.65,185.65,0.03978566111377614,12328.54
445,5.01,16.4,2.85,80.15,67.98,401.55150000000003,0.041924089155032485,7297.999999999999
916,4.12,4.82,1.65,77.1,81.36,317.652,0.020280233495546522,4415.12
864,2.55,8.77,1.94,78.53,77.28,200.2515,0.02510351642035243,7577.28
1264,3.3,5.86,2.19,86.62,74.98,285.846,0.029207784848254884,7407.04
728,2.81,7.22,3.35,73.94,75.72,207.7714,0.044241938161392214,5256.16
1170,3.91,5.97,2.53,77.9,82.91,304.58900000000006,0.030515012602217752,6984.9
863,2.46,4.09,1.94,81.32,83.23,200.04719999999998,0.023308900239228613,3529.67
760,2.72,2.78,3.76,77.12,85.91,209.76640000000003,0.04376672753268216,2112.7999999999997
436,5.29,4.84,1.51,74.86,69.28,396.0094,0.021795608863220427,2110.24
718,2.43,3.95,1.58,77.97,77.17,189.46710000000002,0.020474274915864336,2836.1
933,4.99,4.36,1.48,77.07,87.66,384.5793,0.016883411261303757,4067.88
929,2.35,13.19,5.77,78.43,93.28,184.31050000000002,0.06185676866887128,12253.51
615,4.09,6.33,1.35,76.35,72.93,312.27149999999995,0.018510898325668677,3892.95
887,3.08,5.59,2.13,75.43,73.46,232.32440000000003,0.02899536768372343,4958.33
740,5.23,5.52,0.94,75.63,77.75,395.5449,0.012090030599352977,4084.7999999999997
656,2.56,9.37,2.69,81.9,74.13,209.66400000000002,0.03628759796471092,6146.719999999999
418,2.51,7.66,2.46,83.78,85.49,210.28779999999998,0.028775291990257107,3201.88
665,4.45,5.67,1.79,77.48,87.16,344.78600000000006,0.020536941195853465,3770.5499999999997
712,4.79,12.78,3.14,75.07,69.75,359.58529999999996,0.04501791469277209,9099.359999999999
932,4.69,7.96,1.0,85.18,78.24,399.4942000000001,0.01278118446048256,7418.72
784,3.8,6.88,2.43,76.29,71.38,289.902,0.0340431445722689,5393.92
606,2.44,6.07,2.42,81.64,74.14,199.20159999999998,0.03264094515228687,3678.42
1077,1.87,5.75,2.68,78.66,71.83,147.0942,0.037310310829693605,6192.75
453,2.24,5.85,2.76,77.17,86.16,172.8608,0.03203342246594446,2650.0499999999997
355,1.89,4.04,2.85,76.33,85.91,144.2637,0.0331742482628043,1434.2
761,2.59,6.43,1.66,76.23,78.98,197.4357,0.02101797657407235,4893.23
743,3.79,6.78,2.65,80.43,81.12,304.8297,0.03266764883288352,5037.54
576,2.46,8.68,1.93,74.82,75.48,184.0572,0.025569683946782728,4999.68
775,4.13,4.82,1.58,77.23,77.99,318.9599,0.020259004967431087,3735.5
1219,3.53,5.32,1.84,76.1,86.82,268.633,0.021193270998241077,6485.08
460,3.52,5.17,1.23,80.12,78.43,282.0224,0.015682772448964367,2378.2
492,2.27,8.38,0.63,74.65,79.67,169.4555,0.007907617935531826,4122.96
963,3.69,12.03,3.36,77.77,76.72,286.9713,0.043795614729455846,11584.89
370,2.11,6.41,3.18,75.55,81.43,159.41049999999998,0.039051941661311346,2371.7000000000003
721,3.3,6.68,1.4,74.07,84.83,244.43099999999995,0.016503593480656196,4816.28
997,4.0,5.76,1.74,75.91,79.5,303.64,0.02188678969977488,5742.719999999999
704,3.63,6.21,2.09,78.01,82.77,283.1763,0.025250691645440176,4371.84
811,2.14,5.23,1.82,83.18,73.5,178.00520000000003,0.024761901392938587,4241.530000000001
712,3.56,6.05,2.53,74.36,73.51,264.7216,0.034417081428774116,4307.599999999999
1178,4.25,3.44,2.37,77.29,84.9,328.4825,0.027915191058281382,4052.32
537,4.79,6.47,1.49,76.18,72.57,364.90220000000005,0.020531897405002424,3474.39
825,3.23,7.05,2.14,75.48,68.32,243.80040000000002,0.03132318042693495,5816.25
619,3.59,6.97,5.5,76.52,85.63,274.7068,0.06422981849470764,4314.43
658,4.36,4.25,2.95,78.31,73.58,341.43160000000006,0.040092410968685654,2796.5
1028,2.47,6.6,1.79,81.12,86.74,200.36640000000003,0.020636382218540212,6784.799999999999
837,4.94,7.89,1.87,73.96,72.83,365.3624,0.025676228796343705,6603.929999999999
549,3.38,5.62,3.54,77.73,66.35,262.7274,0.05335342074552815,3085.38
507,2.32,11.77,2.31,75.07,85.1,174.16239999999996,0.0271445326504662,5967.389999999999
920,4.88,4.58,1.35,87.07,75.56,424.9016,0.017866593718026243,4213.6
559,4.07,7.02,1.71,76.91,74.86,313.0237,0.022842636542527845,3924.18
833,3.76,6.28,1.66,76.56,70.94,287.8656,0.023400053087108387,5231.24
876,3.83,2.74,1.94,77.45,72.45,296.6335,0.026777083950713047,2400.2400000000002
1208,3.72,7.72,3.04,75.57,69.18,281.12039999999996,0.043943329872314266,9325.76
667,2.56,7.25,1.47,77.11,81.03,197.4016,0.018141426861480084,4835.75
620,2.66,3.87,2.44,73.85,76.9,196.441,0.03172951472958196,2399.4
758,2.86,8.17,1.71,75.98,68.1,217.3028,0.025110128471346773,6192.86
455,3.68,1.69,2.2,76.77,75.23,282.5136,0.02924364891085353,768.9499999999999
913,3.43,5.09,1.29,78.91,79.74,270.6613,0.016177575096867933,4647.17
401,2.6,7.17,1.54,83.2,79.09,216.32000000000002,0.019471485716084747,2875.17
644,2.73,6.72,2.07,73.94,66.54,201.8562,0.031109102628628996,4327.68
671,5.39,1.44,3.27,76.14,84.82,410.39459999999997,0.03855222370287389,966.24
541,3.76,5.3,1.3,74.22,80.2,279.06719999999996,0.016209474288095476,2867.2999999999997
555,2.32,7.55,2.58,76.83,89.18,178.2456,0.028930250176020387,4190.25
818,3.52,5.15,1.2,75.35,71.77,265.23199999999997,0.01672007569735604,4212.700000000001
603,3.39,10.97,1.89,81.69,83.34,276.9291,0.022678183023976117,6614.910000000001
444,5.09,5.55,1.91,75.37,81.36,383.6333,0.023475906652420518,2464.2
455,3.38,11.77,1.53,83.19,77.22,281.18219999999997,0.019813517247666765,5355.349999999999
1010,4.17,6.26,3.07,76.18,66.99,317.67060000000004,0.04582772864192736,6322.599999999999
1381,4.41,6.87,1.59,76.31,73.81,336.5271,0.021541793585991925,9487.47
633,4.56,7.98,1.63,74.94,75.89,341.72639999999996,0.02147845282929861,5051.34
865,2.6,5.82,2.64,75.23,88.51,195.598,0.029827134806560296,5034.3
640,2.55,3.87,2.41,78.02,74.31,198.95099999999996,0.03243170065513381,2476.8
764,3.35,5.02,2.21,74.24,79.33,248.70399999999998,0.02785830986281232,3835.2799999999997
1216,2.73,8.21,1.54,76.17,71.27,207.9441,0.021607966660871804,9983.36
1108,3.0,7.54,0.95,77.52,72.54,232.56,0.013096220968262892,8354.32
922,3.78,6.46,2.42,74.72,82.19,282.4416,0.029443967703617506,5956.12
916,1.75,6.28,1.84,78.42,89.48,137.235,0.020563252060432267,5752.4800000000005
727,5.34,16.33,1.2,75.74,71.17,404.4516,0.016861034584651595,11871.909999999998
778,4.2,6.04,3.9,76.79,88.15,322.51800000000003,0.0442427629900439,4699.12
466,2.87,7.26,2.35,74.37,69.67,213.44190000000003,0.033730438677990714,3383.16
937,2.5,7.51,5.88,87.65,72.46,219.125,0.08114820850838966,7036.87
910,2.82,6.71,2.01,83.21,68.6,234.65219999999997,0.0293002872740106,6106.1
699,2.56,4.74,1.06,75.09,84.82,192.2304,0.012497051108576856,3313.26
922,2.36,7.74,2.03,76.76,78.21,181.1536,0.025955756814249224,7136.28
981,4.04,4.12,1.84,76.8,72.37,310.272,0.025424896307185807,4041.7200000000003
508,3.59,3.89,2.65,75.23,78.54,270.0757,0.03374076473888913,1976.1200000000001
799,3.14,7.74,1.32,87.66,80.17,275.2524,0.016465009796057153,6184.26
562,2.35,9.59,2.48,76.59,80.43,179.9865,0.03083426198753425,5389.58
966,3.13,1.23,1.26,75.09,77.26,235.0317,0.01630856635923293,1188.18
721,4.33,4.12,3.92,74.73,66.84,323.58090000000004,0.0586475076828983,2970.52
1023,2.92,9.01,3.22,75.44,93.87,220.2848,0.0343027554806908,9217.23
1278,4.04,6.64,2.6,82.25,76.99,332.29,0.03377061517461811,8485.92
512,3.25,18.42,1.46,75.5,78.26,245.375,0.01865576045799125,9431.04
460,5.37,9.43,2.41,78.8,85.32,423.156,0.028246597720745698,4337.8
871,4.53,4.77,2.42,77.51,76.05,351.12030000000004,0.031821166098466,4154.67
1491,4.37,5.19,1.03,77.5,72.21,338.675,0.014263950385826011,7738.290000000001
1326,1.1,7.4,2.41,78.28,75.44,86.108,0.03194591305064779,9812.4
624,2.89,6.86,2.3,77.02,66.49,222.5878,0.034591662717451836,4280.64
976,4.79,14.51,2.1,76.07,77.39,364.3753,0.027135285290698374,14161.76
612,4.42,4.14,1.64,76.96,69.95,340.16319999999996,0.02344531473262119,2533.68
405,4.89,4.27,1.82,85.09,85.1,416.0901,0.02138660148218549,1729.35
546,2.59,6.66,2.31,75.63,92.94,195.88169999999997,0.024854742322493833,3636.36
726,4.28,5.39,4.11,86.35,76.42,369.578,0.05378172549310056,3913.14
608,4.66,9.95,2.13,76.93,84.07,358.4938,0.025336026485544606,6049.599999999999
593,2.52,5.04,1.96,76.52,73.11,192.8304,0.026808914401735138,2988.72
569,1.97,6.77,2.24,73.35,75.27,144.49949999999998,0.029759528396502144,3852.1299999999997
629,5.01,5.03,0.91,75.81,72.6,379.80809999999997,0.012534433535201993,3163.8700000000003
1246,2.56,3.7,4.3,78.34,73.45,200.55040000000002,0.058543218714333725,4610.2
1713,2.28,5.57,2.23,81.25,79.9,185.24999999999997,0.027909883866097135,9541.41
801,4.58,7.48,1.5,76.6,79.82,350.828,0.018792280281598562,5991.4800000000005
615,5.19,5.01,4.76,75.67,70.22,392.7273,0.06778694562988527,3081.15
590,5.35,4.94,2.67,75.59,79.34,404.4065,0.03365262999084572,2914.6000000000004
692,2.77,7.74,1.43,76.97,76.5,213.2069,0.018692808014012022,5356.08
722,4.36,18.15,1.16,81.95,78.22,357.302,0.014829964864489276,13104.3
456,2.19,6.12,2.67,76.44,78.64,167.40359999999998,0.03395218286467664,2790.7200000000003
1260,2.07,6.43,2.28,74.97,73.62,155.18789999999998,0.030969840944058545,8101.799999999999
616,3.76,4.52,2.67,76.74,87.74,288.5424,0.03043081485858048,2784.3199999999997
817,2.29,4.36,1.24,76.92,83.6,176.1468,0.014832534110940897,3562.1200000000003
676,2.57,5.41,4.08,75.34,85.12,193.6238,0.04793232519592044,3657.1600000000003
710,3.3,6.49,5.55,78.19,86.4,258.027,0.06423610367637687,4607.900000000001
500,2.28,13.35,2.85,74.8,81.11,170.54399999999998,0.0351374633044676,6675.0
551,3.0,6.25,2.27,76.28,78.57,228.84,0.02889143071255814,3443.75
619,3.08,4.27,2.51,75.13,72.76,231.4004,0.03449697161943765,2643.1299999999997
774,4.48,7.7,1.83,79.22,68.5,354.90560000000005,0.026715324567105903,5959.8
695,2.92,6.22,2.56,76.63,66.85,223.75959999999998,0.03829468387514078,4322.9
730,2.47,6.64,1.98,75.79,82.9,187.20130000000003,0.02388419494762425,4847.2
1314,2.82,4.85,1.61,76.55,78.57,215.87099999999998,0.020491279051638153,6372.9
618,4.77,5.57,1.62,75.66,87.37,360.8982,0.018541831459101356,3442.26
881,4.27,10.66,2.28,84.42,85.7,360.47339999999997,0.026604430967977714,9391.460000000001
742,2.42,11.66,3.29,74.67,88.54,180.7014,0.037158342313266056,8651.72
1437,5.19,3.07,1.95,76.95,94.7,399.37050000000005,0.020591338902709724,4411.59
801,3.72,9.59,2.47,75.08,67.73,279.2976,0.03646832474998896,7681.59
812,2.08,4.95,1.94,82.08,79.55,170.7264,0.024387174809908884,4019.4
957,3.26,6.91,5.63,78.56,83.86,256.1056,0.0671356943553906,6612.87
518,2.63,4.81,1.35,76.66,82.24,201.61579999999998,0.01641536765377339,2491.58
683,2.64,8.61,2.15,74.43,72.89,196.49520000000004,0.02949649753100596,5880.629999999999
1856,1.84,9.36,1.61,77.78,82.48,143.11520000000002,0.019519881241527492,17372.16
1033,5.0,7.14,2.3,77.45,82.04,387.25,0.02803510140966584,7375.62
946,3.41,4.75,1.36,76.64,70.62,261.3424,0.019257997839422565,4493.5
835,2.12,5.16,2.85,75.62,73.23,160.3144,0.038918470719859245,4308.6
824,3.01,5.28,3.04,78.62,86.45,236.6462,0.035164831097185524,4350.72
540,5.63,6.22,3.51,74.6,70.2,419.99799999999993,0.04999999287749388,3358.7999999999997
624,2.14,7.81,2.62,75.51,82.51,161.59140000000002,0.031753722972521756,4873.44
942,5.74,6.02,1.46,75.96,71.83,436.0104,0.02032576634751965,5670.839999999999
1074,4.28,3.31,2.92,74.7,85.55,319.716,0.03413208250940006,3554.94
451,2.61,10.48,4.59,78.36,77.34,204.5196,0.05934832436665058,4726.4800000000005
471,4.63,4.56,2.5,74.3,84.66,344.00899999999996,0.029529880754797927,2147.7599999999998
799,4.16,5.8,1.11,74.96,70.94,311.8336,0.015647023449813443,4634.2
598,3.99,1.04,1.34,77.4,78.89,308.826,0.01698567410499758,621.9200000000001
856,2.96,10.47,1.53,85.32,82.35,252.54719999999998,0.018579232716547333,8962.32
482,3.58,5.1,2.81,77.65,85.6,277.987,0.032827098968796854,2458.2
873,3.47,5.36,4.25,76.43,82.2,265.2121,0.051703156727109886,4679.280000000001
496,0.4,7.2,2.07,75.69,83.71,30.276,0.02472822545356284,3571.2000000000003
1172,2.05,8.32,2.6,76.97,82.61,157.78849999999997,0.0314731834556127,9751.04
628,4.6,4.97,1.89,76.7,82.74,352.82,0.022842636833135505,3121.16
1198,4.18,6.27,2.84,76.08,77.15,318.01439999999997,0.03681140157985721,7511.459999999999
1524,3.52,5.54,1.76,87.95,83.7,309.584,0.0210274765797519,8442.960000000001
630,4.4,7.02,2.57,75.35,78.32,331.54,0.03281409182659706,4422.599999999999
833,2.51,6.9,4.88,77.69,78.14,195.00189999999998,0.062452001221909234,5747.700000000001
941,4.06,7.41,3.16,74.65,71.56,303.079,0.04415874173298746,6972.81
372,2.67,4.35,1.7,79.31,84.2,211.7577,0.02019002135510435,1618.1999999999998
830,4.68,2.62,1.15,85.32,76.47,399.29759999999993,0.015038575253226721,2174.6
1087,3.46,11.05,1.3,73.89,73.07,255.6594,0.017791156727636964,12011.35
1137,2.63,7.99,4.52,74.73,77.06,196.5399,0.058655585432703675,9084.630000000001
785,2.88,5.65,1.01,75.44,83.43,217.26719999999997,0.012105955638744378,4435.25
580,4.78,5.39,2.64,76.57,85.24,366.0046,0.030971371307910455,3126.2
556,2.35,4.9,0.1,76.82,90.49,180.527,0.0011050943634551484,2724.4
1082,2.19,3.89,1.88,78.29,81.69,171.45510000000002,0.023013829965255236,4208.9800000000005
1370,3.72,16.27,2.09,86.13,81.93,320.4036,0.025509578236350753,22289.899999999998
1173,4.18,6.97,1.64,76.99,79.48,321.81819999999993,0.020634119195505885,8175.8099999999995
890,3.5,4.63,2.18,75.75,75.09,265.125,0.029031824606229245,4120.7
833,2.17,6.91,2.36,74.61,76.12,161.9037,0.031003674329522547,5756.03
606,0.01,6.93,2.59,74.38,67.6,0.7438,0.03831360379976275,4199.58
855,4.24,16.2,1.16,78.5,85.43,332.84000000000003,0.013578366665297123,13851.0
1085,5.38,10.63,2.87,75.2,80.05,404.576,0.03585258765114458,11533.550000000001
663,3.4,5.45,0.98,75.93,78.71,258.16200000000003,0.012450767062537536,3613.35
1557,4.74,7.59,1.9,74.82,72.09,354.6468,0.026355940302962916,11817.63
937,4.08,5.36,3.7,77.87,69.53,317.7096,0.05321443215670471,5022.320000000001
804,4.26,6.87,2.22,76.62,76.16,326.4012,0.0291491558365079,5523.4800000000005
668,4.48,6.0,4.01,75.07,87.24,336.3136,0.04596514833045067,4008.0
758,2.07,5.57,2.05,77.76,76.98,160.9632,0.026630290123370984,4222.06
1224,4.15,11.17,1.89,81.92,79.17,339.968,0.02387267602972388,13672.08
760,3.29,5.46,2.19,79.21,72.88,260.60089999999997,0.0300493921447047,4149.6
592,2.95,6.2,2.32,76.27,87.6,224.9965,0.026484015241550772,3670.4
682,5.11,12.36,3.29,77.61,80.44,396.5871,0.04090004464196362,8429.52
1053,3.53,6.39,2.68,85.73,88.96,302.6269,0.03012589589412142,6728.67
1066,2.27,4.08,1.12,87.95,86.74,199.6465,0.01291214976802516,4349.28
688,4.45,12.15,1.78,74.84,84.58,333.038,0.02104516185325587,8359.2
1072,2.1,3.84,1.78,76.21,86.44,160.041,0.020592315988857475,4116.48
739,1.0,6.57,1.6,76.49,68.85,76.49,0.02323892182441223,4855.2300000000005
1094,4.18,8.27,1.36,83.13,90.29,347.48339999999996,0.015062574475293557,9047.38
771,3.53,6.83,1.89,82.93,76.59,292.7429,0.024676847541866095,5265.93
765,3.67,11.88,2.0,75.49,76.67,277.0483,0.02608581895319956,9088.2
549,2.37,6.28,1.53,78.11,67.1,185.1207,0.02280178497737929,3447.7200000000003
674,2.75,12.77,3.76,76.34,68.79,209.935,0.05465909948261382,8606.98
581,2.39,6.38,1.27,78.6,77.65,187.85399999999998,0.016355438975474694,3706.7799999999997
535,2.4,6.65,2.51,75.4,82.23,180.96,0.030524135896371648,3557.75
1258,3.95,5.88,1.74,75.32,74.74,297.514,0.023280703334131212,7397.04
909,2.96,11.42,2.03,82.87,71.51,245.29520000000002,0.028387634122831188,10380.78
674,4.59,10.51,2.44,76.12,68.97,349.3908,0.03537769532003837,7083.74
945,4.78,11.46,2.44,78.94,79.9,377.33320000000003,0.030538168893846192,10829.7
827,2.47,6.95,6.34,78.84,71.72,194.73480000000004,0.08839931840500301,5747.650000000001
769,3.11,7.25,1.62,75.71,73.16,235.45809999999997,0.022143244649638513,5575.25
1382,3.05,7.67,1.68,87.73,81.67,267.5765,0.02057058643680832,10599.94
562,2.07,5.24,2.16,77.51,77.58,160.4457,0.027842223789349863,2944.88
680,2.33,7.08,2.88,76.66,80.89,178.6178,0.03560390213822448,4814.4
560,2.56,6.9,1.98,75.15,74.8,192.38400000000001,0.026470584696445896,3864.0
810,2.12,5.97,1.68,83.62,86.66,177.2744,0.019386104386556153,4835.7
865,2.46,5.87,1.68,76.64,79.75,188.5344,0.02106582807951999,5077.55
653,4.06,5.55,1.01,78.95,85.17,320.537,0.01185863427748805,3624.15
857,1.87,3.12,1.27,81.92,84.44,153.1904,0.015040263495942268,2673.84
734,3.25,5.79,1.26,82.47,78.48,268.0275,0.016055043825809908,4249.86
866,3.09,6.64,3.27,78.03,89.96,241.1127,0.03634948462099993,5750.24
1068,1.95,8.77,1.36,77.3,83.23,150.73499999999999,0.01634025996152109,9366.359999999999
469,4.97,7.1,3.79,78.24,87.1,388.85279999999995,0.04351319821892099,3329.8999999999996
452,2.43,7.2,2.53,78.53,76.74,190.82790000000003,0.03296846065044818,3254.4
829,2.75,6.4,1.6,76.59,77.04,210.6225,0.02076842928758706,5305.6
433,4.83,11.16,2.54,83.59,81.7,403.7397,0.031089347479884028,4832.28
601,5.37,5.79,2.59,76.37,74.95,410.10690000000005,0.03455636630335339,3479.79
734,4.03,7.6,0.97,80.36,79.44,323.8508,0.012210471776123895,5578.4
668,2.68,6.09,1.21,85.04,89.23,227.90720000000002,0.013560460208398496,4068.12
622,3.98,3.75,0.86,76.68,77.73,305.18640000000005,0.011063937853603774,2332.5
569,2.19,6.42,1.47,74.72,73.63,163.6368,0.019964685594908924,3652.98
521,2.62,5.12,1.53,78.84,70.41,206.56080000000003,0.021729864830298987,2667.52
474,4.06,7.18,2.88,75.68,76.33,307.2608,0.03773090033657797,3403.3199999999997
632,2.91,6.85,1.79,75.56,69.4,219.8796,0.025792503488111886,4329.2
612,2.07,5.94,1.0,76.52,72.21,158.39639999999997,0.013848495520219427,3635.28
888,4.13,4.23,1.4,86.45,79.52,357.0385,0.017605631588829024,3756.2400000000002
1335,3.73,5.22,1.11,88.11,78.71,328.6503,0.014102399427976189,6968.7
1047,4.53,6.64,4.01,74.64,72.63,338.11920000000003,0.05521133757244422,6952.08
696,4.1,6.62,1.74,77.59,67.58,318.11899999999997,0.025747258693806053,4607.52
420,3.82,14.81,1.5,77.22,79.78,294.9804,0.018801702331198003,6220.2
504,3.7,5.24,2.02,76.42,87.96,282.754,0.022964981472830666,2640.96
686,2.26,4.61,2.83,77.43,91.0,174.9918,0.031098897681439815,3162.46
680,5.0,4.75,2.67,77.28,82.89,386.4,0.03221136057288448,3230.0
490,2.51,5.38,3.11,76.21,75.53,191.28709999999998,0.04117568632653431,2636.2
602,3.26,5.54,2.37,78.32,82.49,255.32319999999996,0.028730751760122228,3335.08
668,1.9,2.82,2.24,75.36,75.78,143.184,0.02955924656119734,1883.76
677,2.9,1.04,1.68,84.46,71.07,244.93399999999997,0.023638662777731422,704.08
805,4.13,7.04,1.58,85.51,72.76,353.1563,0.021715225162833262,5667.2
909,4.0,5.54,2.29,78.42,82.02,313.68,0.027920016103387454,5035.86
688,2.66,6.12,2.41,75.09,68.75,199.73940000000002,0.03505454035570322,4210.56
721,1.61,5.98,1.26,77.22,79.0,124.3242,0.015949365069700624,4311.58
891,2.39,4.15,2.5,77.59,84.05,185.44010000000003,0.029744196342153917,3697.65
1083,5.21,8.06,4.73,75.97,79.34,395.8037,0.059616831407003856,8728.980000000001
680,4.05,7.5,2.4,86.75,68.15,351.3375,0.0352164291685357,5100.0
862,3.64,5.92,2.5,74.86,68.53,272.4904,0.0364803682357554,5103.04
714,1.95,6.61,0.89,75.8,78.66,147.81,0.011314516741098813,4719.54
720,3.09,8.3,1.41,73.92,71.69,228.4128,0.019668012321382017,5976.000000000001
449,2.18,5.42,5.69,83.36,82.14,181.72480000000002,0.06927196624397781,2433.58
764,2.29,5.98,3.0,82.47,89.37,188.8563,0.03356830775782614,4568.72
1713,4.6,11.47,2.37,81.7,76.63,375.82,0.03092783101555122,19648.11
735,2.12,4.24,2.58,75.19,85.67,159.4028,0.030115556190550227,3116.4
899,3.38,5.0,2.75,76.4,79.14,258.232,0.03474854248818012,4495.0
624,4.39,4.76,1.18,76.3,71.26,334.95699999999994,0.01655907710369392,2970.24
518,0.14,8.25,2.91,82.57,66.81,11.559800000000001,0.043556347319810305,4273.5
806,2.27,6.23,1.33,74.68,82.97,169.52360000000002,0.01602988838979289,5021.38
708,2.95,2.74,2.4,76.03,81.35,224.28850000000003,0.029502147571954816,1939.92
597,4.15,5.57,1.59,73.94,71.39,306.851,0.02227202377475504,3325.29
1019,4.51,5.86,1.83,77.4,75.74,349.074,0.024161602302402656,5971.34
915,2.97,5.97,1.75,80.16,82.91,238.0752,0.021107222155684217,5462.55
681,3.56,3.08,1.64,81.97,82.62,291.8132,0.019849912872196455,2097.48
1310,4.17,4.12,1.0,86.47,77.83,360.5799,0.012848514345558995,5397.2
793,3.76,5.84,1.89,81.35,91.07,305.876,0.02075326443908373,4631.12
698,2.34,5.67,1.72,82.78,70.15,193.7052,0.024518884601727065,3957.66
613,4.25,4.47,1.24,77.92,79.25,331.16,0.01564668572281568,2740.1099999999997
918,3.75,6.01,2.36,80.34,79.35,301.27500000000003,0.029741647165513904,5517.179999999999
864,4.87,8.16,1.83,81.27,71.87,395.7849,0.025462637336491255,7050.24
1439,1.7,5.53,2.71,85.43,88.1,145.231,0.030760495940919872,7957.67
625,3.06,7.46,1.59,75.99,83.53,232.52939999999998,0.01903507493893512,4662.5
589,2.42,5.66,3.36,74.02,76.85,179.1284,0.04372152976948214,3333.7400000000002
519,4.13,4.23,2.88,74.71,78.66,308.55229999999995,0.03661326765658941,2195.3700000000003
430,5.0,10.72,6.07,76.19,77.56,380.95,0.07826198062635628,4609.6
783,4.09,5.07,1.41,78.48,71.9,320.9832,0.0196105675089614,3969.8100000000004
516,2.93,9.61,1.86,77.93,73.88,228.33490000000003,0.02517595761018441,4958.759999999999
483,3.92,4.99,2.09,78.02,80.11,305.8384,0.02608912419309397,2410.17
671,2.08,7.11,2.93,86.75,86.41,180.44,0.03390810856288525,4770.81
1476,3.14,9.46,3.2,75.76,78.54,237.88640000000004,0.04074356496771518,13962.960000000001
922,2.55,5.23,1.95,77.88,75.81,198.59399999999997,0.025722196844453652,4822.06
1040,1.68,0.43,1.99,75.81,87.74,127.3608,0.022680644782237885,447.2
808,3.56,10.66,2.5,75.84,74.38,269.9904,0.03361118128378848,8613.28
982,3.46,5.98,2.39,77.86,72.57,269.3956,0.03293371462950054,5872.360000000001
599,3.95,3.7,1.64,75.58,84.4,298.541,0.019431277318569036,2216.3
986,5.43,2.17,3.0,77.06,76.3,418.4358,0.03931847453231002,2139.62
979,2.36,6.95,3.54,76.06,79.19,179.5016,0.04470260832142842,6804.05
1404,2.08,5.68,2.1,86.85,85.12,180.648,0.024671049733194342,7974.719999999999
816,4.48,5.73,1.45,84.21,85.66,377.2608,0.016927385369205537,4675.68
818,2.21,7.36,3.2,76.1,73.51,168.18099999999998,0.04353148639212537,6020.4800000000005
428,3.84,5.79,2.24,74.27,72.48,285.1968,0.030905072998748208,2478.12
911,4.48,5.95,1.86,85.54,76.29,383.21920000000006,0.024380649576530397,5420.45
726,1.89,1.49,3.07,78.16,86.41,147.7224,0.03552829122459308,1081.74
413,3.86,4.92,1.56,88.01,75.22,339.7186,0.020739162358526676,2031.96
570,1.69,5.11,1.74,76.1,79.36,128.60899999999998,0.021925400463029175,2912.7000000000003
1314,2.21,5.26,3.28,76.81,79.57,169.7501,0.04122156073626232,6911.639999999999
532,3.06,1.08,4.1,83.46,77.92,255.3876,0.052618063062363565,574.5600000000001
1365,2.38,4.2,1.53,76.51,71.67,182.09380000000002,0.02134784130768225,5733.0
1222,0.23,5.74,2.63,78.42,70.84,18.0366,0.03712591231988815,7014.280000000001
594,3.14,4.19,2.31,77.56,72.23,243.53840000000002,0.03198116683079512,2488.86
1560,5.21,14.58,2.1,76.21,74.55,397.05409999999995,0.028169010305967766,22744.8
1122,4.27,3.87,1.52,75.86,78.08,323.9222,0.019467210621515033,4342.14
1117,2.66,12.67,1.11,77.14,84.08,205.19240000000002,0.01320171108447775,14152.39
858,3.95,5.55,3.73,76.5,80.62,302.175,0.0462664293889321,4761.9
949,3.74,8.51,2.36,76.32,71.49,285.4368,0.03301160539773319,8075.99
927,2.75,7.24,2.2,76.64,85.06,210.76,0.025864092891595004,6711.4800000000005
973,2.68,7.49,3.42,76.13,79.79,204.0284,0.042862508727596345,7287.77
688,4.96,7.31,1.73,78.36,65.22,388.6656,0.026525601575344743,5029.28
1026,3.25,8.76,0.81,77.83,67.36,252.9475,0.012024938832402193,8987.76
779,2.5,9.67,1.69,73.07,67.23,182.67499999999998,0.02513758364754073,7532.93
622,3.24,4.8,2.3,84.66,89.92,274.2984,0.02557828897038601,2985.6
965,3.68,5.28,2.09,74.24,77.52,273.2032,0.026960780835812583,5095.2
559,5.66,5.07,2.49,78.02,76.16,441.59319999999997,0.03269432343824535,2834.13
930,3.52,5.5,1.41,75.39,81.98,265.3728,0.017199314808573455,5115.0
442,4.28,11.12,2.85,76.8,79.96,328.704,0.03564281695312445,4915.04
407,2.11,7.57,2.92,77.54,75.82,163.6094,0.038512260813471276,3080.9900000000002
770,4.65,11.17,2.36,81.96,64.66,381.114,0.036498602459232525,8600.9
728,2.27,4.77,1.16,77.14,72.48,175.1078,0.016004412802923175,3472.5599999999995
728,3.11,5.21,2.71,75.38,68.77,234.43179999999998,0.03940671231544099,3792.88
982,2.94,6.81,1.61,76.5,71.21,224.91,0.02260918092835544,6687.419999999999
491,3.23,8.22,4.49,74.78,80.12,241.5394,0.05604093159748732,4036.0200000000004
1091,2.68,3.87,2.99,77.77,84.39,208.4236,0.03543073404067614,4222.17
1044,3.16,6.66,1.03,76.83,75.68,242.7828,0.013609934776699948,6953.04
863,2.74,7.2,2.77,86.36,79.66,236.62640000000002,0.03477277996826764,6213.6
947,3.62,8.5,1.96,77.96,75.46,282.2152,0.025974022531934465,8049.5
380,2.39,6.41,3.04,77.91,81.83,186.2049,0.03715018487716181,2435.8
419,2.22,4.27,0.86,77.23,75.9,171.45060000000004,0.011330696794374597,1789.1299999999999
672,3.84,7.32,2.57,78.36,72.5,300.9024,0.035448270972652275,4919.04
1041,1.8,6.5,1.61,74.66,88.31,134.388,0.018231228826720777,6766.5
1024,3.25,4.42,2.13,76.07,84.15,247.22749999999996,0.02531193995104694,4526.08
773,1.83,3.66,4.01,75.14,69.51,137.5062,0.057689532773768835,2829.1800000000003
811,2.55,5.2,1.98,76.19,68.57,194.28449999999998,0.028875597363920466,4217.2
603,2.79,4.26,2.07,77.93,83.47,217.42470000000003,0.024799326129228926,2568.7799999999997
1412,1.95,4.58,2.39,77.93,80.83,151.9635,0.029568225959640485,6466.96
692,3.44,3.11,2.62,77.74,88.91,267.4256,0.029467998035316835,2152.12
644,4.86,10.55,2.22,75.52,69.42,367.0272,0.03197925209172399,6794.200000000001
392,1.91,6.34,3.35,72.54,76.06,138.5514,0.044044169860088106,2485.2799999999997
1051,4.04,9.0,3.09,77.45,84.96,312.898,0.03637005221633095,9459.0
974,2.76,10.87,2.82,77.02,80.25,212.57519999999997,0.035140182537048904,10587.38
943,4.57,3.68,2.26,75.21,69.95,343.7097,0.0323087873754414,3470.2400000000002
611,4.81,5.3,3.19,76.91,78.38,369.93709999999993,0.04069915275591315,3238.2999999999997
591,4.06,6.48,1.54,77.69,75.38,315.42139999999995,0.020429819523770296,3829.6800000000003
675,2.34,13.18,2.32,77.87,79.6,182.2158,0.02914572498169284,8896.5
722,5.66,6.29,1.61,73.32,81.66,414.9912,0.019715892760728295,4541.38
813,3.6,8.1,1.78,76.53,75.84,275.50800000000004,0.02347046104028731,6585.299999999999
730,1.85,7.96,4.57,77.36,80.73,143.116,0.05660844090072576,5810.8
470,3.72,8.33,2.75,77.57,80.42,288.5604,0.03419546951063547,3915.1
511,1.07,4.78,1.3,80.57,71.26,86.2099,0.018243051046442457,2442.58
634,1.67,7.03,2.33,77.13,78.59,128.8071,0.029647534082258037,4457.02
775,3.71,6.06,2.01,75.14,76.28,278.7694,0.02635028495670097,4696.5
1530,2.24,4.27,3.48,75.95,79.79,170.12800000000001,0.0436144825649226,6533.099999999999
891,2.48,1.85,2.86,80.23,79.35,198.9704,0.036042843598885495,1648.3500000000001
851,2.06,6.56,2.88,74.05,78.0,152.543,0.03692307218934972,5582.5599999999995
547,2.57,5.01,2.18,81.94,73.9,210.58579999999998,0.029499319418224704,2740.47
797,3.03,4.68,1.58,74.73,73.26,226.43189999999998,0.02156701862312058,3729.9599999999996
435,2.27,7.1,1.76,76.02,79.67,172.56539999999998,0.02209112312148574,3088.5
581,5.04,5.46,1.47,76.36,77.1,384.8544,0.019066145387010975,3172.2599999999998
955,3.39,3.38,2.62,75.63,79.66,256.3857,0.03288977744291019,3227.9
605,2.7,10.17,2.2,74.55,70.19,201.285,0.03134349175901243,6152.85
539,2.76,3.96,2.48,77.71,86.07,214.47959999999998,0.028813752897205426,2134.44
530,2.12,3.8,1.81,83.2,72.78,176.38400000000001,0.02486946621744075,2014.0
1007,3.96,7.1,4.01,74.81,74.54,296.24760000000003,0.053796612047677474,7149.7
1045,2.58,7.47,2.04,77.52,80.42,200.0016,0.02536682101879868,7806.15
1266,5.38,5.54,1.03,77.86,85.89,418.8868,0.011992081500514437,7013.64
762,1.91,5.66,2.52,76.39,80.05,145.9049,0.03148032086441963,4312.92
353,3.89,3.97,1.84,77.53,67.82,301.5917,0.027130635928835755,1401.41
506,3.06,5.02,1.64,84.48,79.51,258.5088,0.02062633371571705,2540.12
688,2.87,4.57,2.59,86.55,83.8,248.3985,0.030906917552873798,3144.1600000000003
529,5.12,6.88,1.69,81.83,63.86,418.9696,0.026464136162834925,3639.52
539,3.33,8.2,2.23,77.46,86.44,257.9418,0.025798238570310206,4419.799999999999
967,3.07,8.66,1.73,75.25,65.6,231.01749999999998,0.026371947199398293,8374.22
1330,4.07,11.21,1.94,76.59,76.12,311.72130000000004,0.025486071270878704,14909.300000000001
1052,4.17,2.3,1.64,77.1,84.19,321.50699999999995,0.019479745874837168,2419.6
1009,5.78,6.98,3.07,76.71,81.33,443.3838,0.03774744402465953,7042.820000000001
1385,2.86,5.27,2.0,75.62,85.38,216.2732,0.0234246868792824,7298.95
727,5.21,6.52,1.42,86.15,85.6,448.84150000000005,0.01658878310878702,4740.04
558,3.22,7.11,6.09,76.02,79.64,244.7844,0.07646910139765176,3967.38
813,2.22,6.98,1.54,77.24,81.66,171.4728,0.018858680032000977,5674.740000000001
686,2.19,5.75,1.9,76.54,87.43,167.6226,0.02173166856551886,3944.5
567,1.97,3.39,2.47,76.46,77.13,150.62619999999998,0.03202385167589114,1922.13
912,3.32,5.99,2.2,76.93,86.39,255.4076,0.025465907458512856,5462.88
648,4.23,12.89,3.46,74.84,74.56,316.57320000000004,0.046405573175218186,8352.720000000001
453,4.27,5.82,2.51,75.53,87.1,322.51309999999995,0.0288174478969635,2636.46
693,2.59,5.46,1.31,75.98,80.15,196.7882,0.016344352296400213,3783.78
1500,2.87,5.02,1.81,77.49,85.56,222.3963,0.021154742735537312,7529.999999999999
627,2.83,5.85,6.97,76.68,83.89,217.00440000000003,0.08308498234771934,3667.95
834,4.24,8.52,1.59,76.74,78.79,325.3776,0.02018022335572746,7105.679999999999
877,4.2,5.64,2.46,76.03,74.06,319.326,0.03321630661405527,4946.28
503,3.83,4.81,2.57,77.87,80.26,298.24210000000005,0.032020927981444305,2419.43
672,2.55,4.34,2.03,77.43,77.58,197.44650000000001,0.026166534394620466,2916.48
507,2.83,7.74,2.32,76.56,80.84,216.6648,0.02869866047765209,3924.1800000000003
821,2.22,7.79,1.55,74.89,89.63,166.25580000000002,0.017293315040353113,6395.59
376,3.53,7.49,1.3,75.28,74.92,265.7384,0.01735183964871334,2816.2400000000002
918,4.79,3.6,2.55,77.17,67.9,369.6443,0.03755522274591711,3304.8
729,3.7,7.88,1.7,77.89,85.01,288.19300000000004,0.01999764498322021,5744.5199999999995
640,2.47,6.23,1.05,77.72,87.29,191.9684,0.012028867908252043,3987.2000000000003
693,3.22,5.69,2.56,76.8,79.02,247.296,0.032396857454206854,3943.17
630,5.38,6.18,0.85,76.3,86.47,410.49399999999997,0.009829997706719358,3893.3999999999996
746,1.88,4.43,2.54,74.97,80.45,140.9436,0.031572401296158945,3304.7799999999997
861,3.72,7.22,0.62,76.09,73.72,283.0548,0.00841019961880092,6216.42
1170,4.52,3.6,1.97,75.87,84.16,342.9324,0.02340779189546199,4212.0
882,2.39,5.5,2.98,76.79,72.27,183.52810000000002,0.041234254706758726,4851.0
465,3.65,9.69,1.85,74.01,72.2,270.1365,0.02562326514913225,4505.849999999999
861,2.8,4.49,3.05,85.26,66.76,238.728,0.045686032701313245,3865.8900000000003
461,3.76,4.04,2.16,78.3,67.84,294.40799999999996,0.03183961794816952,1862.44
562,4.19,11.34,0.94,84.44,87.27,353.8036,0.010771168698158737,6373.08
982,3.0,6.65,1.55,77.43,81.56,232.29000000000002,0.01900441159828205,6530.3
879,2.67,5.02,2.79,77.15,86.57,205.9905,0.03222825086886325,4412.58
532,2.38,6.44,2.0,82.83,83.79,197.13539999999998,0.023869193952835186,3426.0800000000004
816,4.22,6.79,3.18,76.93,76.54,324.6446,0.041546898151698694,5540.64
767,2.79,5.95,2.14,79.69,75.63,222.33509999999998,0.02829564613306279,4563.650000000001
574,3.49,4.95,1.87,74.4,79.76,259.65600000000006,0.023445333068538982,2841.3
501,2.37,2.17,3.03,76.76,73.97,181.92120000000003,0.04096254684837814,1087.17
520,2.83,6.41,3.33,75.72,86.53,214.2876,0.03848375840936572,3333.2000000000003
1156,2.09,8.86,3.51,77.46,70.92,161.89139999999998,0.04949237880818121,10242.16
889,2.88,7.04,1.56,80.99,73.39,233.25119999999998,0.021256299052146196,6258.56
1306,4.78,8.9,1.8,74.65,83.39,356.82700000000006,0.02158531939257472,11623.4
672,1.83,11.85,3.08,75.32,83.41,137.8356,0.036926023627140196,7963.2
939,2.48,6.28,2.26,77.98,89.79,193.3904,0.025169837936313846,5896.92
565,2.87,14.48,3.03,76.51,79.31,219.58370000000002,0.03820450911555805,8181.2
898,1.75,6.93,3.71,78.76,88.96,137.83,0.041704132002683005,6223.139999999999
620,3.81,5.11,2.98,75.6,83.66,288.036,0.03562036389907197,3168.2000000000003
981,3.24,7.45,4.28,73.3,80.96,237.49200000000002,0.0528656061183787,7308.45
946,3.23,2.72,0.94,82.66,70.96,266.9918,0.013246897794969308,2573.1200000000003
761,0.6,7.51,1.51,75.91,68.83,45.546,0.021938105195684267,5715.11
1085,4.99,6.11,1.64,88.82,85.95,443.2118,0.01908085874568252,6629.35
487,3.78,8.63,2.89,76.38,87.4,288.71639999999996,0.03306635777272794,4202.81
597,3.13,5.95,2.18,76.26,65.67,238.6938,0.03319627939755149,3552.15
770,2.2,7.42,1.41,75.54,76.97,166.18800000000002,0.018318823136439764,5713.4
577,4.19,4.17,2.74,76.65,69.86,321.16350000000006,0.039221294128071266,2406.09
1072,3.12,6.52,2.14,80.23,80.02,250.31760000000003,0.026743310829378805,6989.44
856,5.03,6.93,0.89,77.32,72.53,388.9196,0.012270782811142588,5932.08
549,4.26,5.88,3.15,73.95,81.32,315.027,0.03873585357404653,3228.12
677,3.27,4.74,2.54,75.16,76.23,245.7732,0.033320210767386754,3208.98
636,4.46,4.83,2.44,76.14,72.65,339.5844,0.03358568016714657,3071.88
999,2.14,5.75,1.2,74.66,81.24,159.7724,0.014771046926262072,5744.25
651,2.16,6.06,2.29,76.96,82.27,166.2336,0.02783517347329847,3945.06
576,1.93,4.87,2.56,76.97,77.92,148.5521,0.03285420522918311,2805.12
655,4.4,5.76,1.7,76.03,84.3,334.53200000000004,0.020166071154677206,3772.7999999999997
1563,2.87,9.02,3.12,78.0,79.78,223.86,0.03910754084889185,14098.26
488,3.56,7.95,3.02,85.87,77.03,305.6972,0.039205499259314644,3879.6
497,2.38,5.32,4.31,74.7,71.3,177.786,0.060448799376044964,2644.04
650,2.76,6.89,2.81,77.21,70.46,213.09959999999995,0.03988077776315956,4478.5
883,3.09,6.11,2.15,77.2,72.53,238.548,0.029642902296580405,5395.13
656,5.41,7.12,4.57,74.23,75.39,401.58430000000004,0.06061811107333717,4670.72
763,5.07,4.68,2.55,85.76,84.7,434.80320000000006,0.03010625382452729,3570.8399999999997
571,2.11,6.44,2.1,78.25,86.89,165.1075,0.024168486112500158,3677.2400000000002
563,3.03,14.95,3.31,74.99,76.91,227.21969999999996,0.04303731074797676,8416.85
717,2.4,14.0,2.38,77.13,82.24,185.112,0.028939685197022714,10038.0
921,4.05,5.64,2.88,77.0,78.63,311.84999999999997,0.03662723685269784,5194.44
651,3.99,7.89,1.56,74.27,79.82,296.3373,0.019543971492862505,5136.389999999999
522,3.94,8.71,2.23,77.43,77.53,305.0742,0.02876305575092793,4546.620000000001
449,2.54,10.59,3.58,83.82,79.17,212.90279999999998,0.04521914295577328,4754.91
463,2.34,4.96,1.44,74.81,67.94,175.0554,0.021195169091084914,2296.48
633,5.43,7.31,3.22,78.34,79.72,425.3862,0.040391364727626104,4627.23
373,3.85,3.96,2.44,76.95,80.58,296.2575,0.030280462859212848,1477.08
546,2.98,5.58,2.06,77.56,78.09,231.1288,0.02637981478040533,3046.68
383,4.4,4.38,2.13,77.7,74.73,341.88000000000005,0.02850260557973965,1677.54
1142,4.72,8.56,1.65,76.7,72.51,362.024,0.022755478864228535,9775.52
446,2.68,11.4,1.86,78.25,80.79,209.71,0.023022648468542087,5084.400000000001
451,2.73,6.17,3.0,77.09,73.97,210.4557,0.04055697707760213,2782.67
927,2.38,7.18,1.83,77.41,85.36,184.23579999999998,0.021438610421905997,6655.86
1184,2.37,6.62,1.5,77.28,79.15,183.1536,0.01895135578631007,7838.08
816,1.92,1.14,1.02,74.87,76.68,143.7504,0.013302032694048943,930.2399999999999
678,4.2,5.33,1.42,76.91,78.04,323.022,0.018195794695567053,3613.7400000000002
1507,2.08,6.96,1.46,77.52,73.27,161.2416,0.019926297266780774,10488.72
757,2.96,4.73,6.35,77.72,76.53,230.0512,0.08297398628328938,3580.61
576,1.66,6.68,1.92,77.64,77.76,128.8824,0.024691354849362798,3847.68
643,3.88,7.23,2.45,76.92,78.89,298.4496,0.0310558966845105,4648.89
789,3.05,5.96,3.52,74.92,70.9,228.506,0.04964738368866238,4702.44
742,2.18,5.74,1.39,74.72,90.06,162.8896,0.01543415329400918,4259.08
724,2.88,1.19,3.26,80.31,75.89,231.2928,0.04295690565859722,861.56
1380,3.41,7.16,1.87,75.29,68.87,256.73890000000006,0.0271526024172205,9880.800000000001
1239,3.51,10.41,1.58,75.78,79.43,265.9878,0.019891726061724024,12897.99
793,4.74,10.07,3.22,77.59,68.46,367.77660000000003,0.04703475795577594,7985.51
710,2.59,11.51,2.02,77.4,68.93,200.466,0.02930508787101583,8172.099999999999
921,3.07,6.4,1.5,74.15,80.06,227.6405,0.018735945698732735,5894.400000000001
1151,2.77,6.2,2.72,77.78,81.9,215.4506,0.033211229156138077,7136.2
471,3.53,6.51,2.95,75.62,77.0,266.9386,0.03831168333614502,3066.21
1204,3.4,6.45,2.68,75.12,74.84,255.40800000000002,0.03580972263365544,7765.8
729,2.58,10.31,1.58,83.34,82.23,215.0172,0.019214396301301676,7515.990000000001
956,4.4,6.47,2.08,74.39,69.53,327.31600000000003,0.029915140239444808,6185.32
759,2.76,7.98,2.07,74.45,80.34,205.482,0.025765493432226356,6056.820000000001
1097,3.26,5.73,2.25,85.13,67.07,277.5238,0.03354703540375199,6285.81
1285,3.92,4.75,2.06,76.03,82.84,298.0376,0.024867210904489265,6103.75
637,4.95,6.03,2.79,74.22,70.92,367.389,0.039340095975733784,3841.11
475,4.57,4.63,1.86,74.61,76.6,340.96770000000004,0.024281981164232226,2199.25
991,3.92,4.3,5.9,77.45,76.47,303.604,0.07715442956003275,4261.3
854,3.44,4.75,1.56,78.43,82.82,269.79920000000004,0.01883602767012465,4056.5
480,3.32,13.61,2.66,82.12,83.54,272.6384,0.03184103042362576,6532.799999999999
817,3.93,6.51,2.59,82.12,74.15,322.7316,0.034929192861875534,5318.67
1802,2.65,13.33,3.2,80.15,86.73,212.3975,0.03689611012381989,24020.66
458,2.16,7.94,1.77,77.44,88.04,167.2704,0.020104495671910985,3636.52
1033,2.7,8.56,1.63,83.26,80.6,224.80200000000002,0.02022332255293765,8842.480000000001
720,2.86,4.42,2.31,78.67,67.64,224.9962,0.034151384661238224,3182.4
702,2.84,4.84,4.52,75.6,83.12,214.70399999999998,0.05437920423734308,3397.68
790,3.52,1.76,2.43,80.65,71.49,283.88800000000003,0.033990763184954094,1390.4
731,2.75,5.87,4.54,77.95,87.9,214.3625,0.0516495959443008,4290.97
936,2.74,5.74,2.43,86.47,77.74,236.92780000000002,0.03125803559840036,5372.64
613,2.25,7.85,2.93,85.21,74.74,191.7225,0.039202563660347384,4812.05
875,3.19,5.71,3.03,75.99,77.52,242.4081,0.03908668226435987,4996.25
667,2.5,6.06,1.85,74.97,92.88,187.425,0.019918171843435417,4042.0199999999995
1150,2.04,6.74,3.67,74.8,80.3,152.59199999999998,0.04570360576542892,7751.0
1087,4.29,3.27,2.09,85.18,75.43,365.42220000000003,0.027707804890918078,3554.4900000000002
475,2.1,7.35,0.95,80.48,78.61,169.008,0.012084974928765433,3491.25
702,2.76,2.63,2.31,75.43,73.2,208.1868,0.03155737273806383,1846.26
496,1.87,7.72,2.34,76.2,75.12,142.494,0.031150155597689612,3829.12
977,4.7,9.44,3.0,74.7,74.59,351.09000000000003,0.04021986322297047,9222.88
1156,2.7,5.25,1.8,84.55,75.61,228.285,0.023806371669571263,6069.0
954,5.86,5.5,3.38,75.3,77.35,441.258,0.04369747334227882,5247.0
1263,5.32,3.3,2.49,76.85,84.36,408.842,0.029516354964870206,4167.9
765,1.89,7.44,1.53,74.0,75.72,139.85999999999999,0.020206019518486593,5691.6
595,2.01,1.83,2.47,78.04,72.27,156.8604,0.03417738561264901,1088.8500000000001
737,2.02,8.39,2.77,73.85,86.19,149.177,0.032138295377851796,6183.43
535,2.67,7.28,2.42,74.94,83.08,200.0898,0.02912854728833085,3894.8
796,4.36,4.28,2.88,76.66,72.75,334.2376,0.03958762342438166,3406.88
710,3.76,3.68,3.27,75.95,74.43,285.572,0.04393389171921379,2612.8
839,2.61,4.14,1.94,77.89,83.97,203.2929,0.02310348659003375,3473.4599999999996
528,2.65,4.67,0.13,76.76,71.01,203.41400000000002,0.0018307278086568356,2465.7599999999998
424,3.58,4.68,2.44,76.89,74.77,275.2662,0.03263340475680022,1984.32
551,2.42,9.85,2.88,73.45,87.62,177.749,0.03286920419205613,5427.349999999999
629,4.45,4.66,2.8,76.12,70.41,338.73400000000004,0.039767072892050434,2931.14
670,4.75,8.44,4.14,85.56,69.84,406.41,0.059278342027728796,5654.799999999999
1058,2.64,7.87,1.35,73.97,76.87,195.2808,0.01756211557667288,8326.460000000001
1130,1.74,5.8,2.94,77.8,85.07,135.37199999999999,0.034559770241005025,6554.0
435,2.12,6.56,2.92,77.03,90.26,163.30360000000002,0.032350982456128684,2853.6
1455,5.9,8.45,5.68,77.88,85.95,459.492,0.06608492541187604,12294.749999999998
772,3.91,6.71,1.64,78.19,81.89,305.7229,0.0200268628615383,5180.12
920,4.76,6.97,1.56,83.92,77.26,399.4592,0.020191558349526486,6412.4
615,2.3,7.43,3.62,87.12,82.78,200.376,0.04373036437178492,4569.45
435,2.65,9.25,1.97,74.99,87.94,198.72349999999997,0.022401634932722885,4023.75
1405,2.29,4.7,1.95,76.73,88.95,175.7117,0.021922425865944253,6603.5
1024,2.19,4.87,0.51,77.77,83.93,170.31629999999998,0.006076491591029239,4986.88
451,2.56,9.89,1.23,74.48,77.17,190.6688,0.01593883426994502,4460.39
639,3.29,6.61,1.94,76.07,68.94,250.2703,0.028140407870552962,4223.79
511,2.01,3.65,2.03,81.79,71.0,164.3979,0.028591545268796436,1865.1499999999999
1009,4.96,4.16,1.53,77.9,86.86,386.384,0.017614550124965447,4197.4400000000005
801,3.85,5.26,3.34,77.62,81.39,298.83700000000005,0.04103697738825686,4213.26
850,3.87,5.49,2.33,77.35,75.74,299.3445,0.030763132986119227,4666.5
613,2.76,6.6,3.33,75.68,79.9,208.8768,0.041677091154306484,4045.7999999999997
553,3.86,5.4,2.21,78.16,73.65,301.69759999999997,0.030006784792018355,2986.2000000000003
518,4.55,7.2,1.82,77.0,86.66,350.34999999999997,0.02100161308543583,3729.6
611,2.55,3.68,2.62,77.69,80.12,198.10949999999997,0.03270094449563848,2248.48
809,4.66,7.57,2.69,77.21,75.26,359.79859999999996,0.03574275368818048,6124.13
432,2.02,5.12,1.44,76.92,76.35,155.3784,0.01886050833523139,2211.84
388,2.43,7.98,3.11,75.88,71.79,184.3884,0.04332079073397537,3096.2400000000002
593,4.22,5.2,2.94,75.9,72.74,320.298,0.04041792130630722,3083.6
825,3.73,8.47,2.59,77.09,72.64,287.5457,0.03565528143512094,6987.750000000001
1202,3.27,5.67,2.34,76.74,72.96,250.9398,0.03207236402516941,6815.34
842,2.99,3.29,1.91,74.98,79.49,224.19020000000003,0.024028176622446017,2770.18
460,2.8,3.5,2.62,76.76,80.29,214.928,0.03263170598683447,1610.0
707,2.38,5.09,3.74,84.35,92.06,200.753,0.040625674492105746,3598.63
417,2.45,6.96,2.58,76.16,86.9,186.592,0.02968929462723882,2902.32
838,2.91,7.11,2.49,76.17,76.94,221.65470000000002,0.032362875960114904,5958.18
762,4.26,5.55,3.41,78.05,73.57,332.493,0.0463504082709789,4229.099999999999
397,4.23,11.44,1.16,77.43,77.67,327.5289000000001,0.014934979408397138,4541.679999999999
973,3.66,4.95,2.91,74.64,80.17,273.18240000000003,0.03629786250494418,4816.35
1173,4.91,5.46,1.77,84.29,82.86,413.86390000000006,0.021361329789846756,6404.58
1323,3.05,3.61,2.66,83.14,87.43,253.577,0.03042433599172641,4776.03
918,2.73,5.48,2.35,75.98,78.13,207.4254,0.030078071153453075,5030.64
370,2.38,4.37,3.02,76.73,84.84,182.6174,0.03559641258882454,1616.9
1251,3.74,5.82,3.39,77.43,68.23,289.58820000000003,0.04968488206289285,7280.820000000001
901,3.35,6.57,1.23,77.36,76.35,259.156,0.01611001753634348,5919.570000000001
975,4.33,6.3,2.07,81.04,80.27,350.9032,0.025787962403393247,6142.5
640,2.07,3.39,2.45,76.05,80.07,157.4235,0.03059822273033312,2169.6
689,4.27,16.57,1.85,85.84,81.48,366.53679999999997,0.022704955485400653,11416.73
544,4.29,16.23,2.79,76.4,77.88,327.75600000000003,0.035824340546438044,8829.12
1036,4.41,6.86,1.17,74.91,80.61,330.3531,0.014514326446554216,7106.96
1394,2.43,7.2,2.67,80.14,81.86,194.74020000000002,0.03261665861022983,10036.800000000001
624,2.01,8.28,1.91,81.96,77.05,164.73959999999997,0.024789094771045454,5166.719999999999
564,3.05,6.66,2.08,78.46,71.89,239.30299999999997,0.028933088199598247,3756.2400000000002
777,3.74,5.13,1.73,76.95,78.08,287.793,0.02215675945738224,3986.0099999999998
1048,4.06,5.39,0.84,77.72,77.32,315.54319999999996,0.010863940653913521,5648.719999999999
504,3.12,13.9,3.94,76.53,91.66,238.77360000000002,0.04298493966998258,7005.6
437,2.75,7.99,2.36,76.47,79.46,210.2925,0.029700474490249876,3491.63
685,3.48,4.54,2.25,78.49,85.99,273.1452,0.02616583019353062,3109.9
404,2.66,9.4,1.91,75.12,78.56,199.81920000000002,0.02431262419645822,3797.6000000000004
593,5.01,4.83,4.48,77.85,69.62,390.02849999999995,0.06434931566370071,2864.19
517,4.0,7.74,1.66,84.01,92.32,336.04,0.01798093392754182,4001.58
1368,5.26,10.77,1.16,77.31,76.98,406.6506,0.015068847094200167,14733.359999999999
615,3.32,8.71,2.36,76.5,72.13,253.98,0.03271869780691837,5356.650000000001
592,2.24,4.52,3.17,76.8,79.85,172.032,0.03969943147158028,2675.8399999999997
817,5.55,7.24,2.76,80.86,76.46,448.77299999999997,0.03609730105973044,5915.08
656,4.15,6.29,3.18,75.57,68.32,313.6155,0.04654566063441736,4126.24
815,4.36,5.7,1.2,75.46,82.75,329.0056,0.01450150882156993,4645.5
567,2.71,6.55,1.68,86.11,76.23,233.3581,0.02203856460205108,3713.85
565,4.29,8.97,1.63,75.55,82.42,324.10949999999997,0.019776750815730305,5068.05
502,3.55,7.43,5.48,75.75,69.0,268.91249999999997,0.0794202783448872,3729.8599999999997
928,3.88,4.38,2.51,76.13,84.22,295.38439999999997,0.029802893635372397,4064.64
609,4.11,6.64,1.77,78.32,78.02,321.8952,0.022686487735646278,4043.7599999999998
803,2.99,10.23,0.88,76.09,76.73,227.50910000000002,0.011468785159809048,8214.69
1263,3.24,6.71,3.35,76.93,75.5,249.25320000000005,0.04437085505021787,8474.73
1197,2.77,6.13,3.47,82.17,80.19,227.61090000000002,0.043272223061201764,7337.61
1075,2.29,6.75,5.75,76.12,88.25,174.31480000000002,0.06515579998234561,7256.25
697,2.81,11.48,1.83,76.96,82.29,216.2576,0.022238422379581676,8001.56
1056,3.11,5.74,1.81,75.41,74.33,234.52509999999998,0.024350864475869167,6061.4400000000005
1017,4.04,8.35,1.17,74.2,74.52,299.76800000000003,0.015700480984905934,8491.949999999999
585,3.47,11.43,1.8,76.28,72.89,264.6916,0.024694742118981736,6686.55
856,1.81,7.53,3.04,77.79,70.95,140.7999,0.04284706936616358,6445.68
642,4.19,6.28,5.26,76.46,83.48,320.36740000000003,0.06300909642919304,4031.76
641,2.79,5.43,1.33,74.15,84.35,206.87850000000003,0.015767632985461414,3480.6299999999997
1330,2.57,8.47,1.87,77.07,83.94,198.06989999999996,0.022277814834665854,11265.1
989,2.68,7.85,1.29,77.76,79.58,208.3968,0.01621010100400842,7763.65
632,3.13,6.87,4.88,75.94,76.67,237.69219999999999,0.06364939824580693,4341.84
461,2.73,2.98,0.75,74.5,70.99,203.385,0.010564866803089618,1373.78
711,4.14,0.28,3.21,76.13,80.39,315.17819999999995,0.039930334627399595,199.08
423,2.58,7.19,1.36,84.05,82.59,216.849,0.016466882616916985,3041.3700000000003
969,2.32,6.7,2.39,75.57,71.86,175.32239999999996,0.033259110317407414,6492.3
629,3.99,6.08,2.8,74.96,70.89,299.0904,0.039497807942191,3824.32
674,2.85,5.07,1.87,76.08,82.98,216.828,0.022535548019336223,3417.1800000000003
851,4.16,10.17,3.02,77.5,76.96,322.40000000000003,0.03924115914226103,8654.67
533,4.81,4.46,1.22,77.21,76.26,371.3800999999999,0.015997899816692914,2377.18
1049,2.95,7.69,2.7,77.58,85.05,228.86100000000002,0.03174602801340059,8066.81
718,3.01,4.18,1.36,84.0,73.32,252.83999999999997,0.018548824529620225,3001.24
730,3.12,7.61,2.8,76.8,70.84,239.61599999999999,0.03952568612003301,5555.3
562,2.35,3.95,3.2,75.03,87.23,176.3205,0.036684622643055984,2219.9
1128,1.96,4.96,1.35,77.47,80.8,151.8412,0.016707918724267485,5594.88
1105,3.86,10.64,2.53,76.99,72.65,297.1814,0.034824496238885574,11757.2
567,2.83,7.51,2.3,75.08,76.88,212.4764,0.029916749490537266,4258.17
615,2.15,4.72,1.51,76.12,71.44,163.65800000000002,0.021136615182444682,2902.7999999999997
1392,2.61,14.65,1.21,77.27,87.64,201.67469999999997,0.013806479483514435,20392.8
888,3.21,2.51,1.16,73.56,64.8,236.1276,0.017901231805365462,2228.8799999999997
811,2.31,4.04,1.44,77.76,78.71,179.62560000000002,0.01829500466332046,3276.44
485,3.71,4.12,1.35,75.13,71.41,278.73229999999995,0.01890491263059619,1998.2
752,4.25,6.62,2.67,77.42,72.85,329.035,0.03665064699373411,4978.24
712,3.31,5.45,1.51,77.2,77.75,255.532,0.01942121936704574,3880.4
383,3.82,0.96,3.32,75.78,80.06,289.4796,0.041468893146528456,367.68
1238,2.77,5.26,1.94,82.99,68.42,229.8823,0.0283542782294244,6511.88
817,2.02,6.56,2.47,77.49,88.42,156.5298,0.02793485320800122,5359.5199999999995
659,3.58,4.82,2.17,76.39,73.34,273.4762,0.02958821521840534,3176.38
704,4.02,5.88,4.1,76.77,88.92,308.61539999999997,0.046108856712904094,4139.5199999999995
521,3.59,7.06,1.46,76.24,81.7,273.7016,0.017870254850642,3678.2599999999998
884,2.81,11.35,3.17,75.56,77.35,212.3236,0.040982541566575104,10033.4
997,3.2,4.91,2.06,78.35,81.37,250.72,0.02531645258492656,4895.27
952,0.15,10.15,2.57,83.5,73.79,12.525,0.03482856283662246,9662.800000000001
600,4.87,7.7,2.29,76.65,87.88,373.2855,0.026058258300152674,4620.0
685,4.76,5.68,1.56,81.22,76.42,386.6072,0.02041350164701627,3890.7999999999997
1172,4.46,5.83,1.36,76.34,73.18,340.4764,0.018584310114196485,6832.76
503,2.71,3.53,5.12,75.79,80.0,205.39090000000002,0.063999992000001,1775.59
1162,2.73,5.85,2.46,78.64,73.03,214.6872,0.033684782461347054,6797.7
552,3.09,5.17,1.83,75.65,84.67,233.7585,0.021613319757491464,2853.84
637,3.21,7.25,1.96,77.02,68.98,247.2342,0.028414028933889685,4618.25
856,2.86,5.74,1.88,78.0,68.46,223.07999999999998,0.027461287253682843,4913.4400000000005
374,2.66,4.47,1.46,78.34,70.28,208.38440000000003,0.02077404371456407,1671.78
567,2.37,17.42,3.66,75.92,74.99,179.93040000000002,0.04880650102593666,9877.140000000001
1048,4.71,7.86,1.86,75.6,88.95,356.07599999999996,0.020910621595208366,8237.28
1576,2.77,4.74,4.52,75.44,83.61,208.9688,0.05406051261087039,7470.240000000001
1129,2.66,7.42,3.57,76.57,80.62,203.6762,0.04428181043391088,8377.18
667,2.48,5.84,1.1,73.79,85.03,182.9992,0.01293660908660366,3895.2799999999997
499,4.57,17.63,3.65,76.72,78.15,350.6104,0.04670504840626379,8797.369999999999
1047,4.0,6.06,1.68,76.81,72.07,307.24,0.023310666947319696,6344.82
1240,4.56,4.77,1.48,77.44,75.29,353.12639999999993,0.019657322399080565,5914.799999999999
1506,4.58,6.98,1.64,75.32,73.61,344.9656,0.02227957855188445,10511.880000000001
907,2.36,9.17,2.78,83.63,72.25,197.36679999999998,0.03847750332491303,8317.19
491,1.98,5.63,2.49,77.19,88.78,152.8362,0.028046854241174337,2764.33
1113,2.59,8.25,2.98,78.47,86.36,203.23729999999998,0.0345067120765734,9182.25
620,2.1,4.51,2.76,76.42,80.98,160.482,0.03408248529482769,2796.2
1106,5.03,9.45,1.72,77.55,67.99,390.0765,0.025297834196523872,10451.699999999999
1119,1.65,7.0,1.72,86.02,73.63,141.933,0.023360040287920644,7833.0
434,1.96,9.36,2.02,75.15,80.62,147.294,0.025055814307142852,4062.24
616,2.18,3.84,1.21,76.22,70.15,166.1596,0.017248750214005668,2365.44
655,2.71,5.94,2.49,75.98,72.75,205.9058,0.034226799418996645,3890.7000000000003
606,3.62,3.8,1.59,77.37,90.56,280.0794,0.017557418555938762,2302.7999999999997
577,3.58,10.51,1.71,76.57,76.91,274.12059999999997,0.022233776851673794,6064.2699999999995
649,3.88,4.5,2.4,78.66,79.69,305.20079999999996,0.030116698441874958,2920.5
1095,4.47,3.81,2.32,77.12,90.62,344.7264,0.02560140966658467,4171.95
463,2.86,5.5,4.61,77.0,71.95,220.22,0.06407226350628721,2546.5
889,2.87,7.69,3.02,76.01,83.74,218.14870000000002,0.03606400333603973,6836.410000000001
893,2.55,9.56,1.44,87.34,65.92,222.71699999999998,0.021844656880361513,8537.08
701,3.15,5.84,2.91,76.25,82.35,240.1875,0.035336972029511596,4093.8399999999997
1443,2.38,4.18,1.98,76.94,79.36,183.1172,0.024949593630343544,6031.74
471,4.42,6.73,1.62,76.5,74.09,338.13,0.021865296009542987,3169.8300000000004
703,4.9,4.79,1.47,77.12,73.14,377.88800000000003,0.020098438597424308,3367.37
672,3.64,10.3,4.28,77.75,70.42,283.01,0.06077817938395635,6921.6
653,3.28,11.06,1.72,76.18,72.63,249.87040000000002,0.02368167097870426,7222.18
988,2.93,4.48,1.75,75.48,70.07,221.15640000000002,0.024975021410729072,4426.240000000001
610,2.97,6.68,3.82,77.1,86.9,228.987,0.043958568013973756,4074.7999999999997
770,5.69,5.32,3.16,76.76,78.57,436.7644000000001,0.04021890795228358,4096.400000000001
673,3.72,8.65,5.1,74.8,80.17,278.25600000000003,0.06361481057567536,5821.45
770,3.33,3.48,3.12,79.84,80.78,265.8672,0.038623416857710216,2679.6
745,3.65,4.44,1.66,75.4,71.48,275.21000000000004,0.023223275990028536,3307.8
658,3.76,7.27,4.46,72.44,74.86,272.3744,0.05957787074834748,4783.66
754,3.93,6.56,1.87,75.1,83.78,295.143,0.022320360190933374,4946.24
661,2.16,10.93,1.74,76.03,75.76,164.22480000000002,0.0229672620159369,7224.73
685,2.14,6.55,2.87,74.42,77.52,159.2588,0.037022699042479484,4486.75
502,5.51,6.96,1.76,75.38,66.03,415.34379999999993,0.026654546924951245,3493.92
619,4.17,6.56,1.73,82.52,67.23,344.10839999999996,0.025732556041565362,4060.64
916,4.1,11.4,3.19,76.91,69.75,315.33099999999996,0.0457347604681347,10442.4
905,4.04,6.02,1.29,76.65,80.88,309.66600000000005,0.015949552924140343,5448.099999999999
542,1.97,6.68,1.73,75.95,80.25,149.6215,0.021557629712444893,3620.56
791,3.6,6.11,1.76,79.52,78.22,286.272,0.022500636346121664,4833.01
542,2.75,5.69,3.05,81.15,65.58,223.16250000000002,0.04650807464042777,3083.98
792,3.87,7.12,2.6,76.24,78.08,295.04879999999997,0.03329917606311782,5639.04
913,2.01,4.63,2.14,86.04,79.85,172.94039999999998,0.02680024711330656,4227.19
672,5.55,5.44,3.36,86.16,74.58,478.188,0.045052286799103405,3655.6800000000003
423,3.14,7.53,2.55,87.78,89.47,275.6292,0.028501170392179455,3185.19
701,2.57,6.43,1.58,75.33,75.2,193.5981,0.02101063550390485,4507.429999999999
622,3.45,1.89,3.08,73.63,74.95,254.02349999999998,0.04109405722560944,1175.58
580,3.92,5.27,2.03,77.54,74.78,303.95680000000004,0.027146292170862237,3056.6
755,2.74,4.76,2.85,76.32,86.94,209.11679999999998,0.0327812246628451,3593.7999999999997
1063,4.16,3.47,2.73,77.77,72.94,323.5232,0.037428017901286276,3688.61
704,2.93,3.82,1.25,82.83,69.48,242.6919,0.017990786126829857,2689.2799999999997
1339,4.32,8.28,2.52,77.39,80.65,334.32480000000004,0.031246121358199458,11086.919999999998
1104,2.26,6.84,1.89,75.12,73.91,169.7712,0.025571637725390645,7551.36
481,3.63,6.53,4.01,76.63,78.34,278.1669,0.05118712647598589,3140.9300000000003
731,3.12,4.54,1.5,75.07,71.55,234.21839999999997,0.020964357656973073,3318.7400000000002
779,3.19,6.29,1.56,83.33,77.85,265.8227,0.020038533071479375,4899.91
1062,2.96,3.41,1.23,74.11,73.07,219.3656,0.016833171365379585,3621.42
891,2.76,4.21,0.97,76.95,85.92,212.382,0.011289570380636594,3751.11
1171,2.42,7.33,2.58,76.15,75.61,184.28300000000002,0.03412246605971881,8583.43
488,2.26,6.06,1.12,76.97,83.61,173.95219999999998,0.01339552524871125,2957.2799999999997
1427,4.81,11.76,2.88,77.97,80.24,375.03569999999996,0.035892318557786816,16781.52
634,4.34,4.33,1.41,77.31,73.62,335.5254,0.019152401636457258,2745.2200000000003
523,2.99,4.78,2.69,76.94,76.4,230.0506,0.03520941947520687,2499.94
564,4.51,7.5,2.52,74.85,67.34,337.57349999999997,0.03742203186486013,4230.0
425,2.15,6.24,1.93,77.89,84.99,167.46349999999998,0.02270855127561463,2652.0
852,1.83,0.0,1.6,74.79,78.05,136.8657,0.02049967706602472,0.0
794,3.23,3.87,1.12,78.74,81.97,254.3302,0.013663533772900601,3072.78
1339,0.58,4.31,1.28,86.74,79.9,50.3092,0.01602002302627997,5771.089999999999
504,3.78,3.96,2.04,75.56,80.42,285.6168,0.02536682101879868,1995.84
577,4.4,3.83,1.04,83.09,75.48,365.59600000000006,0.013778482541271522,2209.91
749,2.23,6.32,2.78,74.8,71.44,166.804,0.03891376834913657,4733.68
1058,2.94,16.84,2.99,81.06,75.32,238.31640000000002,0.03969728628554352,17816.72
708,2.68,5.86,2.75,76.96,90.65,206.2528,0.030336455561339702,4148.88
1011,3.56,4.4,1.8,77.86,71.96,277.1816,0.02501389313314437,4448.400000000001
549,2.84,7.23,4.76,77.25,70.28,219.39,0.06772907402830478,3969.2700000000004
660,2.1,4.24,2.24,77.04,77.92,161.78400000000002,0.028747429575535218,2798.4
691,3.7,8.17,1.92,78.12,83.29,289.04400000000004,0.023051984265579986,5645.47
876,2.39,7.85,1.22,84.14,75.93,201.0946,0.01606742841203366,6876.599999999999
940,0.29,6.93,3.78,77.49,87.82,22.472099999999998,0.04304258220876996,6514.2
697,2.6,2.94,2.7,77.9,77.37,202.54000000000002,0.034897242484523396,2049.18
1178,2.79,8.85,4.4,76.75,86.4,214.1325,0.050925920031722215,10425.3
1447,4.26,8.16,2.62,75.43,80.21,321.3318,0.032664252254799624,11807.52
770,2.53,5.47,2.95,76.98,75.88,194.7594,0.038877169362523806,4211.9
410,3.79,3.66,3.54,77.59,87.55,294.0661,0.04043403307435373,1500.6000000000001
1233,4.2,4.57,2.85,82.35,85.52,345.87,0.03332553398906291,5634.81
620,3.38,7.47,2.53,76.09,73.37,257.1842,0.034482753920845856,4631.4
518,2.17,5.54,3.27,76.04,82.07,165.0068,0.039844030724499734,2869.72
610,2.12,3.26,2.47,83.58,69.45,177.1896,0.03556514966664512,1988.6
623,3.65,5.38,2.31,77.2,86.98,281.78000000000003,0.02655782633274013,3351.74
702,2.24,14.67,2.86,77.46,77.49,173.5104,0.036907983364565314,10298.34
620,2.16,5.76,1.82,83.24,91.18,179.7984,0.019960515468247918,3571.2
562,2.46,6.88,2.25,78.04,72.26,191.97840000000002,0.03113755450628916,3866.56
770,3.94,5.15,1.74,73.66,75.47,290.2204,0.02305551569424729,3965.5000000000005
770,1.93,4.19,2.38,79.45,80.29,153.3385,0.02964254207964353,3226.3
724,3.27,5.29,1.33,74.98,74.55,245.18460000000002,0.017840373193779586,3829.96
964,2.48,12.4,3.04,73.64,78.22,182.6272,0.03886473550693742,11953.6
789,5.17,4.93,2.03,74.03,71.25,382.7351,0.028491224071407143,3889.77
799,2.42,9.99,2.64,75.7,76.76,183.194,0.034392908494931144,7982.01
993,4.59,5.98,5.09,76.89,73.19,352.9251,0.0695450103094671,5938.14
675,1.98,4.57,2.28,77.27,73.08,152.9946,0.031198682101986574,3084.75
808,2.43,4.15,2.77,76.16,82.42,185.0688,0.03360834341078095,3353.2000000000003
459,3.93,9.19,2.9,79.48,79.73,312.3564,0.03637275349645635,4218.21
1530,3.97,5.69,1.69,84.16,80.09,334.1152,0.021101258446590276,8705.7
626,4.07,8.22,1.67,76.46,84.84,311.1922,0.019684108948124827,5145.72
1047,5.28,15.15,1.59,76.46,75.62,403.7088,0.021026180768820315,15862.050000000001
849,1.82,4.96,1.53,75.24,75.91,136.9368,0.020155444584976343,4211.04
901,2.51,5.07,3.75,77.62,82.71,194.8262,0.04533913126113756,4568.070000000001
1004,2.34,7.42,1.24,78.25,81.77,183.105,0.015164483898192015,7449.68
867,2.39,4.89,1.61,75.1,69.54,179.489,0.023152139322384337,4239.63
833,2.99,8.84,1.29,77.17,74.16,230.7383,0.01739481966089271,7363.72
737,4.7,6.18,1.93,75.02,86.78,352.594,0.022240144936604637,4554.66
565,2.21,7.22,2.56,82.35,76.52,181.99349999999998,0.03345530143030562,4079.2999999999997
516,3.56,5.23,4.85,78.13,78.79,278.14279999999997,0.06155602721715607,2698.6800000000003
908,4.78,6.6,1.62,75.49,63.55,360.8422,0.0254917347770677,5992.799999999999
487,3.72,15.7,3.5,75.8,81.03,281.976,0.04319387347971449,7645.9
704,4.22,6.04,2.69,75.29,77.11,317.7238,0.034885224369702456,4252.16
675,2.7,4.26,2.46,78.63,92.46,212.301,0.026606097057527898,2875.5
546,3.82,6.73,4.74,77.98,77.42,297.8836,0.06122448188782202,3674.5800000000004
812,5.3,6.65,5.86,76.9,79.78,407.57,0.0734519837738802,5399.8
367,4.75,8.23,2.94,76.19,71.49,361.9025,0.04112462706327779,3020.4100000000003
388,2.66,5.71,1.29,76.33,70.15,203.0378,0.0183891634512953,2215.48
497,3.08,6.38,3.36,74.69,79.74,230.0452,0.042136939787190894,3170.86
672,2.58,8.35,3.45,81.72,80.72,210.8376,0.04274033167240688,5611.2
561,5.36,4.11,2.11,76.65,85.66,410.84400000000005,0.024632264226912885,2305.71
861,4.72,8.26,1.67,77.53,72.8,365.9416,0.022939557288522348,7111.86
819,2.38,6.74,3.23,77.41,78.06,184.23579999999998,0.04137842155029188,5520.06
913,2.9,7.26,1.94,75.88,79.01,220.052,0.02455385083484991,6628.38
697,5.04,4.55,1.56,78.51,83.42,395.6904,0.018700549184781923,3171.35
649,3.46,6.82,1.6,74.09,70.71,256.3514,0.02262763079795916,4426.18
459,4.0,7.07,6.03,74.53,84.17,298.12,0.07164071858848538,3245.13
1244,2.05,11.05,2.14,83.02,72.66,170.19099999999997,0.029452239271643373,13746.2
846,4.17,5.37,2.37,73.39,72.75,306.0363,0.032577315109647405,4543.02
1056,4.28,8.99,2.27,83.72,78.43,358.3216,0.028943002812316352,9493.44
886,3.63,2.0,2.98,76.44,75.46,277.4772,0.03949111589039016,1772.0
1337,2.68,4.39,2.96,73.8,86.06,197.784,0.034394604416151005,5869.429999999999
696,1.82,6.98,2.65,77.59,83.36,141.21380000000002,0.031789823441719836,4858.08
1041,2.74,4.11,3.03,75.51,82.19,206.89740000000003,0.03686579427353762,4278.51
823,3.44,5.66,2.35,77.0,83.67,264.88,0.028086527060293166,4658.18
1309,0.47,8.6,3.15,75.35,69.18,35.4145,0.045533384571641425,11257.4
731,2.04,6.02,3.34,75.4,79.27,153.816,0.04213447178825889,4400.62
654,4.43,6.0,3.01,77.14,67.15,341.73019999999997,0.04482501193968548,3924.0
1156,3.9,4.3,3.03,78.01,82.78,304.23900000000003,0.03660303979185313,4970.8
668,2.08,6.48,1.84,77.37,74.44,160.92960000000002,0.024717890285076535,4328.64
978,2.45,6.88,1.26,76.83,86.05,188.23350000000002,0.014642647920668458,6728.64
820,3.2,7.56,2.6,88.13,75.98,282.016,0.034219526951891684,6199.2
1227,2.52,7.42,2.64,74.99,70.77,188.9748,0.03730393707730153,9104.34
818,4.7,7.14,6.67,76.62,71.83,360.11400000000003,0.0928581243410658,5840.5199999999995
830,2.1,4.57,1.71,80.79,68.72,169.65900000000002,0.024883581943599832,3793.1000000000004
1004,3.68,8.77,1.61,78.4,85.15,288.51200000000006,0.01890780752697504,8805.08
669,3.23,13.04,1.15,74.98,72.4,242.18540000000002,0.015883975706633188,8723.76
865,3.64,7.52,1.16,75.31,73.91,274.1284,0.01569476177854664,6504.799999999999
1320,2.32,7.38,2.38,75.8,76.51,175.856,0.031107040764992707,9741.6
619,4.38,4.52,3.03,77.32,75.34,338.66159999999996,0.04021767451318363,2797.8799999999997
1212,1.72,5.27,4.29,80.38,82.46,138.25359999999998,0.052025218042054566,6387.24
738,3.79,10.85,2.22,77.99,82.98,295.58209999999997,0.026753431338463324,8007.3
611,1.95,6.92,2.12,76.76,76.21,149.68200000000002,0.027817868020224644,4228.12
752,2.65,5.03,3.44,76.62,92.77,203.043,0.03708094889717054,3782.5600000000004
790,4.29,5.11,5.12,74.83,78.97,321.0207,0.06483473916237316,4036.9
1208,2.25,4.91,6.15,75.76,80.63,170.46,0.07627433011604488,5931.28
633,3.72,7.9,2.07,75.97,73.59,282.6084,0.02812881802842532,5000.7
655,4.92,5.86,1.49,76.4,88.64,375.88800000000003,0.01680956489061768,3838.3
971,3.29,2.74,2.89,78.8,79.94,259.252,0.036152109563158674,2660.5400000000004
966,5.34,10.25,2.98,76.81,66.93,410.1654,0.04452412303539174,9901.5
813,4.4,3.85,1.2,77.31,80.52,340.16400000000004,0.014903127806367635,3130.05
1140,2.14,5.07,2.14,80.77,75.95,172.8478,0.02817642815320235,5779.8
652,3.7,4.82,1.23,75.94,89.53,280.978,0.013738410171070012,3142.6400000000003
917,3.62,5.99,2.66,75.37,78.86,272.8394,0.03373065765525518,5492.83
789,4.63,7.57,2.24,74.36,66.05,344.28679999999997,0.03391369660655616,5972.7300000000005
975,3.47,5.41,0.63,76.12,71.31,264.13640000000004,0.008834664305894782,5274.75
614,2.86,5.64,1.91,75.8,81.32,216.78799999999998,0.023487454071882186,3462.9599999999996
872,3.58,10.97,2.58,87.14,89.36,311.9612,0.028871975282903393,9565.84
636,4.66,6.16,2.53,76.23,77.35,355.2318,0.03270846377395426,3917.76
800,2.99,4.59,2.31,75.16,74.99,224.7284,0.03080410310653379,3672.0
1221,4.42,5.89,5.2,76.79,90.01,339.4118,0.057771352319592004,7191.69
553,2.19,6.29,2.42,76.89,84.56,168.38909999999998,0.02861872887668769,3478.37
412,3.05,4.37,5.39,76.04,89.79,231.922,0.060028949768465324,1800.44
690,3.45,6.02,6.25,75.11,79.48,259.1295,0.07863612498287305,4153.799999999999
1185,2.86,8.17,1.63,82.93,78.73,237.1798,0.020703668143824697,9681.45
1037,2.14,7.12,1.78,77.39,71.96,165.61460000000002,0.024735960987220543,7383.4400000000005
973,5.0,7.92,2.09,83.89,72.47,419.45,0.02883951582178614,7706.16
1159,2.18,4.21,1.16,75.43,91.18,164.43740000000003,0.01272208678196021,4879.39
678,2.39,10.82,1.02,74.7,78.9,178.53300000000002,0.01292775501549366,7335.96
884,2.32,6.04,2.07,76.28,77.5,176.96959999999999,0.02670967397294529,5339.36
737,3.44,4.42,0.89,76.61,74.43,263.53839999999997,0.011957542394526078,3257.54
615,3.96,4.46,1.45,76.7,73.03,303.732,0.019854851450793992,2742.9
649,5.03,5.08,1.63,76.75,75.22,386.0525,0.02166976579769133,3296.92
461,3.64,3.87,1.66,75.31,84.94,274.1284,0.019543204668800957,1784.07
553,3.42,8.02,2.57,75.59,89.81,258.5178,0.028615963855253994,4435.0599999999995
534,4.23,4.89,1.68,77.14,81.66,326.3022,0.02057310548945561,2611.2599999999998
567,3.88,5.6,2.04,74.34,82.76,288.4392,0.024649586195071748,3175.2
833,3.22,2.64,1.36,76.55,70.32,246.491,0.019340156521593217,2199.12
1214,3.08,5.27,1.07,77.48,89.65,238.63840000000002,0.011935302628521736,6397.78
689,2.69,3.08,1.87,74.26,73.18,199.7594,0.025553426407020168,2122.12
459,2.68,5.41,2.57,76.59,88.25,205.26120000000003,0.02912180973123969,2483.19
606,1.71,4.53,1.28,78.71,75.3,134.5941,0.0169986697212922,2745.1800000000003
705,2.82,4.88,1.79,76.83,85.67,216.6606,0.020894126194218956,3440.4
783,3.77,0.41,1.89,76.85,86.38,289.7245,0.021880062296820758,321.03
1369,3.62,5.68,2.36,74.91,75.72,271.1742,0.031167454943547945,7775.919999999999
466,2.81,6.17,1.38,77.75,85.14,218.4775,0.016208595700188427,2875.22
990,3.66,4.22,1.75,84.83,79.4,310.4778,0.022040299491146158,4177.8
1560,3.33,9.35,2.15,76.27,84.04,253.9791,0.025583052643615815,14586.0
520,2.67,3.08,1.13,78.2,79.34,208.794,0.01424249883507703,1601.6000000000001
655,3.71,5.27,5.48,74.75,79.39,277.3225,0.06902631703913377,3451.85
629,2.25,5.43,2.11,75.05,89.34,168.86249999999998,0.0236176378310233,3415.47
678,3.7,11.13,3.29,75.32,75.89,278.68399999999997,0.04335221460637573,7546.14
859,5.54,5.71,1.87,81.43,74.73,451.1222,0.02502341428831603,4904.89
785,2.82,5.16,1.85,76.44,74.78,215.56079999999997,0.024739231781327656,4050.6
822,2.8,4.45,0.51,78.21,78.41,218.98799999999997,0.006504271584712207,3657.9
549,4.08,7.18,2.0,83.38,92.42,340.1904,0.02164033524774559,3941.8199999999997
545,4.73,5.08,1.33,76.1,85.33,359.95300000000003,0.015586544522847239,2768.6
524,2.56,6.16,5.84,76.32,82.62,195.3792,0.07068505559367518,3227.84
671,4.09,11.86,2.52,83.75,81.5,342.53749999999997,0.03092024160487833,7958.0599999999995
544,3.83,5.37,1.66,76.44,71.71,292.7652,0.023148790524502784,2921.28
715,2.55,6.49,3.16,74.71,76.21,190.51049999999998,0.04146436931316503,4640.35
547,4.8,5.18,3.34,77.64,88.71,372.67199999999997,0.03765076793475731,2833.46
721,3.09,6.1,2.96,77.93,75.54,240.80370000000002,0.039184532805860095,4398.099999999999
755,4.71,5.82,0.99,74.76,76.88,352.11960000000005,0.012877209563318216,4394.1
555,4.92,6.85,2.28,76.29,74.59,375.34680000000003,0.030567096049457555,3801.75
833,2.82,6.19,2.83,75.69,73.95,213.4458,0.03826909556874975,5156.27
819,2.58,5.06,2.78,79.83,74.34,205.9614,0.03739574422978958,4144.139999999999
587,3.75,8.31,1.33,76.09,81.73,285.33750000000003,0.016273092343926057,4877.97
490,2.44,11.31,2.11,82.56,74.6,201.4464,0.028284178514185184,5541.900000000001
874,2.64,4.81,1.99,75.78,87.12,200.0592,0.02284205431105896,4203.94
557,2.51,5.82,3.18,77.26,73.66,193.9226,0.04317132186107496,3241.7400000000002
626,2.76,5.68,2.0,75.68,75.34,208.8768,0.026546319810682263,3555.68
681,2.0,3.5,2.56,77.58,76.5,155.16,0.03346404791319635,2383.5
937,3.52,6.27,2.47,75.31,76.33,265.0912,0.03235948744144014,5874.99
393,2.63,4.13,2.57,78.0,78.75,205.14,0.03263491649080425,1623.09
1239,3.02,6.16,2.53,77.95,71.35,235.40900000000002,0.03545899993566924,7632.24
735,2.99,8.72,1.19,76.87,74.44,229.84130000000002,0.015986026869152757,6409.200000000001
483,3.7,4.73,1.95,75.65,85.27,279.90500000000003,0.02286853255910255,2284.59
661,2.44,7.81,1.2,78.09,78.36,190.5396,0.015313933727165168,5162.41
771,3.14,5.51,1.82,75.4,84.54,236.75600000000003,0.021528268094598048,4248.21
933,4.03,8.34,2.75,74.5,77.19,300.235,0.03562637185822362,7781.22
971,4.13,0.83,2.39,75.25,82.41,310.78249999999997,0.029001331270315345,805.93
1412,2.82,4.0,1.92,83.25,71.18,234.765,0.026973865274815215,5648.0
647,5.13,9.63,2.33,72.74,79.98,373.15619999999996,0.02913227942832215,6230.610000000001
695,3.64,7.27,2.92,76.2,71.96,277.368,0.04057809330487864,5052.65
868,2.6,11.87,5.11,83.12,71.7,216.11200000000002,0.07126916718700597,10303.16
500,0.69,7.66,1.83,73.42,76.4,50.6598,0.023952876445958577,3830.0
800,2.92,4.27,1.92,76.57,77.78,223.5844,0.024685005826047077,3415.9999999999995
532,3.46,6.19,1.42,83.71,85.07,289.6366,0.016692133925927596,3293.0800000000004
1455,2.8,6.8,1.83,76.54,84.46,214.312,0.021667058765444145,9894.0
1433,5.18,6.4,1.66,76.85,80.52,398.08299999999997,0.020615993465475227,9171.2
946,3.09,5.32,1.08,77.38,82.71,239.10419999999996,0.013057669803207618,5032.72
497,2.39,7.98,1.21,75.99,77.86,181.6161,0.015540712106253261,3966.0600000000004
649,4.35,5.49,2.82,74.68,86.29,324.858,0.032680492214568056,3563.01
1023,3.85,7.7,2.84,77.21,76.44,297.25849999999997,0.03715331800715358,7877.1
648,3.14,6.46,1.26,76.77,83.75,241.0578,0.01504477432301202,4186.08
970,3.04,18.07,1.68,76.71,86.27,233.1984,0.01947374296119822,17527.9
1242,2.94,10.16,1.1,80.73,77.77,237.3462,0.014144269751283304,12618.72
804,4.57,5.99,1.54,77.05,79.81,352.1185,0.01929582517280727,4815.96
849,1.85,11.52,2.93,78.26,91.88,144.781,0.031889417513123915,9780.48
715,4.18,4.21,1.12,75.96,68.94,317.51279999999997,0.016246008667535734,3010.15
964,4.13,5.57,1.54,84.43,69.05,348.6959,0.02230267598802665,5369.4800000000005
648,3.75,5.9,4.36,76.15,69.41,285.5625,0.06281514726766356,3823.2000000000003
710,2.46,6.18,2.14,76.45,82.21,188.067,0.026030893318222444,4387.8
688,3.94,8.74,2.24,77.3,78.91,304.562,0.02838676614031604,6013.12
947,4.81,8.07,3.32,76.89,76.46,369.8409,0.04342139112982067,7642.29
770,3.6,2.87,3.03,77.13,79.49,277.668,0.03811799746911593,2209.9
821,2.57,3.5,1.93,78.42,87.85,201.5394,0.021969263293197122,2873.5
414,3.86,10.07,1.37,76.19,70.17,294.0934,0.019524010328628997,4168.9800000000005
1177,3.14,4.03,2.22,81.79,73.41,256.8206,0.03024110744570121,4743.31
392,2.74,7.0,2.23,74.41,82.26,203.8834,0.02710916276329166,2744.0
499,2.49,4.57,1.18,87.13,81.47,216.9537,0.014483857311420484,2280.4300000000003
688,2.93,5.64,1.85,75.3,79.13,220.629,0.023379246381998436,3880.3199999999997
774,2.5,5.42,5.82,75.2,89.32,188.0,0.06515897165707886,4195.08
964,3.81,5.44,1.59,75.97,88.63,289.4457,0.017939747496361562,5244.160000000001
423,2.63,5.58,1.69,80.75,71.53,212.3725,0.023626447137362346,2360.34
1549,4.57,5.67,1.91,77.77,75.53,355.4089,0.025287961698932646,8782.83
618,2.62,3.38,2.67,75.61,86.04,198.09820000000002,0.031032074496504587,2088.84
1049,2.09,0.72,2.25,88.18,75.82,184.2962,0.029675543435037796,755.28
575,3.0,7.11,1.69,75.7,74.0,227.10000000000002,0.02283783475164395,4088.25
801,5.05,8.41,2.15,77.69,74.19,392.3345,0.02897964294653687,6736.41
531,3.54,7.42,2.64,76.29,73.28,270.06660000000005,0.03602619595712391,3940.02
1302,2.31,5.59,1.86,75.03,88.1,173.3193,0.021112369907790023,7278.179999999999
794,4.35,4.05,3.95,78.1,83.06,339.73499999999996,0.04755597790079727,3215.7
664,3.47,8.72,4.47,76.94,74.96,266.9818,0.059631795673453086,5790.080000000001
830,4.12,4.86,1.55,83.85,77.45,345.462,0.02001290897186456,4033.8
886,4.32,8.04,3.18,84.94,88.9,366.9408,0.03577052466023344,7123.44
763,4.39,5.94,1.47,77.05,71.34,338.24949999999995,0.020605547994736753,4532.22
636,4.62,5.46,2.58,72.69,79.98,335.8278,0.03225806048286315,3472.56
652,4.69,6.82,2.98,76.89,72.83,360.6141,0.04091719883053702,4446.64
910,2.84,6.48,3.2,75.0,85.15,213.0,0.037580735457341696,5896.8
830,4.2,8.16,1.78,84.98,80.22,356.91600000000005,0.0221889775381479,6772.8
764,2.47,9.3,1.93,83.04,66.29,205.10880000000003,0.029114492515538912,7105.200000000001
1168,5.21,8.07,1.09,76.86,74.64,400.4406,0.014603427839840857,9425.76
874,2.06,6.1,1.53,76.06,81.92,156.6836,0.018676755532622616,5331.4
530,2.55,6.8,0.78,74.99,74.16,191.22449999999998,0.010517797934493266,3604.0
794,3.54,13.31,2.08,76.02,81.25,269.1108,0.025599996849231157,10568.140000000001
679,2.33,6.49,1.72,84.58,93.36,197.0714,0.018423305653030672,4406.71
663,2.83,5.55,2.11,75.77,78.19,214.4291,0.02698554457276575,3679.65
884,2.69,4.75,1.21,75.46,68.19,202.98739999999998,0.01774453471996851,4199.0
643,0.11,7.17,1.71,75.99,72.71,8.3589,0.0235180823108125,4610.31
1318,2.26,9.16,1.7,77.8,72.99,175.82799999999997,0.0232908585709195,12072.880000000001
582,2.58,5.38,1.68,75.34,89.46,194.37720000000002,0.01877934062381616,3131.16
832,4.1,4.8,2.87,77.71,78.11,318.61099999999993,0.0367430499624824,3993.6
937,4.1,6.41,3.49,82.65,80.18,338.865,0.0435270586770942,6006.17
737,4.62,5.91,1.83,77.61,70.9,358.5582,0.025810997769958,4355.67
859,4.14,6.33,2.17,81.92,73.29,339.1488,0.029608400926674723,5437.47
1482,3.59,4.34,2.22,78.61,79.28,282.2099,0.028002014631431052,6431.88
1087,2.7,8.1,1.36,85.08,73.33,229.716,0.01854629502982476,8804.699999999999
479,2.13,4.28,3.05,78.52,83.85,167.24759999999998,0.036374473896902335,2050.1200000000003
534,5.09,9.67,2.19,74.12,65.42,377.2708,0.033475996105778644,5163.78
639,2.27,7.74,2.6,77.11,74.62,175.0397,0.03484320090549438,4945.860000000001
636,3.2,5.36,2.15,77.29,79.66,247.32800000000003,0.02698970286345683,3408.96
665,4.8,11.5,1.85,75.56,73.7,362.688,0.025101760501796404,7647.5
695,3.63,5.03,3.02,75.56,76.06,274.2828,0.03970549044103465,3495.8500000000004
929,4.25,7.08,1.16,75.86,70.45,322.405,0.01646557608721418,6577.32
666,3.22,7.26,3.12,77.13,82.76,248.3586,0.03769936712187444,4835.16
758,3.29,4.28,2.48,78.51,75.48,258.2979,0.03285638144457055,3244.2400000000002
637,4.32,5.41,1.99,78.0,88.21,336.96000000000004,0.022559797918626244,3446.17
731,4.3,6.14,3.29,78.55,82.36,337.765,0.039946571157531426,4488.34
916,3.1,5.56,2.46,75.98,79.21,235.538,0.031056680841221963,5092.96
1187,0.41,2.65,2.83,76.44,76.75,31.3404,0.03687295936508673,3145.5499999999997
1207,2.69,4.45,2.01,77.5,82.07,208.475,0.024491284940747537,5371.150000000001
580,3.89,7.27,1.65,83.17,85.0,323.53130000000004,0.019411762422145595,4216.599999999999
538,4.26,7.69,2.08,80.18,81.18,341.5668,0.02562207124635732,4137.22
509,2.59,5.44,1.18,77.64,80.45,201.08759999999998,0.014667493515538406,2768.96
1287,4.15,4.24,1.47,76.42,82.93,317.14300000000003,0.017725790699892593,5456.88
630,2.79,3.99,1.67,74.39,66.8,207.5481,0.02499999625748559,2513.7000000000003
777,3.87,7.43,2.39,83.48,84.04,323.0676,0.028438835264298516,5773.11
866,4.54,6.76,0.97,84.21,74.99,382.3134,0.012935056282830206,5854.16
972,5.15,5.75,2.04,75.55,83.84,389.08250000000004,0.024332058166500695,5589.0
478,2.32,4.65,2.8,77.64,70.76,180.1248,0.03957037315285851,2222.7000000000003
654,4.31,9.6,3.18,75.77,81.37,326.5687,0.039080737485469155,6278.4
485,4.85,8.73,1.44,76.75,79.18,372.23749999999995,0.018186408412931492,4234.05
1140,2.78,6.54,1.71,74.05,88.38,205.85899999999998,0.019348266649890627,7455.6
970,4.47,4.27,2.53,77.4,83.02,345.978,0.030474580766733223,4141.9
450,3.0,4.95,2.04,77.94,84.7,233.82,0.024085003059621832,2227.5
707,2.2,1.11,1.45,85.26,75.87,187.57200000000003,0.019111635809722444,784.7700000000001
523,4.47,7.7,2.54,75.43,80.66,337.1721,0.03149020189806572,4027.1
1035,1.89,8.41,2.73,77.28,73.58,146.0592,0.03710246845576672,8704.35
695,2.62,6.41,1.89,83.82,77.86,219.6084,0.024274335438693107,4454.95
629,2.96,5.26,2.5,85.55,78.34,253.22799999999998,0.03191217361345754,3308.54
1468,4.39,8.35,1.37,82.68,82.15,362.9652,0.016676808682068327,12257.8
865,5.52,11.65,3.52,75.1,76.41,414.55199999999996,0.046067262653152384,10077.25
599,4.31,5.29,2.18,78.23,85.28,337.1713,0.025562848784844185,3168.71
758,3.16,6.2,2.95,76.11,76.08,240.5076,0.03877496861527752,4699.6
516,2.71,5.22,1.52,85.03,78.19,230.4313,0.019439823578485282,2693.52
408,2.09,2.4,1.83,85.01,86.81,177.6709,0.02108051824898995,979.1999999999999
596,4.49,4.66,1.6,83.16,85.61,373.3884,0.018689403260202866,2777.36
597,1.74,6.86,1.62,76.44,76.68,133.0056,0.02112675780819538,4095.42
717,2.22,8.82,1.91,82.91,73.12,184.0602,0.02612144062890582,6323.9400000000005
592,4.26,8.45,2.95,75.23,80.53,320.4798,0.03663230639112053,5002.4
511,1.87,6.89,5.63,76.89,81.61,143.7843,0.06898663534044414,3520.79
413,3.49,6.19,1.77,82.13,78.46,286.6337,0.022559262992701633,2556.4700000000003
692,2.55,5.19,4.32,79.03,72.91,201.5265,0.059251123405414434,3591.4800000000005
581,4.67,5.44,1.47,75.27,83.8,351.5109,0.01754176401649594,3160.6400000000003
890,2.94,5.76,1.18,83.77,88.98,246.28379999999999,0.013261405567385302,5126.4
703,3.0,6.83,0.92,76.48,66.1,229.44,0.013918303491935933,4801.49
865,2.23,6.05,1.79,77.24,83.06,172.24519999999998,0.02155068365631066,5233.25
651,2.86,4.05,1.85,77.48,83.13,221.5928,0.022254297816155684,2636.5499999999997
980,4.02,7.74,1.33,74.7,81.06,300.294,0.016407597285023775,7585.2
724,2.3,16.36,4.27,77.04,77.33,177.192,0.055217890182608274,11844.64
551,3.07,7.88,3.91,75.87,75.15,232.9209,0.052029267860376864,4341.88
765,5.27,6.89,1.64,81.96,73.69,431.9291999999999,0.022255391198888422,5270.849999999999
600,2.39,8.94,2.98,79.27,66.02,189.4553,0.04513783018209176,5364.0
799,4.16,6.04,2.76,77.17,71.39,321.0272,0.03866087145806535,4825.96
1147,2.58,4.21,2.1,77.42,90.96,199.74360000000001,0.02308706870194935,4828.87
426,3.38,7.07,1.69,75.03,83.06,253.60139999999998,0.02034673484869554,3011.82
548,3.93,5.99,3.07,76.5,74.35,300.64500000000004,0.04129118476244993,3282.52
621,3.76,2.19,1.9,77.45,75.71,291.212,0.02509575682264472,1359.99
654,2.85,11.89,2.46,76.29,77.24,217.42650000000003,0.03184877889062935,7776.06
577,2.13,7.75,2.49,76.38,88.92,162.68939999999998,0.028002695906129565,4471.75
523,2.97,6.76,4.46,75.29,88.35,223.61130000000003,0.050481035599203666,3535.48
770,2.2,7.69,2.19,73.47,71.41,161.63400000000001,0.030667969378522703,5921.3
781,5.23,7.46,1.57,76.94,85.57,402.3962,0.018347549567891835,5826.26
832,3.09,11.63,4.82,77.15,76.65,238.39350000000002,0.06288322728203166,9676.16
508,2.16,7.65,2.2,75.66,78.67,163.4256,0.027964913186104844,3886.2000000000003
490,2.46,3.96,1.35,75.39,78.27,185.4594,0.01724798553111211,1940.4
634,4.34,3.76,2.91,78.49,81.16,340.6466,0.035855096617164045,2383.8399999999997
1307,3.98,5.03,2.23,77.05,86.57,306.659,0.025759498006295716,6574.21
650,3.79,7.09,5.52,75.2,83.39,285.00800000000004,0.06619497947056248,4608.5
742,3.03,2.97,1.45,77.75,77.3,235.58249999999998,0.018758082954969862,2203.7400000000002
959,2.77,7.24,1.82,78.02,83.77,216.1154,0.021726152354524013,6943.16
667,0.74,5.27,1.52,85.35,79.5,63.15899999999999,0.019119494450378055,3515.0899999999997
1157,2.04,1.72,2.24,76.82,80.05,156.7128,0.027982507435039675,1990.04
745,2.99,6.77,1.61,75.49,75.9,225.7151,0.021212118417375702,5043.65
550,3.15,7.39,1.19,74.6,70.87,234.98999999999998,0.016791305659474294,4064.5
650,2.88,5.67,2.62,76.77,71.01,221.09759999999997,0.036896206605237764,3685.5
1262,2.8,15.76,2.29,78.51,82.02,219.828,0.027920016103387454,19889.12
632,4.06,6.64,1.5,82.66,68.72,335.59959999999995,0.0218277034592981,4196.48
531,4.05,7.94,3.21,78.37,81.84,317.3985,0.039222869107665065,4216.14
1488,5.04,6.82,2.29,76.61,71.49,386.1144,0.03203244761051229,10148.16
906,3.84,4.33,2.83,76.13,82.35,292.33919999999995,0.034365508880933954,3922.98
848,2.1,6.4,1.82,82.85,75.05,173.98499999999999,0.02425049643564338,5427.200000000001
471,2.62,5.96,2.46,76.02,68.01,199.1724,0.036171145982775176,2807.16
1339,2.82,18.69,0.37,77.53,83.06,218.63459999999998,0.004454610588175946,25025.910000000003
1251,2.65,6.68,1.32,74.34,70.1,197.001,0.018830239824502167,8356.68
776,2.37,6.77,1.9,76.93,77.37,182.32410000000002,0.02455731878540535,5253.5199999999995
1244,5.12,6.78,2.07,76.14,68.3,389.83680000000004,0.030307462619698005,8434.32
1138,5.82,4.44,1.21,76.56,71.16,445.5792,0.017003932405293364,5052.72
775,2.91,7.49,1.4,77.13,69.59,224.4483,0.020117830131077718,5804.75
606,2.09,5.69,1.15,75.2,86.12,157.168,0.01335345873740609,3448.1400000000003
1093,3.23,8.74,1.97,78.19,78.66,252.5537,0.025044492112319842,9552.82
625,1.9,7.78,2.22,76.74,84.12,145.80599999999998,0.02639086704816131,4862.5
972,3.73,6.82,3.42,83.55,77.03,311.6415,0.04439828061816427,6629.04
829,4.27,3.05,2.65,77.39,85.27,330.45529999999997,0.031077749375190644,2528.45
891,3.26,10.23,1.42,76.13,73.21,248.18379999999996,0.019396254692493554,9114.93
679,4.59,6.34,1.9,74.99,79.54,344.2041,0.023887349272397624,4304.86
826,3.86,3.27,1.33,86.13,75.55,332.4618,0.017604233275415847,2701.02
783,2.95,11.51,1.98,76.9,71.31,226.85500000000002,0.027766087818526457,9012.33
1118,2.95,7.3,1.55,84.44,83.28,249.098,0.018611909388579564,8161.4
861,4.46,2.12,1.97,76.86,77.84,342.7956,0.02530832151743043,1825.3200000000002
2047,4.18,6.37,2.19,75.35,80.55,314.96299999999997,0.027188078561380686,13039.39
678,3.69,6.55,5.33,74.62,84.23,275.3478,0.06327910919160522,4440.9
654,3.82,5.16,1.65,85.4,87.61,326.228,0.01883346434956462,3374.64
668,2.77,18.72,2.17,77.83,78.83,215.5891,0.0275275875266285,12504.96
998,3.83,5.61,2.84,74.64,82.55,285.8712,0.03440338771612505,5598.780000000001
455,2.01,7.81,1.62,76.52,195.53,153.80519999999999,0.008285173206915911,3553.5499999999997
651,5.23,4.18,2.69,77.11,78.11,403.2853,0.034438607804556674,2721.18
628,5.0,3.47,1.37,78.26,72.04,391.3,0.01901721001982093,2179.1600000000003
1342,2.65,5.27,4.19,86.07,75.12,228.08549999999997,0.0557774153650938,7072.339999999999
1258,2.96,4.56,1.95,75.38,70.48,223.1248,0.027667419456949564,5736.48
727,2.78,6.42,1.94,76.06,72.93,211.4468,0.026600846482812763,4667.34
826,2.63,3.02,1.41,76.01,78.45,199.90630000000002,0.017973229066509996,2494.52
1099,4.0,3.07,1.24,74.92,68.71,299.68,0.018046861003222094,3373.93
1215,4.37,6.06,1.37,75.42,79.35,329.5854,0.017265278227438157,7362.9
1289,2.71,5.91,1.42,84.59,83.72,229.2389,0.01696129754403995,7617.99
739,0.61,6.36,5.23,82.55,77.67,50.3555,0.06733615716027332,4700.04
711,2.0,6.8,2.92,85.1,87.45,170.2,0.0333905050439674,4834.8
1137,4.02,8.87,4.56,80.09,74.85,321.9618,0.06092183554818496,10085.189999999999
764,3.06,4.62,1.41,77.37,73.76,236.75220000000002,0.019116049469082227,3529.6800000000003
583,3.29,5.31,1.71,77.71,80.13,255.6659,0.021340319313575527,3095.7299999999996
840,3.95,4.36,1.02,78.29,73.17,309.24550000000005,0.013940137496222837,3662.4
573,4.44,3.15,1.61,75.81,82.44,336.5964,0.019529352313276044,1804.95
1052,2.39,12.45,1.28,76.63,84.43,183.1457,0.015160486182578918,13097.4
883,2.42,4.51,1.35,76.54,78.84,185.2268,0.01712328549932959,3982.33
816,3.78,12.07,1.34,87.98,69.43,332.5644,0.019300011623215953,9849.12
497,3.43,7.77,1.63,75.48,80.07,258.8964,0.020357184918548155,3861.6899999999996
718,4.17,5.41,2.46,76.5,82.98,319.005,0.02964569418586476,3884.38
839,2.72,15.66,2.01,74.89,83.1,203.70080000000002,0.02418772272109233,13138.74
435,2.27,2.83,1.67,74.44,63.84,168.9788,0.026159143772063943,1231.05
835,2.06,7.51,1.94,77.08,85.54,158.7848,0.022679445560036756,6270.849999999999
631,2.39,2.13,2.5,76.4,87.53,182.59600000000003,0.028561632747442847,1344.03
655,5.24,6.58,1.15,75.24,84.28,394.25759999999997,0.013644991261866246,4309.9
1220,2.53,8.81,2.31,76.8,84.31,194.30399999999997,0.027398881817236174,10748.2
866,4.27,4.63,0.45,76.27,77.58,325.67289999999997,0.005800463289447887,4009.58
533,2.5,11.87,1.96,74.87,79.22,187.175,0.024741223839784922,6326.71
861,2.51,6.83,2.29,75.84,88.92,190.3584,0.025753483383548877,5880.63
700,2.74,4.82,3.14,76.26,76.02,208.95240000000004,0.041304914324531136,3374.0
748,3.42,7.85,2.45,78.56,77.84,268.6752,0.03147481610035764,5871.8
690,2.76,6.21,2.25,73.41,68.76,202.61159999999998,0.032722508330059866,4284.9
715,2.4,0.92,2.07,85.52,73.89,205.248,0.028014612530164764,657.8000000000001
1305,4.44,5.83,2.4,77.24,78.38,342.9456,0.030620052230154092,7608.150000000001
792,4.47,7.38,2.04,81.6,87.2,364.75199999999995,0.023394492729989363,5844.96
841,2.43,6.86,2.01,77.14,74.35,187.45020000000002,0.027034293606685456,5769.26
877,1.96,5.27,4.37,77.66,78.53,152.21359999999999,0.05564751615337882,4621.79
695,2.1,6.08,1.79,74.31,83.69,156.05100000000002,0.021388454846641793,4225.6
663,3.06,6.81,2.96,79.23,78.31,242.4438,0.03779848834140105,4515.03
951,4.57,5.13,1.43,76.75,82.5,350.7475,0.017333331232323487,4878.63
799,2.81,8.19,2.93,82.44,74.75,231.6564,0.039197319170927204,6543.8099999999995
600,4.22,5.75,5.14,76.15,74.29,321.353,0.06918830674541569,3450.0
1551,2.71,16.42,0.37,74.5,76.42,201.895,0.004841663852176936,25467.420000000002
427,4.79,12.89,3.97,76.67,74.29,367.2493,0.053439217466789944,5504.030000000001
537,4.16,4.95,2.97,76.29,80.98,317.36640000000006,0.03667571787160807,2658.15
856,3.03,8.13,1.29,77.09,88.83,233.5827,0.014522119270278142,6959.280000000001
567,2.28,5.43,1.94,76.35,70.31,174.07799999999997,0.027592088238929276,3078.81
1027,4.64,5.38,1.29,83.05,68.06,385.352,0.01895386145256223,5525.26
753,2.23,4.46,1.94,76.54,71.53,170.6842,0.027121483696143756,3358.38
960,4.35,5.81,2.49,76.88,73.3,334.42799999999994,0.03396998172305843,5577.599999999999
1270,5.81,3.89,1.58,79.68,68.78,462.9408,0.0229717907863055,4940.3
1044,2.96,7.57,1.03,73.49,77.76,217.5304,0.013245883070231085,7903.08
1038,4.0,4.78,3.24,75.66,81.72,302.64,0.039647572240874666,4961.64
1062,3.11,3.72,2.48,77.53,82.58,241.1183,0.030031480984320538,3950.6400000000003
599,3.94,5.9,2.04,75.95,76.4,299.243,0.026701567185658744,3534.1000000000004
1350,3.66,7.48,0.93,77.46,86.52,283.5036,0.01074895853571908,10098.0
874,2.7,1.76,1.73,76.33,84.61,206.091,0.02044675328604736,1538.24
518,3.78,2.99,2.06,76.48,82.56,289.0944,0.024951547365364903,1548.8200000000002
620,4.8,17.87,3.34,76.84,74.39,368.832,0.0448985018284041,11079.400000000001
676,3.54,5.96,3.23,75.23,67.15,266.3142,0.048101258659529605,4028.96
475,2.56,6.39,1.83,85.66,76.09,219.2896,0.024050463391974846,3035.25
649,4.3,5.78,2.64,76.8,88.31,330.23999999999995,0.029894685777976923,3751.2200000000003
782,2.07,13.66,1.89,84.19,79.79,174.27329999999998,0.023687175875776924,10682.12
559,4.42,10.07,2.36,81.96,72.68,362.2632,0.03247110175136189,5629.13
706,1.97,3.42,1.59,76.97,86.16,151.6309,0.018454036855381054,2414.52
878,4.52,18.53,2.65,84.08,77.52,380.04159999999996,0.03418472211239395,16269.34
616,2.98,5.95,2.63,74.1,70.99,220.81799999999998,0.037047466256167595,3665.2000000000003
920,4.88,6.17,0.99,76.32,82.3,372.44159999999994,0.012029160142264867,5676.4
1212,2.5,5.52,2.8,76.0,75.18,190.0,0.03724394290450346,6690.24
652,2.95,4.33,3.19,76.33,75.6,225.17350000000002,0.04219576161431725,2823.16
495,1.82,6.07,1.22,78.25,80.44,142.415,0.015166581903706873,3004.65
742,2.91,7.37,1.2,79.53,81.23,231.43230000000003,0.01477286534865624,5468.54
683,3.33,10.71,1.85,75.09,63.37,250.04970000000003,0.02919362013671767,7314.93
755,2.68,0.2,1.9,83.85,70.95,224.718,0.02677941835385224,151.0
762,2.21,7.0,2.03,75.15,82.02,166.0815,0.02475005794317752,5334.0
842,2.94,5.16,2.77,75.03,69.2,220.5882,0.040028895949581506,4344.72
581,1.87,8.38,2.22,77.23,86.03,144.42010000000002,0.025804948761484512,4868.780000000001
888,2.21,3.93,2.79,82.51,88.65,182.3471,0.03147207766812434,3489.84
888,2.9,5.81,1.19,77.28,70.53,224.112,0.01687225054980142,5159.28
489,3.82,5.81,2.85,77.39,76.92,295.6298,0.03705147724239765,2841.0899999999997
682,4.21,3.88,2.66,77.65,88.19,326.9065,0.030162146483484923,2646.16
874,4.58,7.65,1.12,84.42,87.45,386.6436,0.012807317003165581,6686.1
1316,3.12,6.46,1.34,76.64,74.84,239.1168,0.01790486131682772,8501.36
1016,3.16,4.38,2.25,75.7,85.83,239.21200000000002,0.02621460722187962,4450.08
1164,2.22,12.92,1.57,80.65,70.89,179.04300000000003,0.022146985167585672,15038.88
1129,3.16,7.45,1.54,78.02,86.26,246.54319999999998,0.017853000480755797,8411.050000000001
589,2.52,4.68,1.77,76.4,68.77,192.52800000000002,0.025737963394217918,2756.52
913,2.87,4.35,1.79,76.18,87.24,218.63660000000002,0.020518108606360774,3971.5499999999997
458,3.77,6.08,3.64,75.86,85.22,285.9922,0.04271297316205431,2784.64
587,2.87,2.76,1.35,76.42,76.22,219.3254,0.01771188432014113,1620.12
640,4.69,5.79,3.7,78.06,80.84,366.10140000000007,0.045769415416945146,3705.6
673,4.51,9.18,1.27,76.3,84.42,344.11299999999994,0.015043826694642656,6178.139999999999
636,3.54,9.45,2.3,77.06,70.72,272.7924,0.032522619835602395,6010.2
531,3.7,7.4,2.88,74.5,71.97,275.65000000000003,0.040016668053818524,3929.4
715,3.87,5.09,2.5,77.26,73.5,298.99620000000004,0.034013600814476075,3639.35
1118,2.3,9.87,1.36,75.64,89.44,173.97199999999998,0.015205722807946914,11034.66
1138,2.89,12.93,1.9,77.25,79.42,223.2525,0.023923441963807357,14714.34
612,2.64,5.0,1.97,75.97,81.35,200.5608,0.02421634613197958,3060.0
391,2.98,6.98,3.04,83.4,80.03,248.532,0.037985750595307934,2729.1800000000003
885,3.1,5.64,2.86,77.15,72.49,239.16500000000002,0.03945371231153093,4991.4
1375,3.95,3.9,1.55,77.41,71.04,305.7695,0.021818690622369,5362.5
586,3.06,12.15,3.01,74.85,70.69,229.041,0.04258027407267306,7119.900000000001
719,2.36,10.28,2.76,76.59,72.02,180.7524,0.038322682821065976,7391.32
610,1.74,6.24,2.66,78.73,87.58,136.99020000000002,0.03037222763505051,3806.4
1390,5.54,16.43,1.77,76.72,82.52,425.0288,0.021449343013894447,22837.7
565,4.67,8.52,1.91,74.88,77.94,349.6896,0.024506027135485355,4813.8
1265,5.37,6.02,2.31,76.34,70.32,409.9458,0.032849824680059064,7615.299999999999
388,2.96,12.83,1.52,81.95,70.63,242.572,0.021520597264533873,4978.04
847,2.28,4.84,2.1,76.18,79.46,173.6904,0.026428388317595232,4099.48
804,3.12,17.2,1.4,78.37,69.37,244.51440000000002,0.02018163180313798,13828.8
1033,3.23,6.05,2.19,77.61,82.96,250.6803,0.02639826104167538,6249.65
432,2.34,10.06,2.12,79.39,79.57,185.77259999999998,0.026643203890511013,4345.92
555,4.19,6.67,2.07,76.64,68.98,321.12160000000006,0.03000869382303655,3701.85
651,4.05,6.53,1.44,76.69,83.68,310.5945,0.01720841094545758,4251.03
672,2.35,5.44,2.56,76.94,87.04,180.809,0.02941176132677374,3655.6800000000003
477,4.25,4.66,1.64,75.18,77.53,319.51500000000004,0.02115309929664655,2222.82
427,2.71,5.81,1.89,76.28,72.7,206.7188,0.025997245392400906,2480.87
592,2.73,0.05,3.08,80.17,87.27,218.8641,0.0352927655216265,29.6
548,2.97,4.86,1.34,75.09,82.65,223.01730000000003,0.016212944196860955,2663.28
536,3.11,7.47,2.59,76.85,79.59,239.00349999999997,0.03254177251642511,4003.92
554,4.14,4.49,1.71,81.37,72.44,336.8718,0.023605739424939338,2487.46
661,2.9,9.76,1.37,77.11,82.15,223.619,0.016676808682068327,6451.36
455,5.24,8.2,3.29,75.56,92.48,395.93440000000004,0.035575255668765605,3730.9999999999995
908,0.95,4.71,1.28,74.68,81.28,70.946,0.015748029558559355,4276.68
1036,5.34,10.11,3.21,77.63,75.07,414.5442,0.04276008488609499,10473.96
972,3.13,9.56,1.78,74.99,77.97,234.71869999999998,0.02282929038998456,9292.32
546,3.82,10.52,1.83,78.3,78.26,299.106,0.023383590163098624,5743.92
598,3.31,11.89,3.04,76.99,69.15,254.83689999999999,0.043962394220911895,7110.22
625,1.96,4.3,1.23,76.69,75.35,150.3124,0.016323819996838754,2687.5
836,3.33,5.06,2.67,75.12,79.06,250.14960000000002,0.03377181460007404,4230.16
1138,3.09,4.84,1.9,73.87,75.4,228.2583,0.025198935650008532,5507.92
612,1.81,10.16,2.09,73.71,80.8,133.4151,0.025866333432384474,6217.92
1096,5.77,11.29,1.81,75.03,81.04,432.9231,0.02233464679977211,12373.839999999998
643,2.55,0.44,1.33,77.44,76.15,197.47199999999998,0.017465526268479806,282.92
734,2.95,4.84,5.42,82.76,78.64,244.14200000000002,0.06892165959795783,3552.56
499,2.42,9.58,2.62,73.76,81.91,178.4992,0.03198632255080912,4780.42
684,2.5,4.92,4.98,86.64,75.68,216.6,0.06580337396889878,3365.2799999999997
731,2.7,9.41,1.52,77.03,74.28,207.98100000000002,0.0204631097922577,6878.71
1055,3.25,6.81,1.62,76.27,78.66,247.8775,0.020594963056831547,7184.549999999999
481,3.97,4.45,2.03,87.48,69.01,347.29560000000004,0.029416022400228597,2140.4500000000003
618,5.39,11.56,5.49,77.11,86.5,415.62289999999996,0.0634682007551213,7144.08
551,3.45,0.4,1.07,75.67,80.62,261.0615,0.013272139261704383,220.4
634,4.43,7.07,2.14,74.94,80.77,331.9842,0.02649498248174044,4482.38
493,2.65,7.08,1.98,77.9,86.13,206.435,0.02298850307807929,3490.44
1346,2.61,7.03,2.11,74.7,79.2,194.96699999999998,0.026641410777599645,9462.380000000001
1224,2.39,8.13,5.38,76.49,75.17,182.8111,0.07157109597298177,9951.12
498,3.74,8.15,3.11,75.45,71.64,282.18300000000005,0.043411495894542726,4058.7000000000003
623,2.53,5.34,1.61,76.67,87.72,193.9751,0.018353851076852362,3326.8199999999997
944,3.54,5.68,1.85,75.27,72.72,266.4558,0.025440040506045036,5361.92
613,2.29,6.9,2.69,73.69,80.3,168.7501,0.033499373163216294,4229.7
1399,3.37,6.85,2.02,78.11,73.67,263.2307,0.027419570052997142,9583.15
667,3.29,12.56,2.92,75.48,89.97,248.32920000000001,0.03245525925805721,8377.52
752,2.8,6.53,4.95,80.62,72.24,225.736,0.06852158519911612,4910.56
617,2.69,6.03,1.37,85.18,69.47,229.13420000000002,0.019720739927919978,3720.51
631,2.58,4.52,1.87,85.42,75.25,220.3836,0.024850495036479067,2852.12
845,3.29,6.95,2.06,77.09,71.12,253.6261,0.028965125286118488,5872.75
584,2.22,3.89,1.87,78.57,83.38,174.4254,0.02242743794345911,2271.76
372,4.38,4.31,1.34,74.36,85.17,325.6968,0.015733237556271273,1603.32
1003,4.07,11.76,1.06,78.05,74.07,317.6635,0.014310785161227873,11795.28
469,2.37,8.44,2.07,75.0,79.77,177.75,0.025949601861652016,3958.3599999999997
681,4.21,7.12,2.59,78.44,78.28,330.2324,0.03308635244170255,4848.72
1325,2.58,4.71,1.95,83.53,77.93,215.50740000000002,0.02502245283941321,6240.75
630,5.09,9.25,2.66,75.49,81.28,384.24409999999995,0.03272637392638116,5827.5
414,3.53,4.24,2.36,76.78,67.78,271.0334,0.034818525402991234,1755.3600000000001
814,4.96,12.81,2.59,83.22,79.41,412.77119999999996,0.03261553549735102,10427.34
643,3.78,10.92,1.61,74.49,84.55,281.57219999999995,0.019041984737790098,7021.56
809,3.62,4.95,3.26,74.5,88.86,269.69,0.03668691912143606,4004.55
544,4.02,6.21,0.18,86.99,85.24,349.6997999999999,0.002111684407357531,3378.24
665,2.94,6.56,2.01,77.75,67.35,228.585,0.029844093564351363,4362.4
631,2.64,7.3,1.43,75.19,85.95,198.5016,0.016637578052637804,4606.3
899,2.83,5.11,1.09,76.1,81.67,215.363,0.013346392390548257,4593.89
746,2.16,3.87,0.94,74.63,83.27,161.2008,0.011288577964623759,2887.02
823,2.56,9.36,2.61,74.46,74.52,190.61759999999998,0.03502414988940554,7703.28
635,3.74,4.73,0.97,84.18,78.01,314.83320000000003,0.012434301700512535,3003.55
522,3.79,5.65,1.4,77.81,80.45,294.8999,0.017402110950638785,2949.3
840,2.39,5.91,2.87,77.62,85.87,185.51180000000002,0.03342261168945945,4964.400000000001
831,4.4,5.66,1.5,75.4,81.32,331.76000000000005,0.01844564455906978,4703.46
618,3.94,4.04,2.92,76.88,80.4,302.9072,0.03631840344298464,2496.72
1390,5.07,5.92,0.44,76.24,73.94,386.53679999999997,0.00595077009050986,8228.8
651,2.22,4.35,1.46,75.74,80.79,168.1428,0.01807154127100615,2831.85
653,4.09,4.92,2.94,81.4,85.0,332.926,0.03458823122491397,3212.7599999999998
767,3.24,5.66,3.19,76.12,68.01,246.62880000000004,0.046904860034574315,4341.22
509,2.03,5.93,3.23,76.96,88.91,156.22879999999998,0.036328867806898237,3018.37
1222,6.06,8.2,0.91,75.92,72.05,460.0752,0.012630116220663953,10020.4
602,2.69,5.5,2.63,75.13,80.26,202.09969999999998,0.032768498284513045,3311.0
848,4.34,9.8,1.03,75.6,76.71,328.104,0.013427191575128202,8310.400000000001
754,3.41,5.98,3.22,84.06,86.97,286.6446,0.03702425698237818,4508.92
471,4.01,17.03,3.19,76.24,85.34,305.72239999999994,0.03737988781580878,8021.13
944,3.34,6.43,4.8,78.89,88.97,263.4926,0.053950763858518165,6069.92
828,4.06,6.84,2.06,78.17,89.05,317.37019999999995,0.023133068710492005,5663.5199999999995
1084,4.68,5.53,3.71,76.91,83.35,359.93879999999996,0.04451109244018087,5994.52
1621,3.98,3.34,1.02,78.56,71.8,312.66880000000003,0.014206126155135633,5414.139999999999
1502,2.61,2.59,1.06,77.52,75.6,202.32719999999998,0.014021162166512943,3890.18
595,3.43,11.03,0.53,76.1,83.69,261.02299999999997,0.006332894451798967,6562.849999999999
768,2.73,13.65,2.11,77.16,81.13,210.64679999999998,0.02600763885028487,10483.2
992,3.39,4.24,1.77,78.04,74.36,264.5556,0.02380311675590146,4206.08
1220,3.65,6.14,3.6,74.13,76.96,270.5745,0.04677754069938401,7490.799999999999
1114,4.12,6.02,2.0,76.04,81.82,313.2848,0.02444389825911779,6706.28
655,2.02,3.78,1.95,75.17,70.91,151.8434,0.027499643562312288,2475.9
631,3.27,5.43,1.72,74.28,83.99,242.8956,0.0204786259699219,3426.33
761,4.32,6.42,2.47,76.19,76.41,329.1408,0.03232560760036545,4885.62
675,0.66,17.36,3.65,74.82,83.93,49.3812,0.04348861628873867,11718.0
586,2.22,5.89,2.05,75.08,77.66,166.6776,0.02639711223318153,3451.54
986,5.15,4.41,1.52,77.93,70.03,401.33950000000004,0.02170498047908318,4348.26
872,2.92,6.55,1.54,75.3,80.8,219.87599999999998,0.019059403581756982,5711.599999999999
928,3.02,5.54,3.0,76.39,87.37,230.6978,0.03433672492426176,5141.12
401,1.89,11.54,3.45,88.42,93.77,167.1138,0.03679214708412636,4627.54
465,2.59,6.53,2.09,74.34,71.18,192.5406,0.029362176262689478,3036.4500000000003
719,2.87,6.45,1.89,85.61,78.63,245.7007,0.02403662418458296,4637.55
522,4.35,7.05,3.73,77.38,83.78,336.60299999999995,0.04452136016694197,3680.1
461,1.92,6.81,4.43,78.0,87.17,149.76,0.050820230489820976,3139.41
692,3.12,4.54,2.95,76.42,72.91,238.43040000000002,0.04046083658471587,3141.68
491,2.34,5.79,3.21,77.47,71.45,181.2798,0.04492651575556112,2842.89
1040,5.63,5.0,2.13,77.53,74.89,436.4939,0.02844171071682324,5200.0
855,3.62,3.67,1.92,78.26,81.66,283.30120000000005,0.02351212055937784,3137.85
880,2.29,5.98,3.59,76.14,73.97,174.3606,0.04853318256953054,5262.400000000001
782,3.87,8.16,1.95,75.5,78.28,292.185,0.02491057423216987,6381.12
752,2.23,7.44,1.78,80.91,80.69,180.42929999999998,0.02205973205357144,5594.88
1011,2.63,4.96,3.7,75.9,77.12,199.61700000000002,0.04797717220213016,5014.56
887,2.04,12.61,1.96,77.35,82.46,157.79399999999998,0.02376909728727901,11185.07
1026,3.2,5.49,1.69,74.45,86.46,238.24,0.019546608888895572,5632.74
522,3.21,5.1,3.68,73.85,71.24,237.05849999999998,0.05165636557322213,2662.2
429,3.38,3.56,2.69,77.96,93.98,263.5048,0.028623108254617124,1527.24
851,3.1,7.69,2.14,77.05,75.82,238.855,0.028224739089324838,6544.1900000000005
641,2.91,4.58,1.4,75.08,83.9,218.4828,0.016686529596361188,2935.78
653,2.48,6.63,2.48,76.73,82.03,190.2904,0.030232837957718157,4329.39
1257,4.41,4.33,2.61,77.95,82.84,343.7595,0.03150651478675581,5442.81
728,5.18,5.53,2.03,82.78,80.16,428.80039999999997,0.02532434813818012,4025.84
561,2.25,3.69,2.95,78.21,67.72,175.9725,0.04356171831634402,2070.09
815,3.26,6.5,3.62,77.17,74.6,251.5742,0.0485254626641471,5297.5
548,2.23,11.45,2.38,74.89,77.88,167.0047,0.030559831720617395,6274.599999999999
786,5.63,6.31,2.66,77.16,82.01,434.4108,0.03243506493902391,4959.66
1101,3.06,6.93,1.58,75.48,84.15,230.96880000000002,0.018775993015330596,7629.929999999999
647,2.25,11.61,2.69,82.94,79.53,186.615,0.03382371006868979,7511.67
808,4.82,6.8,4.83,76.95,80.0,370.89900000000006,0.06037499245312594,5494.4
658,3.2,6.11,1.57,75.67,69.76,242.144,0.0225057307187886,4020.38
800,2.34,4.65,1.48,76.08,77.96,178.0272,0.018984091972281687,3720.0000000000005
646,2.44,5.21,3.25,75.74,70.11,184.80559999999997,0.046355720103306214,3365.66
725,2.62,3.97,0.99,74.74,73.59,195.81879999999998,0.013452912970116459,2878.25
994,3.76,9.97,1.9,78.04,81.58,293.4304,0.023290019209362686,9910.18
622,2.79,5.12,1.76,76.43,85.93,213.23970000000003,0.020481785117911655,3184.64
703,2.07,6.24,1.45,77.03,72.27,159.4521,0.02006364742442958,4386.72
816,2.44,6.04,3.14,83.05,77.49,202.642,0.040521352365291995,4928.64
868,2.86,0.67,1.98,75.26,75.91,215.24360000000001,0.02608351652173409,581.5600000000001
835,2.85,12.16,1.7,78.32,71.29,223.212,0.0238462584028253,10153.6
610,3.93,11.37,3.23,73.18,69.92,287.59740000000005,0.04619564556698433,6935.7
919,3.08,13.07,1.89,77.82,70.36,239.6856,0.026861849507980453,12011.33
1022,4.27,6.14,1.47,77.28,80.95,329.9856,0.018159355384885063,6275.08
825,3.59,5.34,2.19,83.05,83.55,298.1495,0.0262118460548359,4405.5
819,3.15,7.35,3.01,76.0,81.9,239.4,0.03675213226469691,6019.65
911,5.22,4.06,3.85,77.97,69.86,407.0034,0.055110212552216924,3698.66
456,2.26,9.13,2.61,75.93,78.84,171.6018,0.03310501863203721,4163.280000000001
757,4.5,6.11,1.58,86.6,84.03,389.7,0.018802806283136228,4625.27
365,3.26,2.98,2.4,75.37,83.27,245.7062,0.028821901186273424,1087.7
1223,4.1,5.66,3.28,74.16,75.22,304.056,0.04360541829228685,6922.18
786,2.48,4.83,1.31,76.74,77.5,190.31519999999998,0.0169032236253905,3796.38
387,4.41,4.72,2.33,76.8,75.65,338.688,0.030799731553241033,1826.6399999999999
1067,4.27,9.99,2.34,75.04,79.93,320.4208,0.029275612501487233,10659.33
751,4.33,5.3,1.5,81.67,78.45,353.6311,0.019120456453734037,3980.2999999999997
799,3.27,6.26,1.66,76.38,85.58,249.7626,0.019397053120232165,5001.74
1196,4.35,5.15,1.16,77.15,83.32,335.6025,0.013922225885474569,6159.400000000001
1125,2.69,12.26,3.21,73.67,70.5,198.1723,0.04553190843519029,13792.5
1463,2.8,9.63,2.29,77.52,75.55,217.05599999999998,0.03031104827120473,14088.69
587,2.18,3.17,4.01,77.51,77.46,168.97180000000003,0.051768648106293814,1860.79
508,3.47,6.46,1.29,76.18,74.87,264.3446,0.017229862798201843,3281.68
580,4.47,9.18,2.29,76.16,70.99,340.43519999999995,0.0322580599721003,5324.4
1050,2.61,0.28,2.23,84.86,77.64,221.4846,0.028722304389193147,294.0
1217,4.44,6.28,1.44,76.76,77.55,340.81440000000003,0.018568662982764283,7642.76
831,3.12,5.26,1.27,83.95,70.14,261.92400000000004,0.01810664127364681,4371.0599999999995
774,3.84,10.69,3.6,75.51,82.71,289.9584,0.04352556601069206,8274.06
637,3.8,7.1,1.98,73.48,71.17,279.224,0.027820707064675133,4522.7
758,2.49,6.01,1.48,75.52,75.42,188.0448,0.019623439455921578,4555.58
716,4.17,8.58,3.3,77.22,78.74,322.00739999999996,0.041910078497577025,6143.28
684,2.31,5.43,6.02,78.39,72.35,181.0809,0.08320662291546331,3714.12
643,1.78,6.84,3.11,76.07,80.14,135.4046,0.03880708275429463,4398.12
459,2.7,7.06,2.44,75.44,82.16,203.68800000000002,0.029698146336642365,3240.54
1383,1.98,6.73,1.68,75.91,74.59,150.3018,0.022523123404863465,9307.59
1621,2.32,5.15,1.49,74.77,83.11,173.46639999999996,0.017928045009259413,8348.150000000001
1036,3.39,4.34,2.74,76.19,77.42,258.2841,0.035391367167222014,4496.24
1227,3.94,10.92,5.1,76.79,80.77,302.55260000000004,0.06314224797050291,13398.84
856,2.42,10.0,1.83,77.57,84.23,187.71939999999998,0.021726223230888846,8560.0
637,3.31,7.6,1.08,83.92,82.42,277.7752,0.0131036140374164,4841.2
676,5.15,4.01,2.98,75.11,68.78,386.8165,0.04332654211594328,2710.7599999999998
588,4.06,8.14,2.2,75.2,74.42,305.31199999999995,0.02956194174120643,4786.320000000001
736,5.2,6.17,5.22,77.2,78.94,401.44000000000005,0.0661261633992699,4541.12
849,5.66,6.24,2.02,75.38,88.68,426.6508,0.022778526975808865,5297.76
412,5.14,4.22,3.26,81.53,88.15,419.06419999999997,0.03698241214039567,1738.6399999999999
911,2.0,4.37,1.6,77.77,78.39,155.54,0.0204107640756775,3981.07
1051,3.57,9.03,1.38,75.7,67.96,270.249,0.020306059401698145,9490.529999999999
1021,2.77,9.94,2.28,75.42,78.89,208.9134,0.028900997730891397,10148.74
467,3.29,6.48,0.99,76.46,72.49,251.55339999999998,0.013657054261683782,3026.1600000000003
959,2.42,5.58,1.55,77.58,82.52,187.7436,0.01878332297826915,5351.22
437,2.54,6.99,3.64,75.65,77.29,192.151,0.047095349062576126,3054.63
943,3.25,9.29,2.55,80.35,81.74,261.1375,0.031196472816678148,8760.47
452,2.32,4.72,2.92,75.45,85.54,175.04399999999998,0.034136072698612026,2133.44
743,2.96,3.73,1.72,73.72,77.2,218.2112,0.022279789860130846,2771.39
600,4.51,4.52,1.68,75.79,80.19,341.8129,0.020950240559890188,2711.9999999999995
756,2.8,4.14,1.54,74.59,76.43,208.852,0.020149153454251802,3129.8399999999997
767,2.43,8.52,1.87,74.69,83.59,181.4967,0.02237109434488643,6534.839999999999
854,3.7,10.28,1.61,83.99,70.14,310.763,0.02295408854375698,8779.119999999999
1522,3.3,6.31,3.57,79.08,76.32,260.964,0.04677672343072282,9603.82
878,3.96,5.1,1.69,76.33,76.43,302.2668,0.022111733336159446,4477.799999999999
654,2.97,6.69,1.69,80.67,90.05,239.58990000000003,0.018767349387301565,4375.26
617,3.42,5.36,3.65,83.47,68.5,285.4674,0.05328466375406368,3307.1200000000003
872,3.81,7.26,2.13,79.73,74.72,303.7713,0.02850642016777032,6330.72
1703,2.97,9.82,1.47,76.57,72.91,227.4129,0.0201618406032313,16723.46
1084,4.37,4.39,0.79,75.56,84.99,330.1972,0.009295210107635003,4758.759999999999
520,2.16,4.43,3.06,77.64,81.22,167.7024,0.037675444758009755,2303.6
1019,3.99,2.29,2.61,77.39,85.33,308.78610000000003,0.030587128725286683,2333.51
1037,3.7,0.65,2.21,77.16,80.1,285.492,0.027590508415666865,674.0500000000001
630,3.21,4.22,3.19,75.96,73.78,243.83159999999998,0.04323664363829714,2658.6
717,1.76,5.67,3.2,77.1,83.27,135.696,0.0384292015816979,4065.39
410,2.63,4.44,2.44,76.94,72.41,202.35219999999998,0.03369699852271806,1820.4
386,2.39,7.57,1.95,74.9,89.87,179.01100000000002,0.021698005819738974,2922.02
581,2.26,5.73,1.78,75.47,68.78,170.5622,0.02587961240482518,3329.13
889,3.51,6.71,1.83,79.37,76.77,278.5887,0.023837433393586897,5965.19
924,4.41,5.25,1.81,76.06,76.61,335.4246,0.023626155381000474,4851.0
549,3.4,16.51,1.38,75.23,80.52,255.782,0.017138596977322777,9063.990000000002
731,3.22,4.11,3.06,75.72,75.39,243.81840000000003,0.04058893214100913,3004.4100000000003
872,1.32,12.44,1.42,75.93,76.2,100.22760000000001,0.01863516815811441,10847.68
696,4.03,14.8,2.02,75.22,73.77,303.1366,0.027382401059726034,10300.800000000001
970,4.81,3.04,1.76,76.67,79.07,368.7827,0.022258755247406697,2948.8
827,4.22,3.04,3.34,76.25,74.48,321.775,0.04484424746989158,2514.08
799,2.31,4.95,4.17,77.7,73.21,179.48700000000002,0.0569594239913367,3955.05
1017,2.27,11.77,3.44,76.68,75.63,174.0636,0.04548459004567102,11970.09
555,2.39,6.0,1.76,77.68,74.84,185.65520000000004,0.023516832774340888,3330.0
655,4.22,4.89,1.36,76.49,86.19,322.78779999999995,0.015779090871436263,3202.95
802,1.84,10.0,2.72,76.88,82.98,141.4592,0.032778978937216326,8020.0
804,1.75,2.4,4.74,73.15,81.85,128.01250000000002,0.057910805386584566,1929.6
502,1.87,4.64,4.09,76.03,67.72,142.17610000000002,0.060395738275880344,2329.2799999999997
1069,3.2,5.91,2.41,76.75,84.46,245.60000000000002,0.02853421400257945,6317.79
640,3.43,4.58,1.25,77.74,78.07,266.6482,0.016011269884556183,2931.2
1140,4.29,10.9,6.23,76.91,88.47,329.9439,0.0704193432328085,12426.0
856,5.49,5.0,1.82,85.98,72.41,472.03020000000004,0.025134646439076588,4280.0
366,2.04,7.67,6.8,74.95,78.07,152.898,0.08710130817198564,2807.22
991,4.63,6.53,2.41,75.64,85.48,350.2132,0.028193726229091456,6471.2300000000005
618,2.2,7.52,1.73,74.51,70.17,163.92200000000003,0.024654407203305227,4647.36
519,2.02,6.92,5.99,75.68,73.76,152.8736,0.08120931653886705,3591.48
666,4.41,7.17,2.09,76.57,82.6,337.6737,0.025302660374980582,4775.22
844,2.24,5.64,2.39,76.32,71.41,170.9568,0.033468697175648064,4760.16
721,2.7,4.58,2.92,76.71,77.74,207.117,0.03756109627462101,3302.18
1357,4.05,7.25,1.83,78.38,87.12,317.43899999999996,0.021005507230772814,9838.25
361,2.46,7.6,1.87,78.22,82.57,192.4212,0.022647447905117128,2743.6
392,4.93,4.55,1.53,79.89,69.74,393.85769999999997,0.021938626048375962,1783.6
1380,4.65,6.95,2.71,75.18,76.76,349.58700000000005,0.035304841674720984,9591.0
897,3.44,4.08,3.0,73.99,83.61,254.52559999999997,0.035880871201905126,3659.76
747,4.2,6.79,2.81,76.54,72.95,321.468,0.038519528647083114,5072.13
855,3.02,7.73,5.05,76.28,83.03,230.3656,0.060821382533857334,6609.150000000001
1188,4.75,6.43,3.48,79.94,70.03,379.715,0.04969298162316412,7638.839999999999
1383,2.68,3.61,1.77,76.72,69.12,205.6096,0.025607635184080556,4992.63
921,3.92,5.21,2.21,77.6,80.71,304.19199999999995,0.027381981491515116,4798.41
805,3.24,11.77,1.77,76.69,76.28,248.47560000000001,0.023203982275303844,9474.85
645,4.02,4.7,1.83,74.5,82.93,299.48999999999995,0.02206680066721323,3031.5
1539,1.74,8.69,3.73,73.44,79.15,127.7856,0.047125704721957706,13373.91
723,4.96,14.3,3.36,78.95,74.76,391.592,0.04494381421297294,10338.9
1372,4.58,6.24,4.05,76.38,79.41,349.8204,0.05100112693601222,8561.28
921,2.44,6.41,1.86,73.84,71.14,180.1696,0.026145624663252084,5903.610000000001
927,3.86,7.21,2.91,76.06,84.67,293.59159999999997,0.03436872158158479,6683.67
652,3.16,4.87,2.36,79.75,77.24,252.01000000000002,0.03055411308206718,3175.2400000000002
1547,2.0,9.41,1.19,75.56,79.55,151.12,0.01495914331123277,14557.27
650,5.09,5.31,1.4,78.06,81.38,397.3254,0.01720324192636496,3451.4999999999995
1079,1.88,5.51,2.04,76.31,74.06,143.4628,0.02754522987507023,5945.29
612,2.64,5.58,2.15,79.68,90.31,210.35520000000002,0.02380688475175675,3414.96
497,3.93,7.51,2.48,75.17,72.51,295.41810000000004,0.03420217429290107,3732.47
1273,5.57,7.4,3.91,77.06,76.47,429.22420000000005,0.051131155860970855,9420.2
570,2.7,6.31,1.67,75.53,77.13,203.931,0.021651753967100482,3596.7
492,3.8,4.52,3.64,77.89,77.01,295.98199999999997,0.04726658261698706,2223.8399999999997
739,3.23,6.5,2.14,75.42,75.57,243.60660000000001,0.02831811190709119,4803.5
844,5.25,6.99,1.55,75.86,68.59,398.265,0.022598043067787857,5899.56
767,2.67,9.17,2.38,74.64,69.18,199.2888,0.0344030016763513,7033.39
528,0.84,8.03,2.31,84.06,77.71,70.6104,0.02972590017682407,4239.839999999999
1416,2.81,4.4,0.97,75.6,78.03,212.43599999999998,0.012431114644224701,6230.400000000001
867,4.4,4.66,1.73,75.68,78.95,332.9920000000001,0.021912600137732722,4040.2200000000003
800,3.59,6.83,1.43,76.53,82.1,274.7427,0.0174177810696978,5464.0
1277,5.48,6.05,3.38,75.17,80.14,411.93160000000006,0.04217618640177359,7725.849999999999
1136,2.69,6.41,1.85,83.63,88.24,224.9647,0.020965546128111273,7281.76
962,4.0,5.8,1.99,77.9,81.74,311.6,0.02434548270791746,5579.599999999999
1826,2.48,5.38,2.55,78.71,82.86,195.2008,0.030774797154863965,9823.88
558,4.29,6.47,3.03,78.58,81.28,337.1082,0.03727853872065222,3610.2599999999998
576,4.06,8.38,5.3,76.52,91.64,310.67119999999994,0.05783500023625052,4826.88
1054,4.06,7.95,1.03,76.11,83.26,309.0066,0.012370884894200709,8379.300000000001
443,2.83,8.08,1.89,74.89,75.76,211.9387,0.024947198396621115,3579.44
739,4.87,5.4,1.67,74.83,76.56,364.4221,0.02181295430865278,3990.6000000000004
611,3.31,6.65,2.55,83.36,74.94,275.9216,0.03402721723682716,4063.15
613,4.0,15.33,1.28,75.66,81.06,302.64,0.015790770319421377,9397.29
741,5.47,7.23,2.41,78.57,80.84,429.77789999999993,0.029811970582388596,5357.43
625,1.84,3.52,1.63,77.89,90.08,143.3176,0.018095024634211296,2200.0
456,2.62,6.63,1.57,77.93,86.82,204.17660000000004,0.01808338884089048,3023.2799999999997
979,2.82,3.57,0.9,75.81,83.48,213.7842,0.010781024103854323,3495.0299999999997
1121,3.03,7.36,2.5,81.48,76.27,246.8844,0.03277828336458852,8250.56
1536,4.78,10.21,2.12,81.4,83.65,389.09200000000004,0.025343690933210886,15682.560000000001
664,1.89,3.41,2.99,78.58,79.47,148.5162,0.0376242559929211,2264.2400000000002
642,4.7,6.82,4.46,82.86,84.77,389.442,0.052612946488976464,4378.4400000000005
621,3.53,13.59,2.55,72.36,70.58,255.43079999999998,0.03612920995619014,8439.39
839,4.91,6.29,1.16,79.52,80.09,390.4432,0.01448370402251167,5277.31
630,3.13,5.14,1.67,74.32,74.66,232.62159999999997,0.022368065581560997,3238.2
506,2.6,18.66,4.63,76.09,78.84,197.834,0.05872652730510815,9441.960000000001
415,1.7,7.85,3.14,75.46,72.83,128.28199999999998,0.04311409541204237,3257.75
961,4.33,4.07,1.63,77.21,71.03,334.3193,0.02294804688891357,3911.2700000000004
705,4.11,14.97,4.99,81.68,84.05,335.70480000000003,0.059369415898939217,10553.85
829,3.5,4.13,1.66,75.64,72.83,264.74,0.02279280203311794,3423.77
953,4.37,4.81,1.7,81.68,68.55,356.94160000000005,0.024799412866606436,4583.929999999999
1209,2.41,1.18,1.75,77.64,80.41,187.1124,0.021763459549376998,1426.62
699,3.31,13.78,3.03,77.24,72.07,255.6644,0.04204245288713017,9632.22
1035,3.89,8.8,3.55,75.79,89.58,294.8231,0.03962937713447453,9108.0
745,4.58,5.17,0.83,77.66,73.52,355.6828,0.011289443513405398,3851.65
651,4.11,0.73,1.8,76.59,88.69,314.78490000000005,0.02029540869371872,475.22999999999996
927,2.14,6.68,1.39,76.92,89.15,164.6088,0.015591697634133745,6192.36
734,4.15,5.45,1.43,74.87,84.89,310.7105,0.016845327265245933,4000.3
544,2.38,5.77,2.46,77.8,84.19,185.164,0.02921961881225575,3138.8799999999997
359,3.98,4.49,2.54,77.4,65.0,308.052,0.03907691706508968,1611.91
884,4.1,5.33,1.71,77.07,90.35,315.98699999999997,0.018926395248877115,4711.72
627,2.94,14.3,2.97,76.79,72.98,225.76260000000002,0.040696075541781916,8966.1
728,2.45,8.96,3.55,75.74,74.47,185.563,0.047670196364952816,6522.880000000001
809,2.26,6.59,1.42,76.53,82.61,172.9578,0.017189200194988475,5331.3099999999995
842,3.97,5.89,0.98,76.36,81.24,303.1492,0.012063021656447358,4959.38
772,4.76,7.35,1.99,81.72,72.47,388.9872,0.02745963468198776,5674.2
988,0.88,5.92,2.82,77.82,72.12,68.4816,0.03910149208243315,5848.96
827,2.79,6.42,2.05,83.6,82.73,233.244,0.024779399881614903,5309.34
376,2.42,7.03,1.44,76.03,74.06,183.9926,0.019443691676520162,2643.28
1090,3.04,5.58,1.11,77.0,82.39,234.08,0.013472507164400151,6082.2
623,3.36,7.23,1.42,77.59,68.97,260.7024,0.02058865875182561,4504.29
1092,3.27,5.42,3.2,76.88,84.86,251.39759999999998,0.03770916359778888,5918.64
386,2.84,8.35,1.88,74.7,77.01,212.148,0.024412410802180127,3223.1
1360,3.77,6.23,1.82,77.55,81.58,292.3635,0.022309386821600045,8472.800000000001
529,3.98,6.44,1.96,75.29,78.32,299.6542,0.025025533066198535,3406.76
491,2.08,8.38,1.83,76.49,81.11,159.0992,0.022561950121816037,4114.580000000001
1096,3.23,6.07,2.67,77.29,83.35,249.6467,0.03203358943808165,6652.72
734,2.73,3.72,3.83,80.03,82.2,218.4819,0.04659366829760726,2730.48
595,2.19,6.69,2.36,75.26,90.91,164.8194,0.0259597375470534,3980.55
517,4.53,5.23,1.5,77.72,68.52,352.0716,0.021891415369028697,2703.9100000000003
501,4.17,8.33,5.14,76.7,77.38,319.839,0.06642542434409093,4173.33
920,1.93,7.94,3.46,74.14,69.9,143.0902,0.049499277610976014,7304.8
631,4.43,5.54,1.36,87.2,83.0,386.296,0.01638554019451323,3495.7400000000002
1209,3.63,12.1,1.37,81.59,87.47,296.1717,0.015662511070937343,14628.9
1531,4.9,6.23,2.93,76.38,76.44,374.262,0.038330711887661975,9538.130000000001
741,4.55,4.38,1.25,81.64,81.98,371.462,0.01524761951114668,3245.58
870,2.79,7.3,0.91,75.87,83.88,211.6773,0.010848830370907205,6351.0
694,2.9,6.42,1.57,76.42,69.99,221.618,0.022431772762998608,4455.48
1099,2.77,10.39,1.76,74.83,84.2,207.2791,0.020902610344108032,11418.61
515,2.71,8.48,2.36,72.48,82.58,196.4208,0.028578344807659865,4367.2
583,5.16,6.36,3.49,80.17,74.14,413.6772,0.047073098587388916,3707.88
729,2.19,6.54,1.4,77.3,77.26,169.28699999999998,0.01812062928803659,4767.66
567,4.29,12.02,0.85,77.46,80.4,332.30339999999995,0.010572137988540049,6815.34
888,5.65,6.08,2.6,74.49,89.14,420.8685,0.029167598253578834,5399.04
658,4.0,3.41,2.42,77.68,90.1,310.72,0.026859042523968642,2243.78
1680,2.83,4.38,1.69,77.15,80.03,218.33450000000002,0.02111707845594421,7358.4
700,2.2,6.47,1.76,77.03,83.06,169.466,0.02118949901402612,4529.0
607,3.09,4.7,2.56,76.61,70.44,236.7249,0.036342981779815195,2852.9
464,3.14,12.25,1.4,76.57,71.51,240.4298,0.019577678705400822,5684.0
648,3.28,6.93,5.99,75.51,72.94,247.6728,0.0821222810361556,4490.639999999999
1059,1.83,7.89,1.99,76.48,81.18,139.9584,0.024513423932813014,8355.51
667,3.13,10.74,1.73,76.76,79.35,240.2588,0.021802139659465702,7163.58
1246,2.95,7.01,1.41,76.19,74.49,224.7605,0.0189287127226859,8734.46
489,2.78,5.44,1.76,77.82,78.6,216.33959999999996,0.022391854657524853,2660.1600000000003
633,2.37,4.65,1.05,76.82,81.13,182.0634,0.012942189949193893,2943.4500000000003
1126,2.86,7.26,2.02,75.02,77.78,214.55719999999997,0.025970683212820363,8174.759999999999
690,2.51,8.93,2.8,76.2,69.36,191.262,0.040369082991770035,6161.7
498,3.05,15.41,3.81,75.16,70.58,229.23799999999997,0.05398129016983704,7674.18
648,2.93,5.21,1.91,87.44,68.17,256.1992,0.02801818570952241,3376.08
567,2.29,6.88,1.75,78.08,80.25,178.8032,0.021806850865189922,3900.96
713,2.9,10.36,4.56,80.32,76.85,232.92799999999997,0.059336361830011466,7386.679999999999
642,3.42,3.1,1.7,83.14,68.69,284.3388,0.02474886813963195,1990.2
786,4.45,6.18,2.02,85.25,68.92,379.3625,0.029309339914489273,4857.48
549,3.01,6.06,2.03,77.92,90.55,234.5392,0.022418550809657555,3326.9399999999996
590,1.84,6.3,1.85,76.36,76.9,140.5024,0.024057214036773206,3717.0
814,2.96,3.35,2.8,82.49,78.07,244.17039999999997,0.03586524454140585,2726.9
1119,2.31,5.47,1.56,76.81,75.38,177.43110000000001,0.02069514185524783,6120.929999999999
994,0.22,8.18,2.7,81.36,68.68,17.8992,0.03931274908084608,8130.92
665,1.58,6.98,3.53,75.27,71.6,118.9266,0.04930166909194566,4641.700000000001
548,3.73,4.14,1.57,77.04,76.14,287.35920000000004,0.0206199079826756,2268.72
471,4.16,6.83,1.96,75.39,79.85,313.6224,0.024546020720598534,3216.93
1155,2.05,8.64,2.66,76.76,87.8,157.358,0.03029612411205876,9979.2
998,4.67,7.0,2.3,77.25,76.69,360.7575,0.02999086843253769,6986.0
1338,4.52,5.4,2.56,75.64,72.45,341.89279999999997,0.0353347087184667,7225.200000000001
1063,4.4,6.43,3.62,77.7,85.5,341.88000000000005,0.04233917633459926,6835.09
773,0.08,7.71,7.05,76.4,74.76,6.112000000000001,0.09430175303614859,5959.83
503,3.69,4.83,3.73,80.73,80.12,297.8937,0.046555161438447144,2429.4900000000002
1299,3.34,7.49,2.79,75.94,74.31,253.63959999999997,0.03754541279162794,9729.51
1179,3.38,9.74,1.26,75.89,71.66,256.5082,0.01758302852595192,11483.460000000001
752,2.92,5.37,2.68,77.21,85.0,225.45319999999998,0.03152940805536376,4038.2400000000002
580,2.72,7.17,1.85,83.59,84.77,227.36480000000003,0.021823755830629253,4158.6
522,4.95,6.42,2.74,77.32,75.37,382.734,0.036353982174076926,3351.24
429,4.26,12.2,2.77,87.37,90.02,372.1962,0.030770936372924197,5233.799999999999
700,2.39,5.29,1.37,75.85,67.28,181.2815,0.020362660469283523,3703.0
511,1.07,3.86,1.52,76.69,87.25,82.0583,0.01742120144169611,1972.46
1563,5.2,6.62,1.68,77.66,74.41,403.832,0.02257760750200141,10347.06
406,4.38,6.1,2.43,85.11,76.47,372.7818,0.03177716336116603,2476.6
769,2.54,10.13,2.98,84.78,85.21,215.34120000000001,0.034972416973076285,7789.97
724,3.25,4.57,2.06,74.04,77.57,240.63000000000002,0.026556655078425286,3308.6800000000003
408,0.92,5.77,2.34,75.16,79.17,69.1472,0.029556646512991468,2354.16
788,2.43,7.24,2.05,77.37,92.57,188.00910000000002,0.022145401086161705,5705.12
393,4.0,3.22,2.28,76.37,73.96,305.48,0.030827470142310687,1265.46
1422,3.46,8.87,0.61,75.95,78.62,262.78700000000003,0.007758839002945941,12613.14
717,3.77,4.73,3.19,76.67,82.51,289.0459,0.03866197568028412,3391.4100000000003
762,3.41,6.77,4.93,76.72,83.0,261.6152,0.05939758320511045,5158.74
773,3.48,7.0,1.8,76.12,74.66,264.8976,0.024109292243598684,5411.0
668,2.24,9.07,2.98,84.59,75.5,189.48160000000001,0.039470193447656496,6058.76
833,4.49,7.08,2.78,79.51,78.95,356.9999,0.03521215513462252,5897.64
897,2.26,13.72,3.19,77.94,84.0,176.1444,0.03797618595521596,12306.84
521,3.3,6.01,1.87,75.35,76.56,248.65499999999997,0.024425284165976467,3131.21
707,3.34,4.39,1.38,78.14,84.15,260.9876,0.016399285038706468,3103.7299999999996
1067,1.89,1.75,0.98,76.1,76.72,143.82899999999998,0.012773720962757956,1867.25
664,3.94,4.88,1.58,76.89,80.33,302.9466,0.019668863479538966,3240.3199999999997
660,2.92,6.52,1.51,75.92,79.13,221.6864,0.019082520019901426,4303.2
790,3.3,6.81,2.31,75.56,82.12,249.34799999999998,0.028129563062644535,5379.9
1050,2.83,17.19,1.85,77.63,76.97,219.69289999999998,0.024035335320860683,18049.5
418,2.07,8.89,3.13,75.26,69.07,155.7882,0.045316339175280274,3716.0200000000004
84,3.83,4.91,1.06,75.63,77.41,289.6629,0.013693319507386706,412.44
554,2.98,7.93,2.21,77.62,83.68,231.3076,0.02641013068712587,4393.22
751,2.71,5.36,1.02,76.32,68.58,206.82719999999998,0.014873138688664524,4025.36
571,2.33,10.58,2.45,76.39,74.22,177.9887,0.033009965910810304,6041.18
745,3.11,2.56,2.9,75.98,78.25,236.2978,0.037060698139207905,1907.2
1401,3.18,8.54,1.09,78.63,70.93,250.0434,0.015367261332685558,11964.539999999999
666,4.0,9.82,1.95,76.09,89.9,304.36,0.02169076510670021,6540.12
1077,4.15,7.64,1.46,76.27,80.64,316.5205,0.018105156484975633,8228.279999999999
1454,2.06,6.17,1.26,83.37,82.72,171.74220000000003,0.015232106475809179,8971.18
812,4.68,8.09,1.37,73.08,87.6,342.01439999999997,0.015639267621088172,6569.08
643,5.2,6.1,2.92,76.71,73.73,398.892,0.039603955024555125,3922.2999999999997
639,3.73,5.44,2.96,79.02,82.27,294.7446,0.03597908885631593,3476.1600000000003
865,4.42,6.47,1.94,76.16,74.88,336.62719999999996,0.025908116198168244,5596.55
638,2.63,4.27,1.74,78.16,67.17,205.56079999999997,0.025904417760247465,2724.2599999999998
974,2.41,8.35,2.12,75.81,82.4,182.70210000000003,0.025728152217457254,8132.9
416,4.32,6.29,1.75,77.68,70.01,335.5776000000001,0.0249964255111519,2616.64
877,4.85,8.57,2.15,75.13,78.71,364.3804999999999,0.027315458351485408,7515.89
514,2.72,3.75,3.87,82.25,81.7,223.72000000000003,0.047368415254783934,1927.5
1025,5.04,9.14,1.94,75.69,87.26,381.4776,0.02223240634512877,9368.5
953,2.63,15.83,1.81,76.45,83.2,201.0635,0.021754805077547467,15085.99
434,2.37,5.95,1.75,74.56,69.16,176.7072,0.02530364006598611,2582.3
470,2.64,4.1,6.07,75.35,65.86,198.924,0.09216518491266551,1926.9999999999998
980,3.63,7.71,2.48,77.43,81.43,281.0709,0.030455602301903188,7555.8
946,3.58,4.84,1.7,76.2,79.03,272.796,0.021510815954597497,4578.639999999999
491,5.31,9.22,2.03,75.36,73.49,400.16159999999996,0.027622802065205867,4527.02
894,5.04,4.38,2.74,74.84,76.82,377.1936,0.035667790202058035,3915.72
685,2.79,5.28,3.22,77.84,72.61,217.17360000000002,0.044346502637859435,3616.8
660,2.52,7.77,1.15,77.51,80.02,195.32520000000002,0.014371405352236272,5128.2
996,2.19,12.02,2.71,77.86,80.5,170.5134,0.03366459209135502,11971.92
699,2.86,7.09,1.45,78.04,80.45,223.1944,0.0180236149131616,4955.91
589,2.51,4.68,2.07,76.47,79.28,191.9397,0.026109986615793813,2756.52
464,1.92,6.44,3.18,75.49,73.18,144.9408,0.04345448982584178,2988.1600000000003
714,3.79,8.92,1.67,74.07,80.07,280.7253,0.020856747738635228,6368.88
565,3.44,12.04,1.42,76.33,89.32,262.5752,0.015897893428359445,6802.599999999999
1097,5.35,6.65,2.75,76.41,74.28,408.79349999999994,0.03702207363730834,7295.05
377,4.87,10.72,1.94,85.85,82.27,418.0895,0.023580889317990846,4041.44
628,2.54,6.84,1.83,75.76,64.68,192.43040000000002,0.028293131061668045,4295.5199999999995
601,3.5,5.9,1.92,75.76,78.68,265.16,0.02440264051822057,3545.9
633,3.34,1.06,1.4,85.98,76.68,287.1732,0.01825769193300835,670.98
672,2.78,4.96,1.54,76.44,91.56,212.5032,0.01681957002844364,3333.12
510,2.4,6.1,2.56,77.54,80.45,186.096,0.03182100288116807,3111.0
486,3.95,5.81,1.73,88.33,70.01,348.9035,0.024710752076738736,2823.66
1227,3.1,3.6,3.3,75.69,68.6,234.639,0.0481049492558383,4417.2
952,2.44,4.2,3.03,77.83,88.43,189.90519999999998,0.03426438603817866,3998.4
924,3.5,14.48,2.66,77.26,78.38,270.41,0.03393722455508746,13379.52
1045,2.67,8.07,2.34,85.14,67.83,227.3238,0.034498004644257015,8433.15
512,3.02,5.01,2.29,74.91,78.34,226.2282,0.029231551029927107,2565.12
982,4.06,4.51,1.76,76.75,75.62,311.60499999999996,0.023274262989386008,4428.82
927,3.68,8.44,3.12,76.33,80.01,280.8944,0.03899512073551797,7823.879999999999
524,1.87,5.64,2.11,76.07,90.35,142.2509,0.02335362220767878,2955.3599999999997
828,3.24,2.02,2.73,75.58,69.66,244.8792,0.039190347517894415,1672.56
1031,5.02,7.22,0.89,77.67,85.57,389.9034,0.010400840200906838,7443.82
793,4.03,9.4,3.08,74.61,67.85,300.67830000000004,0.0453942453361466,7454.200000000001
1199,3.67,9.29,3.3,76.63,80.89,281.2321,0.04079613786671555,11138.71
892,4.12,7.93,3.99,85.49,75.89,352.2188,0.052576090054540774,7073.5599999999995
1201,4.48,11.16,3.99,77.03,73.86,345.09440000000006,0.05402111372581726,13403.16
1254,3.82,4.28,1.74,78.06,71.81,298.18919999999997,0.024230605176075032,5367.12
605,2.4,8.19,2.66,75.94,84.78,182.256,0.031375320668162225,4954.95
965,2.92,4.49,2.88,75.16,71.68,219.4672,0.04017856582330275,4332.85
854,3.22,4.2,1.95,81.48,81.45,262.36560000000003,0.023941065200605866,3586.8
521,2.77,5.45,2.46,74.91,66.43,207.5007,0.03703145611448801,2839.4500000000003
619,2.34,10.5,1.0,75.7,70.43,177.138,0.014198492943561982,6499.5
802,4.01,8.41,1.34,76.09,74.97,305.1209,0.0178738138090151,6744.82
882,4.84,5.6,2.67,76.56,85.45,370.5504,0.031246339233898274,4939.2
492,4.5,7.7,1.31,82.59,79.96,371.65500000000003,0.016383189546874746,3788.4
871,2.23,4.23,1.5,76.6,83.73,170.81799999999998,0.017914723765111218,3684.3300000000004
861,2.42,4.97,1.47,77.81,82.69,188.3002,0.01777723814521246,4279.17
608,5.56,6.09,2.3,79.99,64.7,444.7443999999999,0.0355486807498175,3702.72
787,2.61,14.41,3.28,75.13,69.01,196.08929999999998,0.04752933668608365,11340.67
800,2.03,6.12,2.48,87.16,82.89,176.93479999999997,0.029919166374814045,4896.0
1333,2.59,7.94,1.89,76.54,66.55,198.23860000000002,0.028399695206657367,10584.02
868,3.38,7.1,4.5,77.57,77.26,262.18659999999994,0.058244879854403325,6162.799999999999
963,3.49,7.37,3.27,85.05,75.8,296.8245,0.043139835997383115,7097.31
761,3.13,5.75,2.65,86.61,81.69,271.0893,0.03243970713187573,4375.75
868,1.89,6.93,1.66,82.07,75.23,155.11229999999998,0.02206566236000766,6015.24
861,1.74,4.31,1.87,77.07,75.31,134.1018,0.024830696477134977,3710.91
834,1.9,2.31,1.49,79.11,77.6,150.309,0.019201028453475714,1926.54
487,4.23,6.63,1.85,76.59,70.92,323.9757000000001,0.026085726722260755,3228.81
591,3.92,0.33,2.93,76.44,70.29,299.6448,0.04168444420480236,195.03
531,2.75,3.74,2.56,77.01,67.64,211.7775,0.03784742196223803,1985.94
1201,1.95,5.53,1.34,77.0,71.17,150.15,0.018828155286194283,6641.530000000001
785,4.41,6.07,0.8,75.42,75.53,332.60220000000004,0.01059181641840111,4764.95
804,2.0,5.44,3.58,76.46,75.94,152.92,0.04714247469812027,4373.76
994,1.87,7.41,1.45,76.17,91.37,142.4379,0.015869539688131803,7365.54
1168,2.62,8.23,2.58,76.72,83.42,201.0064,0.030927831344062413,9612.640000000001
629,2.58,6.48,1.49,77.08,80.11,198.8664,0.018599423467803834,4075.92
690,2.47,6.23,3.6,75.43,67.5,186.31210000000004,0.05333332543209993,4298.700000000001
1312,5.87,6.75,1.19,76.94,74.97,451.63779999999997,0.015873013755767138,8856.0
587,1.14,6.36,2.63,76.26,75.71,86.93639999999999,0.03473781075976611,3733.32
710,2.17,7.74,4.32,82.12,81.72,178.2004,0.052863429654499555,5495.400000000001
679,3.78,4.74,2.48,74.58,87.12,281.9124,0.028466479744435287,3218.46
1550,4.81,4.44,2.85,77.44,87.1,372.48639999999995,0.03272100657623346,6882.000000000001
588,3.03,4.45,2.84,75.77,92.32,229.58309999999997,0.03076256165916793,2616.6
547,2.3,4.6,2.53,76.27,70.74,175.42099999999996,0.03576476735018839,2516.2
832,2.5,13.42,1.44,76.68,76.01,191.70000000000002,0.018944873181834864,11165.44
680,2.9,6.13,2.55,76.43,75.42,221.64700000000002,0.03381065581932434,4168.4
1512,2.61,5.75,2.16,80.75,70.04,210.7575,0.030839515871000017,8694.0
734,4.37,4.52,1.52,78.1,70.2,341.29699999999997,0.02165241856803154,3317.68
434,4.46,7.57,1.84,77.1,75.24,343.866,0.024455073836380407,3285.38
897,3.12,6.06,1.46,83.44,79.12,260.3328,0.018452980478642505,5435.82
954,3.09,6.1,3.85,77.92,79.88,240.7728,0.04819728991020407,5819.4
955,3.88,7.64,0.98,75.57,69.58,293.2116,0.01408450501803607,7296.2
749,3.66,6.22,1.83,76.56,88.64,280.2096,0.020645304530087484,4658.78
376,2.15,2.98,3.27,75.3,89.69,161.89499999999998,0.036458909972247745,1120.48
1033,4.77,2.37,1.79,74.13,81.01,353.60009999999994,0.022096034798662532,2448.21
433,2.59,6.06,2.19,75.87,67.39,196.5033,0.0324973983532574,2623.98
672,2.25,5.95,2.24,83.45,75.43,187.76250000000002,0.029696403328065314,3998.4
1134,2.82,15.56,2.39,75.23,68.54,212.1486,0.03487014373064725,17645.04
589,3.98,8.11,1.85,78.75,67.41,313.425,0.02744399533541087,4776.79
885,2.03,15.5,1.52,78.96,80.82,160.28879999999998,0.01880722360712403,13717.5
755,4.59,3.73,1.62,78.87,85.84,362.0133,0.01887231839791258,2816.15
699,5.23,5.24,3.82,75.69,75.07,395.8587,0.05088583310432488,3662.76
929,4.54,5.25,1.31,77.04,78.55,349.76160000000004,0.016677273497482686,4877.25
543,3.5,3.61,4.05,76.13,85.46,266.455,0.04739058654451363,1960.23
782,4.9,5.19,1.69,77.37,79.28,379.11300000000006,0.02131684897617949,4058.5800000000004
837,2.27,4.4,1.76,75.91,80.85,172.3157,0.021768704790512704,3682.8
569,3.18,4.33,2.04,76.39,72.96,242.92020000000002,0.02796052248348102,2463.77
974,2.24,4.74,2.93,74.86,69.91,167.68640000000002,0.041911022470172726,4616.76
868,5.14,6.46,3.48,76.53,71.6,393.3642,0.048603345167130566,5607.28
617,3.09,6.0,1.99,80.78,86.65,249.6102,0.022965952340917212,3702.0
599,2.28,6.11,0.99,75.76,79.37,172.7328,0.012473225088418156,3659.8900000000003
625,2.44,6.91,1.96,74.63,85.0,182.0972,0.023058820816609316,4318.75
1062,3.46,7.96,2.28,76.0,75.88,262.96,0.03004743937171331,8453.52
1176,1.93,7.7,1.12,75.83,88.39,146.3519,0.012671115208607852,9055.2
830,2.94,6.47,2.43,75.42,80.32,221.7348,0.03025398029706421,5370.099999999999
544,2.03,7.46,2.4,75.64,69.43,153.54919999999998,0.03456718499680469,4058.24
883,3.16,14.89,1.46,80.4,77.15,254.06400000000002,0.018924171234715327,13147.87
609,3.75,10.09,3.0,77.28,75.58,289.8,0.039693035235110447,6144.8099999999995
1095,2.66,4.38,0.77,76.65,72.37,203.88900000000004,0.010639766389420147,4796.099999999999
701,4.65,8.07,2.06,75.85,73.96,352.7025,0.027852889689982466,5657.070000000001
1151,3.82,6.78,1.7,78.73,71.69,300.7486,0.023713206344928673,7803.780000000001
403,3.54,1.13,2.78,77.23,76.87,273.3942,0.03616494911344489,455.38999999999993
583,2.46,10.37,1.41,75.87,79.21,186.64020000000002,0.017800780482163808,6045.709999999999
863,2.15,4.2,1.63,77.84,88.1,167.356,0.01850170051059018,3624.6000000000004
675,4.88,7.86,6.48,77.8,73.02,379.664,0.0887427980357713,5305.5
1260,4.64,3.03,2.63,78.55,69.77,364.472,0.03769527910344287,3817.7999999999997
440,3.71,2.95,1.94,76.66,81.48,284.4086,0.023809520887393115,1298.0
648,2.43,1.13,3.58,84.2,91.1,204.60600000000002,0.039297470988202965,732.2399999999999
914,2.05,6.7,2.11,78.04,91.5,159.982,0.023060106769387235,6123.8
551,3.45,5.01,3.54,77.41,85.54,267.0645,0.04138414292913924,2760.5099999999998
1117,3.83,9.48,2.27,76.64,85.98,293.5312,0.026401485647652285,10589.16
519,3.37,4.93,2.04,76.47,76.18,257.7039,0.026778678553599555,2558.67
762,3.4,9.29,3.57,77.39,81.67,263.126,0.04371249617821768,7078.98
817,2.57,4.07,3.03,78.18,73.75,200.92260000000002,0.04108474019189963,3325.19
724,3.23,12.89,1.22,79.75,75.24,257.5925,0.016214777217600052,9332.36
544,2.84,4.94,2.55,77.52,76.82,220.15679999999998,0.033194476282937216,2687.36
801,4.22,9.86,0.64,76.84,72.56,324.2648,0.008820285443731334,7897.86
650,3.35,12.62,1.19,75.29,82.42,252.22150000000002,0.01443824139307918,8203.0
715,3.24,4.64,1.62,77.73,79.32,251.84520000000003,0.020423598030307865,3317.6
777,3.7,6.43,2.31,76.46,80.64,282.902,0.02864582978102309,4996.11
545,4.98,16.37,2.35,75.86,81.01,377.7828,0.029008760769193828,8921.65
1375,3.17,10.67,3.28,76.49,76.74,242.47329999999997,0.04274171973654942,14671.25
1125,2.47,6.49,1.29,72.69,80.11,179.54430000000002,0.016102856559373793,7301.25
1398,2.33,9.95,5.41,74.23,88.31,172.9559,0.061261458355626956,13910.099999999999
576,3.8,5.16,3.09,79.03,92.42,300.31399999999996,0.03343431795776693,2972.16
636,1.87,3.51,1.71,87.71,76.66,164.0177,0.022306284593492747,2232.3599999999997
860,5.04,6.18,1.03,75.48,81.12,380.41920000000005,0.01269723709353586,5314.8
515,2.28,5.9,1.45,85.06,78.07,193.93679999999998,0.01857307306608517,3038.5
726,4.51,8.74,1.77,75.77,83.54,341.7227,0.021187452575119392,6345.24
695,3.46,9.84,1.62,74.56,69.44,257.9776,0.023329489727896065,6838.8
654,4.24,4.49,2.17,76.35,82.9,323.724,0.026176112644618495,2936.46
482,2.31,7.69,3.19,77.79,67.11,179.69490000000002,0.04753389248489159,3706.5800000000004
673,2.64,6.81,2.21,76.4,67.45,201.69600000000003,0.03276500626167438,4583.13
823,3.14,10.61,3.11,75.66,71.1,237.5724,0.04374120341192638,8732.029999999999
776,3.46,8.93,1.23,86.28,80.15,298.5288,0.015346223911887221,6929.679999999999
502,3.29,14.86,3.39,77.06,85.99,253.5274,0.03942318415825281,7459.719999999999
653,3.88,8.98,3.31,77.49,79.51,300.66119999999995,0.04162997841403868,5863.9400000000005
508,4.29,5.67,2.1,76.17,80.36,326.7693,0.026132400929268176,2880.36
703,2.83,7.28,6.89,80.67,80.53,228.29610000000002,0.0855581664524815,5117.84
517,2.08,0.05,1.09,77.62,78.72,161.4496,0.013846542956485906,25.85
675,2.91,10.65,2.21,79.76,68.54,232.10160000000002,0.032243940437125695,7188.75
624,3.34,6.38,1.68,77.39,74.3,258.4826,0.022611033295957834,3981.12
692,3.34,1.71,2.27,76.37,68.03,255.07580000000002,0.03336762702225091,1183.32
1448,2.05,6.01,1.28,77.13,86.5,158.11649999999997,0.014797686150556514,8702.48
471,3.16,3.88,2.26,78.35,79.77,247.58599999999998,0.028331449375523454,1827.48
479,3.36,9.31,2.02,73.24,76.61,246.08639999999997,0.026367311530177323,4459.490000000001
823,2.61,12.6,4.77,76.75,85.02,200.3175,0.056104439413733304,10369.8
797,4.5,4.19,1.22,77.95,67.38,350.77500000000003,0.01810626029886312,3339.4300000000003
483,5.2,8.91,1.92,79.88,87.72,415.376,0.021887822402209028,4303.53
742,0.28,4.29,1.84,75.34,81.71,21.095200000000002,0.022518660810346248,3183.18
1468,5.34,4.43,4.6,76.93,81.87,410.80620000000005,0.056186630488991016,6503.24
463,2.57,6.25,3.08,74.41,68.77,191.23369999999997,0.044786964550390496,2893.75
394,1.93,8.93,6.23,77.89,75.08,150.3277,0.08297814558096091,3518.42
737,4.01,12.32,1.69,76.9,75.74,308.369,0.022313173710962014,9079.84
480,1.29,5.42,5.69,73.51,77.52,94.82790000000001,0.07340040332812135,2601.6
607,2.08,7.59,5.81,75.05,80.97,156.104,0.07175496211498553,4607.13
1419,3.13,5.88,1.83,83.16,90.77,260.2908,0.020160843873433528,8343.72
625,4.13,6.96,1.84,74.2,78.2,306.446,0.02352940875583008,4350.0
556,2.31,7.8,2.52,76.83,77.02,177.4773,0.03271877009623863,4336.8
1345,4.96,7.93,1.12,77.68,77.84,385.29280000000006,0.014388487360163495,10665.85
978,3.16,7.14,2.05,77.19,77.79,243.9204,0.02635299828345567,6982.92
913,2.66,3.6,1.16,75.45,64.58,200.69700000000003,0.017962214623379585,3286.8
885,2.68,6.47,1.47,75.35,70.47,201.938,0.020859937440054287,5725.95
668,3.27,5.74,1.46,75.79,77.16,247.8333,0.018921718646744603,3834.32
715,2.38,4.0,2.99,78.53,76.37,186.9014,0.039151494153267755,2860.0
940,4.05,7.4,1.74,76.12,80.78,308.286,0.02153998247833839,6956.0
467,2.51,12.05,3.3,75.83,72.74,190.33329999999998,0.04536705452748769,5627.35
837,2.83,10.12,1.47,74.74,75.78,211.5142,0.019398255555785754,8470.439999999999
706,3.27,11.14,2.85,74.51,73.08,243.64770000000001,0.03899835262748322,7864.84
1093,2.01,8.47,3.97,85.43,75.52,171.7143,0.05256884897128589,9257.710000000001
883,3.72,4.7,1.66,87.05,71.91,323.826,0.02308440785921181,4150.1
644,4.76,4.81,2.46,74.89,78.94,356.4764,0.031162904590460526,3097.64
928,3.24,3.54,1.32,75.45,81.87,244.45800000000003,0.016123120053362642,3285.12
801,4.66,3.66,2.92,77.13,88.08,359.4258,0.03315167652683055,2931.6600000000003
579,2.31,6.11,2.44,76.6,71.84,176.946,0.03396436052834625,3537.69
1149,2.41,5.44,2.39,77.22,71.96,186.1002,0.03321289143789725,6250.56
572,2.37,5.71,2.08,84.59,83.11,200.47830000000002,0.025027069543127237,3266.12
877,1.97,4.54,2.44,74.27,72.87,146.31189999999998,0.03348428249152154,3981.58
740,2.36,7.15,1.53,76.44,80.06,180.39839999999998,0.01911066461270739,5291.0
1079,3.69,9.43,1.9,76.96,75.59,283.9824,0.025135596621828727,10174.97
1124,3.78,3.14,1.09,86.25,85.13,326.025,0.012803945400687725,3529.36
547,3.29,12.22,7.1,74.75,90.22,245.9275,0.07869651089597529,6684.34
706,4.02,6.13,2.11,76.7,81.84,308.334,0.025782010534944947,4327.78
924,2.77,7.05,1.37,76.16,77.88,210.9632,0.017591163637498252,6514.2
818,2.77,3.65,2.85,80.83,72.96,223.8991,0.03906249464603966,2985.7
673,2.7,6.0,2.5,74.57,80.85,201.339,0.03092145566834191,4038.0
548,4.84,6.12,3.18,76.49,66.14,370.2116,0.048079823392829846,3353.76
858,3.68,3.09,1.84,83.67,89.49,307.9056,0.020560954233885997,2651.22
1418,2.65,6.74,1.54,83.16,83.5,220.374,0.018443111563699214,9557.32
446,2.79,8.7,2.51,83.21,71.69,232.15589999999997,0.035011851721041744,3880.2
429,2.61,11.4,2.64,76.13,83.71,198.69929999999997,0.031537446955268555,4890.6
909,4.35,6.2,1.57,76.8,81.44,334.08,0.019277993703586235,5635.8
560,2.68,12.03,2.56,87.24,84.05,233.8032,0.03045805705436561,6736.799999999999
773,0.66,4.97,2.52,76.08,77.8,50.2128,0.03239074133795099,3841.81
747,4.34,5.69,1.4,82.47,80.67,357.9198,0.01735465261501765,4250.43
713,2.92,7.35,2.68,80.38,80.66,234.7096,0.033225882317644145,5240.55
912,4.59,5.77,2.77,75.94,85.64,348.5646,0.032344694962086064,5262.24
516,1.69,6.01,1.62,86.36,73.71,145.9484,0.021978018996334423,3101.16
792,4.32,8.3,4.0,75.66,69.4,326.8512,0.05763687930304332,6573.6
614,4.01,4.69,2.26,75.5,67.97,302.755,0.033249958327209304,2879.6600000000003
566,5.29,8.78,3.15,74.8,75.47,395.692,0.0417384335844132,4969.48
673,2.1,7.83,1.33,74.55,75.83,156.555,0.017539230180768802,5269.59
822,2.45,5.06,2.25,76.43,73.46,187.25350000000003,0.030628909525059964,4159.32
623,4.0,6.04,3.55,74.12,68.5,296.48,0.051824809952582485,3762.92
985,2.63,7.82,3.5,75.19,74.28,197.7497,0.047119002811119706,7702.700000000001
1017,3.01,8.6,0.29,81.81,81.27,246.2481,0.003568351966488007,8746.199999999999
618,2.43,6.72,1.89,84.71,72.78,205.8453,0.02596866914417846,4152.96
889,4.53,6.51,1.65,76.06,79.38,344.5518,0.020786089596108642,5787.389999999999
763,2.94,3.57,0.97,74.57,71.08,219.23579999999998,0.013646593465588988,2723.91
677,2.27,2.41,2.86,78.6,87.23,178.422,0.03278688148723128,1631.5700000000002
952,2.41,7.42,1.44,75.18,78.45,181.18380000000002,0.018355638195584677,7063.84
630,3.65,4.62,1.5,75.53,87.16,275.6845,0.017209727259095083,2910.6
537,3.84,5.42,2.14,74.82,72.61,287.30879999999996,0.029472520386651924,2910.54
938,2.53,2.87,1.39,78.21,71.66,197.87129999999996,0.019397150516724738,2692.06
862,4.42,6.75,1.49,78.36,75.29,346.3512,0.019790142145020298,5818.5
1017,2.81,4.17,2.41,77.92,87.42,218.95520000000002,0.0275680590748045,4240.89
583,3.4,6.15,1.63,76.22,70.61,259.14799999999997,0.023084545661443752,3585.4500000000003
1138,5.01,5.85,1.03,76.61,71.14,383.8161,0.014478491076962176,6657.299999999999
496,2.78,7.02,2.08,76.68,75.46,213.1704,0.02756426880939984,3481.9199999999996
993,3.27,8.76,3.14,76.57,87.23,250.38389999999998,0.03599678596849868,8698.68
1628,4.69,6.37,1.61,75.14,73.74,352.4066,0.021833465984070252,10370.36
674,3.09,4.37,2.92,83.84,78.5,259.0656,0.037197447490771016,2945.38
894,3.59,8.51,3.16,82.34,85.6,295.6006,0.036915883537864076,7607.94
1051,2.82,4.9,2.39,76.61,76.88,216.0402,0.03108740490538438,5149.900000000001
691,4.38,4.63,1.5,78.6,80.28,344.268,0.018684601558968415,3199.33
1033,4.02,4.04,1.37,78.41,69.73,315.2082,0.019647207852114174,4173.32
463,2.17,8.88,3.31,78.91,81.88,171.23469999999998,0.04042500727589066,4111.4400000000005
541,3.11,6.36,1.72,76.65,86.09,238.38150000000002,0.0199790893275538,3440.76
604,4.92,5.93,4.47,83.43,89.81,410.47560000000004,0.04977173479882698,3581.72
1433,2.43,9.11,1.72,77.88,81.32,189.2484,0.02115100576106668,13054.63
699,4.17,4.94,2.12,79.88,70.96,333.09959999999995,0.02987598226099461,3453.0600000000004
429,4.53,17.89,6.53,76.8,80.07,347.904,0.0815536303792144,7674.81
413,2.78,4.45,2.42,73.82,90.72,205.21959999999996,0.02667548206839924,1837.8500000000001
825,4.85,4.86,1.05,81.56,82.72,395.566,0.012693422063174316,4009.5000000000005
378,2.71,9.07,1.41,88.04,84.07,238.5884,0.016771735842543614,3428.46
1087,4.14,6.5,1.45,85.56,88.06,354.2184,0.016466044007944127,7065.5
733,3.65,6.62,2.01,76.04,79.94,277.546,0.025143854748079213,4852.46
686,3.21,7.52,3.07,76.68,85.58,246.14280000000002,0.03587286330067033,5158.719999999999
827,5.19,7.69,1.67,75.16,75.62,390.0804,0.022084101813792403,6359.63
664,2.3,4.08,2.84,75.74,75.77,174.20199999999997,0.037481848029319254,2709.12
629,3.73,7.12,2.46,82.33,91.76,307.0909,0.02680906420999736,4478.4800000000005
611,3.02,8.25,2.84,77.24,78.91,233.26479999999998,0.03599036421361498,5040.75
845,2.02,5.4,1.89,74.44,73.01,150.3688,0.025886861267379633,4563.0
779,3.96,5.09,2.56,76.01,86.64,300.99960000000004,0.02954754968287746,3965.1099999999997
489,2.47,1.68,2.43,77.25,75.69,190.8075,0.032104633094909095,821.52
616,2.8,7.74,2.24,74.9,77.02,209.72,0.02908335119665656,4767.84
539,4.27,6.95,1.97,77.95,83.12,332.8465,0.02370067087335528,3746.05
762,4.37,4.79,3.44,77.8,74.42,339.986,0.04622412708625005,3649.98
1126,3.91,4.87,2.01,77.42,78.31,302.7122,0.02566721674534328,5483.62
932,2.46,11.98,2.53,73.81,82.67,181.5726,0.0306036009914599,11165.36
607,3.93,14.56,1.75,75.38,76.59,296.2434,0.022848932909135276,8837.92
464,3.76,11.5,4.26,77.03,88.3,289.6328,0.0482446151478352,5336.0
641,2.15,8.43,2.56,76.5,84.7,164.475,0.030224317565015636,5403.63
681,4.36,7.65,1.86,79.99,69.34,348.7564,0.026824339944571684,5209.650000000001
536,5.07,10.3,3.39,82.82,84.14,419.8974,0.0402899880805814,5520.8
582,3.11,5.41,1.45,78.38,89.08,243.76179999999997,0.01627750154046907,3148.62
1003,2.23,8.61,2.88,81.5,86.48,181.745,0.03330249383643688,8635.83
1053,2.53,4.21,4.71,75.84,75.98,191.8752,0.06198998920900378,4433.13
867,2.13,3.72,2.63,75.01,81.67,159.7713,0.03220276329095588,3225.2400000000002
717,2.69,8.01,2.51,75.21,68.09,202.31489999999997,0.03686297005977822,5743.17
559,3.28,11.59,1.01,76.06,83.01,249.4768,0.012167207304275712,6478.8099999999995
620,2.15,6.71,2.3,76.81,74.07,165.1415,0.03105170365172085,4160.2
441,2.09,7.65,1.42,75.2,83.44,157.168,0.01701821464307111,3373.65
915,4.02,5.53,2.9,77.4,82.72,311.14799999999997,0.035058022841148104,5059.95
686,5.0,0.22,2.43,75.98,90.39,379.90000000000003,0.026883501838311556,150.92
416,3.29,7.26,2.18,74.45,74.58,244.94050000000001,0.02923035274465638,3020.16
980,3.6,4.89,1.91,75.66,83.42,272.376,0.022896185219829147,4792.2
889,2.99,8.05,5.31,74.31,81.95,222.1869,0.06479559917076275,7156.450000000001
408,2.7,6.42,1.14,76.15,76.34,205.60500000000002,0.014933191651402715,2619.36
655,5.24,7.02,3.04,75.43,83.2,395.25320000000005,0.03653845714682005,4598.099999999999
434,2.02,7.3,3.13,74.99,80.44,151.47979999999998,0.03891098472016599,3168.2
516,2.78,3.43,2.31,81.05,72.44,225.319,0.03188845501263735,1769.88
807,2.45,6.76,2.28,85.35,78.68,209.1075,0.028978135615386928,5455.32
1078,1.91,5.17,3.13,75.98,87.57,145.1218,0.035742830222355804,5573.26
1437,3.98,8.19,1.74,75.61,76.85,300.9278,0.022641506487767537,11769.029999999999
1290,3.95,3.92,2.73,77.5,77.4,306.125,0.03527131327244014,5056.8
360,3.79,6.81,2.12,76.66,76.9,290.5414,0.02756826689619416,2451.6
838,2.47,4.41,3.84,77.1,75.24,190.437,0.05103667583244606,3695.58
884,3.69,5.57,2.42,79.24,72.17,292.3956,0.033531933832349474,4923.88
615,2.4,10.16,2.78,76.93,89.25,184.632,0.03114845589373043,6248.4
607,3.07,5.3,1.47,76.64,72.19,235.2848,0.020362928333158562,3217.1
569,2.68,7.63,3.29,76.11,75.53,203.97480000000002,0.043558845020674565,4341.47
741,2.3,6.59,2.41,77.83,83.81,179.009,0.028755515003518077,4883.19
998,1.99,6.42,1.84,73.63,72.73,146.5237,0.02529904780708816,6407.16
996,1.78,4.66,1.69,77.19,90.49,137.3982,0.018676094742392006,4641.360000000001
742,3.23,8.88,0.22,77.56,68.38,250.5188,0.003217314533882051,6588.960000000001
466,1.96,7.63,6.34,75.64,89.79,148.2544,0.07060919137886273,3555.58
987,2.81,5.78,1.32,87.46,86.98,245.7626,0.015175900761565789,5704.860000000001
646,3.72,6.4,1.16,77.58,77.21,288.5976,0.015023958681005221,4134.400000000001
951,1.19,9.99,3.56,75.94,75.15,90.36859999999999,0.04737191651737637,9500.49
958,3.14,4.74,4.96,76.72,80.58,240.9008,0.0615537277793835,4540.92
903,4.78,6.32,1.34,77.9,84.31,372.362,0.015893723651556915,5706.96
1639,2.46,2.5,1.34,83.82,83.37,206.19719999999998,0.016072925983816003,4097.5
784,4.76,12.13,1.4,74.27,83.39,353.5252,0.01678858174978034,9509.92
589,4.66,4.85,1.38,76.36,74.46,355.8376,0.018533438284523463,2856.6499999999996
1237,2.07,7.73,1.58,77.89,70.44,161.23229999999998,0.02243043406722969,9562.01
495,3.54,4.44,1.43,76.49,78.53,270.77459999999996,0.01820959910739856,2197.8
993,3.34,5.13,1.67,87.37,75.94,291.8158,0.021991042666441574,5094.09
601,5.01,5.32,1.1,85.01,76.65,425.9001,0.014350943985525898,3197.32
493,2.64,8.43,1.37,75.91,87.57,200.4024,0.015644625368890563,4155.99
898,2.79,8.3,5.22,74.74,82.97,208.5246,0.06291429879302171,7453.400000000001
795,2.46,4.48,3.28,76.48,75.27,188.1408,0.04357645229487813,3561.6000000000004
526,3.6,5.16,1.32,83.96,74.34,302.256,0.017756252655871312,2714.16
513,3.4,6.9,2.83,77.06,65.49,262.004,0.043212697631287586,3539.7000000000003
1018,2.03,2.48,1.4,77.25,76.0,156.8175,0.01842105020775655,2524.64
484,2.37,8.49,1.68,75.61,90.08,179.19570000000002,0.0186500867395552,4109.16
670,3.68,8.4,0.01,74.78,75.94,275.1904,0.00013168289021821305,5628.0
434,4.44,7.09,1.52,75.62,83.19,335.75280000000004,0.018271424657840526,3077.06
813,2.38,5.3,0.31,75.84,77.08,180.4992,0.004021795015335364,4308.9
477,4.03,7.7,2.47,76.46,70.29,308.1338,0.03514012873237605,3672.9
895,3.44,7.94,1.57,74.44,86.38,256.0736,0.01817550148466063,7106.3
748,3.2,7.19,2.18,75.82,76.97,242.624,0.028322719459176374,5378.12
621,3.16,8.96,1.53,76.03,77.15,240.25480000000002,0.01983149451309209,5564.160000000001
839,2.57,5.59,2.15,84.59,74.73,217.3963,0.028770235679079926,4690.01
651,2.89,8.67,1.24,81.52,72.06,235.5928,0.017207879932295316,5644.17
1070,2.74,6.13,1.69,77.23,87.62,211.61020000000002,0.01928783162658849,6559.099999999999
602,2.73,8.96,1.99,75.35,66.87,205.70549999999997,0.029759229884966366,5393.92
943,5.06,2.39,2.06,78.28,75.8,396.0968,0.027176777417311688,2253.77
592,4.14,3.2,3.05,75.96,75.92,314.47439999999995,0.040173861937057166,1894.4
571,3.03,5.86,2.07,74.7,84.73,226.341,0.024430541197858938,3346.0600000000004
448,2.36,6.68,1.28,75.76,69.08,178.7936,0.01852923877689074,2992.64
553,2.6,8.4,7.42,77.18,80.01,200.66800000000003,0.09273839610818695,4645.2
1194,3.17,15.91,2.06,77.64,75.72,246.1188,0.027205490332079987,18996.54
596,3.1,8.32,2.87,75.55,73.17,234.20499999999998,0.03922372020996034,4958.72
648,1.95,7.26,2.08,76.8,85.2,149.76,0.02441314267451377,4704.48
1378,3.98,5.02,1.85,75.07,80.62,298.7786,0.02294715666743281,6917.5599999999995
458,5.09,13.36,1.61,81.58,85.6,415.24219999999997,0.018808409017709228,6118.88
508,1.96,7.99,3.04,75.86,86.51,148.6856,0.035140442129182506,4058.92
615,4.99,5.38,2.51,86.46,82.38,431.4354,0.030468556631639155,3308.7
908,2.34,13.49,1.4,75.09,89.92,175.7106,0.015569393286321918,12248.92
752,3.42,6.34,1.13,77.52,78.29,265.1184,0.014433514569738844,4767.68
493,5.0,5.86,1.69,78.01,71.46,390.05,0.023649590869074887,2888.98
789,4.71,7.1,1.28,75.78,70.86,356.9238,0.0180637852012722,5601.9
626,2.85,11.26,1.1,74.26,81.42,211.64100000000002,0.013510192396193516,7048.76
376,4.11,4.0,3.11,74.21,76.22,305.0031,0.04080293350788067,1504.0
849,2.23,5.26,1.96,73.15,72.99,163.1245,0.02685298988176601,4465.74
1434,4.61,5.69,1.11,84.63,79.7,390.1443,0.013927225354174988,8159.460000000001
843,2.87,5.47,2.75,77.01,76.11,221.01870000000002,0.036131909587188336,4611.21
427,4.19,7.06,1.17,76.66,73.06,321.2054,0.016014232683515917,3014.62
537,3.41,11.83,2.25,74.31,78.29,253.39710000000002,0.028739298922046373,6352.71
936,3.36,6.18,4.42,75.49,82.58,253.64639999999997,0.05352384917366806,5784.48
1021,2.3,6.06,2.23,76.87,88.32,176.801,0.025249091344079332,6187.259999999999
820,2.28,5.46,4.64,76.27,81.22,173.89559999999997,0.05712877897946577,4477.2
907,4.76,6.35,2.02,74.82,65.35,356.1432,0.030910477289904013,5759.45
529,2.41,2.64,1.12,77.11,77.67,185.8351,0.014419980118452412,1396.5600000000002
1385,2.53,6.59,3.34,75.83,79.69,191.8499,0.041912405331609316,9127.15
946,4.65,3.86,1.45,87.25,64.58,405.71250000000003,0.022452768279224482,3651.56
496,2.78,7.04,1.43,86.34,81.79,240.02519999999998,0.017483797837902205,3491.84
629,2.75,4.8,2.28,75.57,78.28,207.8175,0.029126209871460154,3019.2
931,4.08,6.31,5.85,81.4,89.86,332.112,0.06510126139536374,5874.61
552,3.14,4.86,2.85,75.45,65.67,236.913,0.04339880563441364,2682.7200000000003
766,4.1,3.62,2.71,75.57,71.61,309.83699999999993,0.03784387126883518,2772.92
804,2.72,2.98,3.33,74.87,87.04,203.64640000000003,0.03825826766334241,2395.92
748,2.92,4.34,1.98,75.82,83.54,221.39439999999996,0.02370121813487932,3246.3199999999997
966,2.81,7.91,1.62,77.98,78.41,219.12380000000002,0.020660627386732893,7641.06
772,3.63,11.79,5.49,77.11,78.06,279.9093,0.07033050597866948,9101.88
922,4.17,9.22,5.61,78.03,75.26,325.3851,0.07454157925304554,8500.84
1358,2.39,7.54,2.63,77.6,81.22,185.464,0.032381182912929955,10239.32
823,3.57,8.2,1.64,78.92,68.69,281.7444,0.023875378675880233,6748.599999999999
729,2.4,7.93,1.81,76.17,68.3,182.808,0.026500728184373618,5780.969999999999
1060,4.07,4.79,5.17,75.81,79.55,308.54670000000004,0.06499056379754069,5077.4
903,3.96,4.83,2.98,78.0,82.95,308.88,0.03592525184746813,4361.49
1185,3.95,4.75,1.54,83.61,67.81,330.2595,0.022710511324213048,5628.75
1212,2.31,13.04,1.89,84.5,82.32,195.195,0.022959180884453246,15804.48
373,4.88,13.7,1.58,76.56,82.01,373.6128,0.01926594082844277,5110.099999999999
817,3.4,9.31,2.75,87.92,83.98,298.928,0.03274588797977042,7606.27
1100,3.64,9.25,2.83,76.01,88.63,276.6764,0.03193049397151146,10175.0
601,2.56,5.49,1.36,77.12,75.1,197.42720000000003,0.01810918533832419,3299.4900000000002
429,3.65,6.94,1.72,76.66,72.78,279.80899999999997,0.02363286292486082,2977.26
1388,4.06,4.37,1.45,75.07,82.86,304.78419999999994,0.017499394460608924,6065.56
796,5.45,4.19,3.27,76.81,84.29,418.6145,0.038794632958282955,3335.2400000000002
1807,3.73,14.14,4.45,77.01,90.37,287.2473,0.049241999641252664,25550.98
700,3.53,5.09,2.34,79.03,86.03,278.97589999999997,0.027199810856699886,3563.0
609,5.3,5.36,0.0,78.35,84.54,415.25499999999994,0.0,3264.2400000000002
569,3.74,5.73,1.87,76.74,79.45,287.0076,0.023536812644831637,3260.3700000000003
639,2.62,6.17,2.28,76.21,86.93,199.6702,0.026227996522719826,3942.63
493,3.79,9.37,2.12,77.7,65.0,294.483,0.03261537959763391,4619.41
603,3.96,6.34,1.37,80.3,73.48,317.988,0.018644526586210318,3823.02
476,2.48,3.7,2.1,78.44,78.34,194.53119999999998,0.026806225835304336,1761.2
736,5.51,0.68,1.33,77.01,71.29,424.3251,0.0186561903975045,500.48
1187,2.72,5.96,2.34,77.55,89.43,210.936,0.026165713276784824,7074.5199999999995
1027,2.24,14.62,2.42,77.02,77.06,172.5248,0.03140409662547409,15014.74
877,2.21,2.28,2.76,77.05,79.95,170.2805,0.03452157166709547,1999.5599999999997
540,3.27,4.94,1.8,81.03,74.74,264.9681,0.02408348620772194,2667.6000000000004
740,2.51,6.3,3.17,75.99,74.12,190.73489999999998,0.042768477770038074,4662.0
924,3.88,14.28,2.05,74.99,76.52,290.96119999999996,0.026790378098486917,13194.72
750,2.62,5.29,3.03,76.21,77.34,199.6702,0.039177652032886985,3967.5
494,3.27,7.33,3.81,76.53,80.01,250.25310000000002,0.04761904166741136,3621.02
556,2.97,9.51,1.68,76.79,67.39,228.06630000000004,0.024929511065512527,5287.5599999999995
714,2.04,1.52,1.51,86.5,81.88,176.46,0.018441619633412357,1085.28
831,4.28,6.89,2.5,78.09,78.9,334.22520000000003,0.0316856740575825,5725.59
1027,2.76,7.49,2.73,76.4,77.33,210.864,0.03530324126429054,7692.2300000000005
742,2.7,1.91,2.94,76.17,71.61,205.65900000000002,0.04105571274183595,1417.22
1021,2.81,3.62,1.31,75.67,73.92,212.6327,0.017721859074423828,3696.02
1283,3.18,3.23,1.58,75.36,84.39,239.6448,0.018722595245574684,4144.09
1343,3.06,5.72,1.35,77.62,85.01,237.51720000000003,0.01588048278079252,7681.96
729,3.85,10.19,2.36,77.92,71.67,299.992,0.03292869639616347,7428.509999999999
643,2.89,10.26,2.16,75.6,71.3,218.48399999999998,0.030294525905396087,6597.18
1014,2.81,3.97,1.88,75.0,83.53,210.75,0.02250688105987297,4025.5800000000004
879,3.56,7.76,1.93,77.6,82.02,276.256,0.023530843266173704,6821.04
918,2.71,7.92,2.46,75.21,80.82,203.8191,0.03043800662731915,7270.5599999999995
708,5.99,6.63,2.09,75.55,82.76,452.54449999999997,0.02525374271946076,4694.04
744,2.11,4.94,1.53,77.06,75.11,162.5966,0.02037012110636119,3675.36
752,2.62,8.36,3.0,78.73,75.94,206.2726,0.03950486706546391,6286.719999999999
1005,2.21,8.12,3.08,81.16,88.59,179.3636,0.03476689978926518,8160.599999999999
675,3.43,9.25,2.38,76.44,75.79,262.1892,0.03140255556108252,6243.75
662,2.56,7.13,2.25,81.94,79.91,209.7664,0.02815667273724531,4720.0599999999995
758,3.36,12.19,1.33,75.49,66.14,253.64639999999997,0.020108856953604936,9240.02
975,3.18,8.55,2.68,77.86,87.5,247.59480000000002,0.030628567928163666,8336.25
527,2.33,6.91,2.38,76.99,87.28,179.3867,0.027268557828991995,3641.57
752,3.63,6.4,3.47,75.03,75.26,272.3589,0.04610682353084991,4812.8
380,4.04,10.44,2.51,74.95,76.95,302.798,0.0326185792568448,3967.2
823,3.87,4.86,2.74,77.25,83.37,298.9575,0.03286553522063869,3999.78
867,3.09,7.04,1.41,85.33,75.56,263.6697,0.018660664549938515,6103.68
733,3.75,12.52,1.7,76.85,79.15,288.1875,0.021478203224484745,9177.16
549,5.04,6.37,2.58,77.81,70.04,392.1624,0.03683608840147224,3497.13
1477,2.47,6.62,1.94,74.58,86.71,184.2126,0.02237342609002121,9777.74
641,2.87,8.62,1.52,75.94,71.94,217.9478,0.021128715439433496,5525.419999999999
1221,4.31,10.51,1.95,81.03,75.92,349.23929999999996,0.02568492812369229,12832.71
680,2.67,11.81,2.19,84.3,86.14,225.081,0.0254237258621168,8030.8
1179,3.14,5.02,3.54,76.93,80.66,241.56020000000004,0.04388791918076876,5918.58
736,3.73,4.48,1.14,77.3,80.61,288.329,0.014142164229975903,3297.28
692,2.65,18.65,1.96,74.1,89.59,196.36499999999998,0.021877439236807763,12905.8
919,3.34,6.24,2.85,73.63,88.07,245.92419999999998,0.03236061855789502,5734.56
925,4.14,6.05,2.45,76.55,73.55,316.917,0.03331066848257397,5596.25
783,4.5,4.25,2.88,76.11,81.98,342.495,0.035130515353681946,3327.75
1265,2.42,3.85,1.94,78.61,71.17,190.2362,0.02725867257852008,4870.25
765,4.62,4.76,2.5,78.14,79.39,361.0068,0.03149010813829095,3641.3999999999996
790,4.18,6.65,3.37,75.75,82.97,316.635,0.040617085619249656,5253.5
502,4.28,5.82,1.73,77.3,88.41,330.844,0.019567919967433553,2921.6400000000003
648,3.54,7.6,2.5,74.29,68.74,262.9866,0.036368921098498534,4924.8
1018,5.6,8.71,2.61,77.91,76.84,436.29599999999994,0.03396667959829781,8866.78
702,2.51,4.05,2.87,76.76,85.82,192.6676,0.03344208419458353,2843.1
664,4.05,7.27,3.09,77.13,83.87,312.37649999999996,0.036842728407925546,4827.28
566,2.5,6.91,3.02,77.94,71.88,194.85,0.04201446271362511,3911.06
596,5.27,8.24,5.07,76.55,71.83,403.41849999999994,0.07058331190542783,4911.04
940,1.98,10.75,1.5,82.18,74.05,162.71640000000002,0.020256580654074187,10105.0
703,5.16,6.48,2.47,75.42,82.23,389.16720000000004,0.03003769548368047,4555.4400000000005
828,3.22,6.28,3.71,77.89,86.3,250.8058,0.04298956628162615,5199.84
990,3.04,5.65,0.84,77.01,75.66,234.11040000000003,0.011102298294700198,5593.5
1035,2.05,6.73,3.74,77.24,87.66,158.34199999999998,0.04266483656572707,6965.55
1004,2.68,5.28,1.14,75.66,70.06,202.7688,0.016271764734261382,5301.12
690,3.76,5.71,1.9,75.79,83.99,284.9704,0.022621737990030005,3939.9
1090,4.51,6.69,2.83,77.9,80.62,351.329,0.03510294776693776,7292.1
661,1.61,16.18,2.15,75.0,76.52,120.75000000000001,0.02809722581060823,10694.98
1455,3.92,6.85,1.98,78.3,71.65,306.936,0.02763432970909564,9966.75
664,3.08,7.88,1.43,77.34,76.04,238.20720000000003,0.018805889162823622,5232.32
513,2.6,7.52,0.95,74.62,86.15,194.01200000000003,0.011027276723473391,3857.7599999999998
1147,3.04,7.22,1.5,76.65,77.31,233.01600000000002,0.019402403388642686,8281.34
485,3.7,9.48,3.47,76.82,78.97,284.234,0.043940731424498995,4597.8
630,4.72,5.23,1.82,85.79,76.06,404.9288,0.02392847437174936,3294.9
1165,2.59,6.97,2.37,76.38,84.12,197.8242,0.02817403374060464,8120.049999999999
468,3.51,4.57,0.96,74.41,81.36,261.17909999999995,0.011799408579227066,2138.76
826,2.61,3.46,1.39,77.21,70.62,201.51809999999998,0.01968280661529218,2857.96
598,1.17,8.21,2.45,77.89,72.9,91.1313,0.0336076771457233,4909.580000000001
905,2.1,4.8,1.43,74.72,74.2,156.912,0.019272234599429297,4344.0
1015,2.28,4.82,2.24,75.6,88.95,172.36799999999997,0.025182684071648784,4892.3
811,5.45,5.08,2.68,76.55,90.09,417.1975,0.02974802644599551,4119.88
1132,4.36,7.23,1.47,82.25,83.86,358.61,0.01752921326863662,8184.360000000001
985,5.11,4.22,1.21,78.22,73.04,399.7042,0.016566262792132695,4156.7
404,3.05,5.89,2.92,76.7,82.18,233.935,0.035531755228552536,2379.56
848,4.11,4.41,2.52,78.28,65.0,321.73080000000004,0.038769224804734645,3739.6800000000003
816,3.19,5.36,1.69,75.25,72.78,240.04749999999999,0.02322066182733418,4373.76
636,3.14,7.05,1.71,77.16,89.17,242.2824,0.019176851051154978,4483.8
819,3.06,2.36,0.47,87.36,87.95,267.3216,0.005343944815924409,1932.84
655,2.36,4.84,6.24,75.88,77.41,179.0768,0.08060972993027646,3170.2
665,2.65,12.98,1.84,76.2,82.2,201.93,0.02238442550067816,8631.7
790,1.87,3.93,2.13,76.99,84.33,143.97129999999999,0.02525791233749409,3104.7000000000003
532,2.92,11.51,2.77,74.43,77.1,217.33560000000003,0.03592736239593224,6123.32
1092,2.45,7.5,2.08,74.13,91.62,181.6185,0.02270246423243132,8190.0
680,2.34,6.9,2.96,76.24,77.68,178.40159999999997,0.038105041438588894,4692.0
549,3.78,7.14,2.93,84.56,77.76,319.6368,0.03768003630657969,3919.8599999999997
458,3.68,6.57,2.19,79.28,83.42,291.7504,0.02625269404786693,3009.06
1382,4.71,6.11,1.89,77.1,77.4,363.14099999999996,0.02441860149630471,8444.02
902,0.54,5.09,4.1,82.81,76.69,44.717400000000005,0.053461982858001966,4591.18
522,4.35,9.31,1.59,74.65,71.39,324.7275,0.02227202377475504,4859.820000000001
558,4.78,5.22,0.83,74.72,78.95,357.1616,0.010512981568970034,2912.7599999999998
911,2.94,5.43,0.78,84.64,77.3,248.8416,0.01009055496888034,4946.73
978,4.21,5.69,2.46,76.14,72.26,320.5494,0.03404372626020948,5564.820000000001
560,3.94,6.14,3.93,76.72,85.59,302.2768,0.045916573674895,3438.3999999999996
605,4.27,6.84,1.65,78.31,80.02,334.3837,0.020619842461904216,4138.2
685,2.66,1.06,3.53,72.82,79.56,193.7012,0.044369024086346895,726.1
1041,4.12,4.61,2.52,77.31,81.56,318.5172,0.03089749498559404,4799.01
1149,3.94,4.29,3.2,77.37,77.98,304.8378,0.041036157856353186,4929.21
585,3.64,5.1,1.92,77.15,74.18,280.826,0.02588298383890754,2983.5
466,1.91,2.84,2.1,75.88,82.5,144.93079999999998,0.02545454236914638,1323.4399999999998
709,3.5,2.19,1.48,74.99,75.8,262.465,0.019525063387194803,1552.71
1590,2.94,10.25,1.26,76.85,77.58,225.939,0.016241297210454083,16297.5
898,2.96,6.21,1.5,76.62,75.19,226.79520000000002,0.019949458711336784,5576.58
788,2.94,5.52,2.99,76.37,85.16,224.5278,0.035110376337438194,4349.759999999999
530,2.16,2.78,2.8,76.45,78.16,165.132,0.035823946286598476,1473.3999999999999
394,3.76,4.87,5.02,78.31,84.24,294.4456,0.05959163585094541,1918.78
891,2.54,7.32,1.97,75.49,75.3,191.7446,0.02616201511792628,6522.12
856,3.21,3.65,2.71,76.83,81.54,246.6243,0.03323521790100344,3124.4
423,3.62,5.46,2.08,77.19,87.08,279.4278,0.023886079020891248,2309.58
549,4.1,8.35,1.54,76.42,82.99,313.322,0.018556450348662448,4584.15
1026,3.09,10.04,2.54,77.52,73.6,239.53679999999997,0.034510864876241186,10301.039999999999
677,4.33,5.3,1.65,76.45,78.32,331.0285,0.021067413040422235,3588.1
805,2.91,17.57,1.75,74.72,75.26,217.4352,0.023252720800860906,14143.85
493,4.37,3.85,3.8,76.24,76.11,333.1688,0.049927729611387514,1898.05
582,4.33,10.3,4.25,77.58,87.9,335.9214,0.04835039267913621,5994.6
567,2.24,9.71,0.88,86.25,77.24,193.20000000000002,0.011393059115347085,5505.570000000001
467,3.67,4.22,3.27,76.17,83.66,279.5439,0.03908677515099508,1970.7399999999998
1073,1.99,4.56,2.86,77.3,76.14,153.827,0.03756238014678485,4892.879999999999
420,2.49,4.16,3.73,75.69,91.09,188.46810000000002,0.04094850796481414,1747.2
980,2.72,13.62,3.08,75.94,78.71,206.5568,0.03913098219654654,13347.599999999999
554,4.56,5.03,2.75,81.96,79.56,373.73759999999993,0.034565103749986954,2786.6200000000003
430,3.52,6.29,1.23,75.33,77.53,265.1616,0.015864824472484912,2704.7
997,2.1,8.14,2.61,76.69,79.66,161.049,0.03276424394121969,8115.580000000001
559,1.76,4.02,1.92,77.24,69.52,135.9424,0.02761794769592237,2247.18
626,2.56,7.76,2.25,75.05,70.15,192.128,0.03207412229877087,4857.76
657,5.05,4.01,0.88,78.01,80.98,393.95050000000003,0.010866879369365352,2634.5699999999997
536,1.97,5.17,2.36,77.33,84.52,152.3401,0.027922381930622107,2771.12
1255,4.88,7.57,1.23,76.51,79.6,373.3688,0.01545225936529405,9500.35
721,2.83,5.97,2.84,77.03,84.05,217.9949,0.033789407044686845,4304.37
875,2.51,4.83,2.79,81.75,88.55,205.1925,0.03150761925379794,4226.25
998,2.7,7.45,3.39,74.77,87.94,201.879,0.03854900630554852,7435.1
1196,2.21,7.16,5.85,74.4,82.33,164.424,0.07105549968960286,8563.36
494,1.94,9.43,2.65,75.17,88.38,145.8298,0.029984155919421145,4658.42
630,4.62,5.3,1.82,77.29,77.9,357.07980000000003,0.023363283265303816,3339.0
815,1.82,4.21,1.57,73.96,88.01,134.6072,0.01783887991831838,3431.15
723,4.15,1.97,1.57,76.13,86.7,315.9395,0.018108417749894145,1424.31
716,2.26,7.1,1.37,75.37,91.63,170.3362,0.01495143348778419,5083.599999999999
1163,4.68,4.99,3.35,75.78,72.16,354.6504,0.04642460553982739,5803.37
827,2.97,6.68,4.96,76.35,73.13,226.7595,0.06782441298722645,5524.36
932,2.62,4.5,4.2,77.44,80.51,202.8928,0.052167426137445516,4194.0
1414,2.36,12.15,1.57,86.07,75.61,203.12519999999998,0.0207644464006816,17180.100000000002
1247,2.5,2.61,2.98,75.73,76.33,189.32500000000002,0.039041001042709154,3254.6699999999996
1517,2.67,10.11,1.48,76.92,84.23,205.3764,0.01757093463481721,15336.869999999999
1341,2.36,4.39,1.68,77.24,86.26,182.2864,0.019476000524460867,5886.99
847,2.72,5.56,0.78,77.58,82.63,211.01760000000002,0.00943966967933321,4709.32
824,2.67,7.85,1.51,75.26,76.87,200.9442,0.019643551496871144,6468.4
637,2.71,2.83,1.8,83.49,76.78,226.25789999999998,0.02344360205214873,1802.71
496,2.22,5.9,2.73,78.46,72.28,174.1812,0.03776977894718055,2926.4
501,3.29,8.04,4.78,74.59,78.13,245.4011,0.06118007664404498,4028.0399999999995
692,4.96,5.97,2.07,79.61,69.33,394.8656,0.02985720036676758,4131.24
926,2.97,6.37,3.73,76.12,70.29,226.07640000000004,0.05306586241771767,5898.62
401,2.59,5.84,2.62,76.75,81.49,198.7825,0.03215118024896549,2341.84
1021,2.69,12.72,1.86,77.13,81.02,207.47969999999998,0.022957291661652474,12987.12
783,3.18,8.02,1.62,79.28,67.91,252.11040000000003,0.02385509882858212,6279.66
499,3.84,8.26,2.94,75.48,68.65,289.8432,0.04282592238515332,4121.74
552,2.62,8.35,2.89,76.7,74.26,200.954,0.038917312292309145,4609.2
1016,3.91,10.33,4.93,76.07,71.52,297.4337,0.06893175769969831,10495.28
671,2.76,7.61,2.34,76.55,70.75,211.27799999999996,0.03307420027219784,5106.31
538,3.93,5.58,1.89,76.19,71.58,299.4267,0.02640401978150045,3002.04
699,4.6,3.33,0.81,76.85,79.46,353.50999999999993,0.010193806922501018,2327.67
569,2.75,6.36,2.72,77.06,69.62,211.91500000000002,0.039069227367246856,3618.84
612,1.88,6.13,3.0,74.98,69.19,140.9624,0.043358860621641765,3751.56
641,4.58,4.77,2.41,76.02,74.65,348.1716,0.03228398763777794,3057.5699999999997
1313,2.41,6.15,2.8,77.78,72.2,187.4498,0.03878115806355151,8074.950000000001
813,4.51,5.06,3.32,77.84,89.34,351.0584,0.03716140170568595,4113.78
556,2.22,5.93,1.99,72.15,70.37,160.17300000000003,0.028279092187140514,3297.08
1282,2.87,7.17,2.77,74.92,85.91,215.02040000000002,0.032243041294023826,9191.94
530,0.98,7.17,1.54,76.79,81.67,75.25420000000001,0.018856370900407628,3800.1
805,2.36,3.33,2.91,76.69,86.05,180.98839999999998,0.03381754400725811,2680.65
478,2.19,5.82,6.15,76.95,76.72,168.5205,0.08016161624587902,2781.96
435,4.88,10.48,1.92,78.38,81.35,382.4944,0.023601718057563854,4558.8
836,5.26,4.23,2.7,74.98,72.69,394.39480000000003,0.03714403120869016,3536.28
1313,2.66,4.57,3.6,82.68,85.36,219.92880000000002,0.04217431558407737,6000.410000000001
422,4.44,5.34,2.26,76.86,78.72,341.25840000000005,0.02870934594647536,2253.48
1322,2.99,9.12,2.02,72.96,84.98,218.1504,0.0237702960966938,12056.64
783,2.61,3.92,1.5,78.34,91.76,204.4674,0.01634699037194961,3069.36
412,2.79,8.78,1.56,75.93,91.37,211.84470000000002,0.017073435802403874,3617.3599999999997
709,2.29,3.92,1.9,75.63,76.49,173.1927,0.024839845098725964,2779.2799999999997
773,2.12,5.81,1.53,77.81,79.17,164.9572,0.019325499643109808,4491.13
830,4.19,12.58,1.73,83.86,75.61,351.3734,0.022880568326865715,10441.4
670,2.72,5.12,2.52,74.4,71.79,202.36800000000002,0.035102377057754965,3430.4
606,2.81,8.14,2.45,82.89,72.92,232.92090000000002,0.03359845946263584,4932.84
1213,2.07,3.9,2.0,77.12,83.12,159.6384,0.024061594795284552,4730.7
442,2.69,7.29,1.64,75.07,74.41,201.93829999999997,0.022040045418620424,3222.18
930,2.43,8.14,3.18,76.53,80.44,185.96790000000001,0.03953256594572776,7570.200000000001
913,2.58,5.17,2.09,83.06,86.06,214.2948,0.024285379469512026,4720.21
1223,2.01,5.02,2.9,87.83,83.38,176.53829999999996,0.03478051873584568,6139.459999999999
693,2.8,9.92,2.26,75.4,81.1,211.12,0.027866827636642708,6874.56
1351,4.62,7.06,1.89,77.51,83.36,358.0962,0.022672742001830372,9538.06
992,2.32,4.41,2.32,77.48,82.75,179.7536,0.02803625038836853,4374.72
955,2.81,7.28,5.55,76.42,72.49,214.74020000000002,0.07656227389125757,6952.400000000001
1016,4.43,5.08,2.98,77.37,84.48,342.7491,0.03527461703662203,5161.28
541,3.29,7.11,2.57,75.57,76.25,248.62529999999998,0.03370491361247034,3846.51
1280,3.08,8.03,1.35,78.71,81.89,242.4268,0.016485527355534577,10278.4
1327,2.55,4.1,1.47,77.43,71.97,197.44650000000001,0.02042517431913654,5440.7
701,4.54,8.26,2.94,84.07,75.27,381.6778,0.03905938102040906,5790.26
969,3.75,9.11,1.87,75.68,76.19,283.8,0.024543900177989214,8827.59
615,2.81,4.22,2.15,76.77,76.64,215.72369999999998,0.028053232247751532,2595.2999999999997
984,2.77,5.13,2.89,87.84,77.71,243.3168,0.03718954610866734,5047.92
851,0.2,5.74,3.17,85.45,78.1,17.09,0.040588983279259506,4884.74
739,2.98,9.66,1.79,77.21,73.05,230.08579999999998,0.024503761190450214,7138.74
532,2.47,5.62,1.49,77.38,83.94,191.1286,0.01775077224794231,2989.84
1251,2.08,6.77,1.56,75.47,76.99,156.9776,0.020262369104770868,8469.269999999999
899,2.43,6.57,1.6,76.66,69.62,186.2838,0.022981898451321682,5906.43
872,3.18,8.84,5.45,76.16,86.01,242.18880000000001,0.06336471766483924,7708.48
663,2.06,2.58,2.59,76.78,80.33,158.1668,0.03224199772911767,1710.54
1056,3.57,6.32,2.7,76.97,77.29,274.7829,0.03493336331564713,6673.92
1674,2.5,3.62,2.04,76.77,74.64,191.92499999999998,0.027331186048876466,6059.88
366,3.68,13.09,2.61,74.12,73.07,272.76160000000004,0.03571916850702497,4790.94
552,3.1,9.45,3.14,74.76,80.83,231.75600000000003,0.03884695795534357,5216.4
960,4.44,12.83,2.97,76.82,74.26,341.0808,0.03999460813431078,12316.8
629,5.57,4.76,2.38,75.7,75.83,421.64900000000006,0.0313859908497968,2994.04
1603,3.02,6.81,2.45,78.7,74.8,237.674,0.03275400631630932,10916.429999999998
748,5.84,2.19,2.48,76.9,82.57,449.096,0.030035118077374582,1638.12
1405,2.66,2.9,2.34,77.19,73.27,205.3254,0.03193666822210069,4074.5
856,2.49,5.93,5.34,74.98,72.53,186.70020000000002,0.07362469686685552,5076.08
1156,3.0,6.65,2.0,76.46,80.63,229.38,0.0248046602003398,7687.400000000001
943,2.42,6.51,2.57,76.52,74.93,185.17839999999998,0.034298674189420224,6138.929999999999
1010,4.43,8.75,2.37,84.57,88.89,374.64509999999996,0.026662163723460038,8837.5
785,3.46,7.93,2.21,77.54,78.17,268.2884,0.028271711875180773,6225.05
502,2.47,5.18,2.0,73.72,80.09,182.0884,0.024971903487089088,2600.3599999999997
662,2.27,3.9,0.53,74.95,80.77,170.1365,0.006561841455758146,2581.7999999999997
415,2.24,3.9,5.41,76.63,75.47,171.65120000000002,0.07168410339418267,1618.5
868,2.43,6.64,3.33,77.33,71.64,187.9119,0.046482405571970184,5763.5199999999995
595,0.2,13.2,1.74,77.8,69.19,15.56,0.025148139160552224,7854.0
701,2.15,4.98,1.41,76.67,70.82,164.8405,0.019909627236708947,3490.9800000000005
426,2.19,7.76,3.12,74.44,70.74,163.0236,0.04410516764133904,3305.7599999999998
876,3.18,5.14,1.89,75.37,88.86,239.67660000000004,0.02126941016549514,4502.639999999999
588,3.61,7.24,1.72,77.0,84.51,277.96999999999997,0.020352618583289718,4257.12
556,2.13,3.45,5.13,75.36,76.39,160.5168,0.06715537803961538,1918.2
853,4.77,6.23,2.03,83.23,70.77,397.0071,0.02868446676777352,5314.1900000000005
530,2.96,6.05,2.32,79.89,78.47,236.4744,0.02956543525354463,3206.5
1345,2.53,14.03,2.81,74.54,78.37,188.5862,0.035855552398168636,18870.35
1159,3.95,4.07,2.43,77.27,89.84,305.2165,0.027048082474612368,4717.13
864,4.55,5.34,1.69,74.09,72.61,337.1095,0.023275027781982125,4613.76
544,3.8,6.01,3.14,78.12,74.99,296.856,0.04187224404957407,3269.44
907,5.39,7.71,1.07,85.18,76.1,459.1202,0.014060444932924451,6992.97
1162,3.22,4.14,1.99,71.97,77.1,231.7434,0.025810632190579483,4810.679999999999
749,4.27,6.44,0.9,76.01,79.09,324.5627,0.011379439704205373,4823.56
1167,5.45,8.87,1.82,78.5,81.96,427.825,0.022205951414598413,10351.289999999999
866,3.95,5.6,3.06,87.33,86.85,344.9535,0.03523315656497909,4849.599999999999
849,1.98,4.25,1.14,75.19,80.69,148.87619999999998,0.014128143000601933,3608.25
1349,2.0,7.34,1.6,77.74,78.98,155.48,0.020258290673804673,9901.66
716,2.79,6.01,1.83,76.54,77.98,213.5466,0.023467552774101976,4303.16
856,3.94,6.65,1.48,81.97,82.33,322.9618,0.017976434109506362,5692.400000000001
442,2.21,6.96,1.39,83.35,79.33,184.2035,0.017521742402402316,3076.32
843,2.92,15.82,1.31,76.88,79.67,224.48959999999997,0.01644282459610586,13336.26
383,2.65,3.65,2.43,74.79,82.85,198.1935,0.029330111124911153,1397.95
622,2.92,4.63,2.19,77.16,81.7,225.3072,0.026805382275962998,2879.86
530,2.01,4.96,1.75,82.84,85.42,166.5084,0.0204870029867709,2628.8
710,2.51,8.38,2.26,76.37,67.8,191.68869999999998,0.03333332841691321,5949.8
747,5.34,5.5,3.38,87.53,76.72,467.4102,0.044056302912369276,4108.5
1475,2.18,6.56,1.27,84.93,88.09,185.14740000000003,0.014417071810980609,9676.0
681,3.03,5.51,2.57,79.14,72.29,239.7942,0.03555124698419601,3752.31
485,1.97,3.3,1.72,74.45,83.88,146.6665,0.020505481580176253,1600.5
983,2.28,5.73,2.8,82.13,70.79,187.25639999999999,0.03955360367938922,5632.59
748,2.95,6.24,3.94,75.48,74.71,222.66600000000003,0.05273724364379017,4667.52
801,2.5,5.91,1.98,77.77,76.47,194.42499999999998,0.02589250347946862,4733.91
625,2.56,4.36,1.26,86.53,81.4,221.51680000000002,0.015479113577504472,2725.0
562,2.54,5.15,1.85,77.59,73.95,197.07860000000002,0.02501689993010143,2894.3
651,2.62,4.82,1.58,75.36,77.15,197.44320000000002,0.02047958256907549,3137.82
905,2.4,6.32,1.05,75.9,86.55,182.16,0.012131714369530403,5719.6
814,2.23,4.73,1.74,77.35,85.94,172.4905,0.02024668137692793,3850.2200000000003
911,3.67,5.36,2.35,83.59,79.22,306.7753,0.029664222460966616,4882.96
971,4.36,7.19,2.7,73.91,75.1,322.24760000000003,0.03595205912755538,6981.490000000001
540,3.18,9.41,2.01,77.42,66.77,246.1956,0.03010333531476182,5081.4
1052,3.28,5.35,4.4,76.95,74.01,252.396,0.059451417450153025,5628.2
721,2.93,7.31,1.29,86.13,76.7,252.3609,0.016818772253093577,5270.509999999999
884,4.59,9.58,1.68,75.94,90.82,348.5646,0.018498126128812364,8468.72
1315,2.9,8.7,2.73,76.46,72.07,221.73399999999998,0.03787983378939451,11440.499999999998
703,5.06,3.46,1.58,75.05,73.4,379.75299999999993,0.02152588262590155,2432.38
995,2.51,19.86,2.15,82.08,79.96,206.02079999999998,0.02688844085937458,19760.7
694,2.73,4.95,0.81,75.92,84.29,207.26160000000002,0.009609679723611373,3435.3
471,4.73,7.75,2.18,77.41,74.42,366.14930000000004,0.029293196816286372,3650.25
684,2.18,8.9,3.0,74.86,80.6,163.19480000000001,0.03722083905448647,6087.6
929,3.38,6.35,2.69,83.17,79.69,281.1146,0.03375579950360152,5899.15
1159,5.49,6.0,2.43,78.02,76.22,428.3298,0.031881391776254035,6954.0
909,1.9,5.65,1.43,79.0,73.73,150.1,0.01939508756339515,5135.85
591,3.92,3.8,2.94,75.46,75.52,295.80319999999995,0.038930079590826325,2245.7999999999997
630,4.57,5.78,1.52,76.23,70.17,348.3711,0.021661675693077427,3641.4
523,5.02,5.81,3.04,80.08,80.96,402.00159999999994,0.037549402476605424,3038.6299999999997
1495,1.92,6.76,1.86,86.4,84.98,165.888,0.021887500366262608,10106.199999999999
692,3.85,5.33,1.34,75.1,84.73,289.135,0.01581493971262366,3688.36
446,3.68,4.1,1.56,75.34,86.19,277.25120000000004,0.01809954541135336,1828.6
1291,3.33,5.29,3.48,75.33,85.4,250.8489,0.04074940974831267,6829.39
961,1.26,6.91,2.23,76.05,92.04,95.823,0.0242285936300963,6640.51
906,4.14,5.44,3.06,75.8,78.31,313.81199999999995,0.03907546429888082,4928.64
387,5.08,5.01,2.88,73.63,73.11,374.0404,0.039392690549488366,1938.87
1238,4.14,6.98,4.7,81.4,87.53,336.996,0.05369586956519255,8641.24
1352,2.98,11.69,1.85,75.06,73.14,223.6788,0.02529395333689454,15804.88
1175,2.7,6.35,1.1,75.07,80.0,202.689,0.013749998281250215,7461.25
1484,3.27,6.1,2.63,75.64,82.57,247.3428,0.0318517582836674,9052.4
870,3.49,4.64,3.37,76.6,87.1,267.334,0.038691155144528686,4036.7999999999997
1279,2.0,6.77,1.88,76.26,84.43,152.52,0.022266964080662786,8658.83
903,3.72,6.05,5.17,76.75,85.27,285.51,0.060630929913107784,5463.15
807,2.64,5.23,1.69,76.53,81.36,202.03920000000002,0.02077187551968098,4220.610000000001
748,3.82,6.06,2.09,76.56,77.64,292.4592,0.026919110391665325,4532.88
821,2.92,8.53,1.64,75.2,85.1,219.584,0.019271443093837475,7003.129999999999
553,2.6,7.06,1.8,84.08,75.31,218.608,0.02390120516515666,3904.18
1072,2.66,8.6,0.41,78.22,75.6,208.0652,0.005423279705915383,9219.199999999999
577,1.95,6.12,3.09,76.84,79.07,149.838,0.039079291883231074,3531.2400000000002
678,4.95,4.28,2.32,79.49,85.47,393.4755,0.027144023968173163,2901.84
747,3.12,4.25,1.98,88.88,87.51,277.30559999999997,0.022625983016114383,3174.75
788,4.34,4.91,1.24,74.83,82.32,324.7622,0.015063166294561918,3869.08
1251,3.58,1.04,4.83,77.55,72.67,277.629,0.06646483191621963,1301.04
951,1.99,3.9,1.59,78.17,74.28,155.5583,0.021405489848480095,3708.9
1496,3.52,5.88,1.53,76.62,80.86,269.7024,0.018921590536533448,8796.48
508,2.3,7.85,2.86,76.72,80.63,176.456,0.035470664086485915,3987.7999999999997
869,4.85,9.17,1.66,75.65,82.39,366.9025,0.020148073777391213,7968.73
728,2.58,6.12,3.05,77.75,85.79,200.595,0.035551924985205145,4455.36
790,3.02,9.78,2.61,77.35,75.28,233.59699999999998,0.03467055862505863,7726.2
411,2.58,8.69,2.89,75.85,80.81,195.69299999999998,0.03576289620555671,3571.5899999999997
1949,3.12,6.65,4.42,75.16,80.8,234.4992,0.05470296352686095,12960.85
602,2.56,6.74,2.14,75.03,78.76,192.07680000000002,0.02717114941961028,4057.48
604,2.96,7.56,3.69,74.43,69.01,220.3128,0.053470503771844105,4566.24
943,3.66,4.75,2.75,76.82,70.45,281.1612,0.039034770896412926,4479.25
518,2.37,5.18,5.21,83.4,77.98,197.65800000000002,0.06681199450987503,2683.24
431,3.9,4.75,2.27,73.4,85.57,286.26,0.02652798568096463,2047.25
1350,3.76,4.71,2.33,75.2,66.01,282.752,0.035297676822045626,6358.5
1262,2.17,3.44,1.63,84.94,67.51,184.3198,0.024144567598197657,4341.28
822,1.88,4.99,1.82,84.61,72.53,159.0668,0.025093061478965742,4101.78
1247,2.92,11.8,1.88,89.47,78.91,261.25239999999997,0.023824607296336675,14714.6
606,2.13,7.11,1.92,74.39,90.89,158.45069999999998,0.021124433807411837,4308.66
541,3.61,14.83,2.91,76.91,82.29,277.64509999999996,0.03536273722654791,8023.03
1102,2.3,5.78,2.95,74.33,75.44,170.95899999999997,0.03910391846448589,6369.56
1090,5.18,16.46,5.21,83.52,91.83,432.63359999999994,0.056735265519409175,17941.4
964,2.97,4.1,1.31,74.33,77.93,220.76010000000002,0.01680995549724682,3952.3999999999996
907,4.04,8.09,0.43,86.42,90.69,349.1368,0.004741426315864338,7337.63
751,4.39,10.21,6.14,76.07,67.64,333.9472999999999,0.09077467611255527,7667.710000000001
746,3.75,6.16,1.17,75.43,71.04,282.8625,0.016469592276239824,4595.36
623,2.45,4.78,2.49,77.22,86.9,189.18900000000002,0.02865362155884677,2977.94
667,5.71,8.03,0.91,74.34,73.57,424.4814,0.012369170535657125,5356.009999999999
484,3.28,10.25,2.75,74.85,74.13,245.50799999999995,0.03709698676689778,4961.0
754,3.75,3.67,2.44,76.21,67.58,285.78749999999997,0.03610535127177401,2767.18
666,4.79,6.99,2.05,75.76,68.72,362.8904,0.0298311947277074,4655.34
1696,4.37,5.35,1.1,81.99,75.49,358.2963,0.01457146448914234,9073.599999999999
1078,1.87,4.59,2.14,78.15,84.81,146.14050000000003,0.02523287050667722,4948.0199999999995
581,4.08,7.95,3.14,83.92,76.59,342.3936,0.040997513905534154,4618.95
818,2.85,6.52,1.05,73.77,85.68,210.2445,0.012254900530473794,5333.36
466,3.69,7.21,1.42,86.01,92.52,317.37690000000003,0.015348031198872547,3359.86
494,3.22,5.42,1.68,76.83,75.78,247.39260000000002,0.022169434920898002,2677.48
1439,5.32,4.72,1.74,76.0,83.43,404.32000000000005,0.020855804763777443,6792.08
665,3.02,7.93,2.79,76.95,76.4,232.389,0.036518319827445044,5273.45
370,1.9,16.51,3.55,82.65,76.13,157.035,0.04663075704311611,6108.700000000001
698,3.47,5.28,2.03,73.45,65.58,254.87150000000003,0.03095455459674373,3685.44
534,2.43,5.26,3.84,76.45,75.78,185.7735,0.05067299410490972,2808.8399999999997
458,2.78,13.36,1.58,77.44,89.07,215.28319999999997,0.01773885508713876,6118.88
1243,1.84,3.98,2.61,77.5,83.33,142.6,0.03132124909141376,4947.14
890,3.28,4.78,3.18,77.29,69.71,253.5112,0.0456175519125589,4254.2
1546,1.98,1.62,1.43,77.14,82.5,152.7372,0.017333331232323487,2504.52
604,4.5,9.27,1.82,75.87,79.84,341.415,0.02279558832720587,5599.08
504,2.97,7.9,1.81,78.32,76.38,232.6104,0.023697299856336757,3981.6000000000004
519,4.01,8.67,2.54,77.25,65.82,309.7725,0.038590088333319915,4499.73
859,3.33,4.48,2.43,76.32,92.82,254.14559999999997,0.026179699829810405,3848.32
419,2.55,9.35,2.91,77.78,80.44,198.339,0.03617602732769427,3917.6499999999996
645,3.89,11.87,3.21,76.08,77.65,295.95120000000003,0.041339337882892735,7656.15
886,1.96,8.71,2.9,76.41,73.42,149.7636,0.03949876879613609,7717.06
558,4.06,9.61,3.12,77.41,81.08,314.28459999999995,0.038480508327515005,5362.38
518,2.28,9.47,2.01,77.49,77.15,176.67719999999997,0.02605313985053274,4905.46
807,3.23,7.09,2.83,76.84,77.08,248.19320000000002,0.03671509643031961,5721.63
1529,3.81,1.24,1.23,76.71,66.36,292.26509999999996,0.018535259413010936,1895.96
1963,4.58,6.18,2.02,76.87,80.69,352.06460000000004,0.025034077948435006,12131.34
953,2.86,5.1,1.59,77.12,76.54,220.5632,0.020773449075849347,4860.299999999999
489,2.27,5.67,2.09,77.05,80.35,174.9035,0.026011197758407247,2772.63
749,4.97,6.52,1.56,75.6,72.61,375.73199999999997,0.021484641029521964,4883.48
563,3.23,1.57,2.83,76.67,71.91,247.6441,0.03935474351901773,883.9100000000001
790,3.73,9.26,2.21,85.16,83.73,317.6468,0.026394359680597192,7315.4
637,3.28,7.22,4.44,76.32,75.21,250.32959999999997,0.059034694982755626,4599.139999999999
944,2.76,7.53,1.33,83.43,74.24,230.2668,0.017914868276553305,7108.320000000001
421,4.79,6.05,2.24,76.37,80.97,365.81230000000005,0.02766456370698238,2547.0499999999997
689,2.84,3.52,3.04,85.32,74.87,242.30879999999996,0.04060370767948341,2425.28
1163,2.63,7.78,4.6,74.91,78.7,197.0133,0.05844980197588284,9048.14
570,2.91,7.42,3.27,75.41,75.15,219.4431,0.0435129682617474,4229.4
505,2.24,7.02,2.19,79.35,83.06,177.744,0.02636647888677114,3545.1
731,2.41,5.12,2.17,76.43,73.88,184.19630000000004,0.02937195054521514,3742.7200000000003
1014,5.21,6.86,1.77,74.32,80.11,387.20719999999994,0.0220946171396059,6956.04
459,2.94,4.68,1.01,75.14,74.34,220.9116,0.01358622362305305,2148.12
537,2.08,7.8,2.79,81.19,87.06,168.8752,0.032046860550555875,4188.599999999999
548,2.29,5.54,1.34,78.89,75.6,180.6581,0.017724865380308815,3035.92
594,3.84,5.02,1.52,74.66,87.81,286.6944,0.01731009938388573,2981.8799999999997
616,2.03,5.7,3.61,76.5,82.17,155.295,0.04393330364691449,3511.2000000000003
713,3.55,8.33,5.21,77.49,82.48,275.0895,0.06316682066357654,5939.29
487,2.76,6.25,2.11,76.82,75.56,212.02319999999997,0.02792482425558175,3043.75
1205,4.69,4.86,3.09,76.79,85.37,360.14510000000007,0.036195380555771275,5856.3
738,3.75,6.79,2.12,76.84,87.73,288.15000000000003,0.02416504910919308,5011.02
765,4.84,8.27,2.68,78.43,77.67,379.6012,0.034504952426296844,6326.549999999999
1381,3.53,3.78,1.57,77.89,80.42,274.95169999999996,0.019522504411526434,5220.179999999999
780,2.59,5.26,2.11,74.99,75.53,194.22409999999996,0.027935915803532923,4102.8
895,2.99,4.99,2.3,74.71,72.21,223.3829,0.03185153969650468,4466.05
733,3.14,7.62,0.89,75.46,65.99,236.9444,0.013486889909548432,5585.46
737,3.5,7.67,3.19,80.92,85.22,283.22,0.037432523183228913,5652.79
778,2.08,7.36,5.23,72.85,76.84,151.528,0.06806349973145501,5726.08
739,4.43,7.66,3.21,77.03,79.57,341.24289999999996,0.04034183230591526,5660.74
1232,2.11,7.39,2.03,76.54,79.79,161.4994,0.025441781496204845,9104.48
741,2.42,8.58,1.99,76.32,86.82,184.69439999999997,0.022920983307880293,6357.78
927,5.05,11.48,1.7,73.97,78.79,373.5485,0.021576339436941306,10641.960000000001
1094,0.56,6.29,5.84,75.17,75.73,42.095200000000006,0.07711606006654428,6881.26
619,4.2,6.03,2.23,78.42,83.75,329.36400000000003,0.026626862492314926,3732.57
1381,2.2,7.44,2.24,82.82,80.4,182.204,0.027860693052152604,10274.640000000001
417,4.35,5.71,2.0,76.28,91.57,331.818,0.021841211986326093,2381.07
568,3.51,5.57,1.37,76.64,79.85,269.0064,0.017157167544499995,3163.76
809,3.76,6.79,1.91,74.12,78.13,278.6912,0.024446432299189517,5493.11
863,5.52,6.93,5.54,77.63,68.76,428.51759999999996,0.08057008717712519,5980.59
845,4.27,5.34,3.44,73.93,86.36,315.6811,0.03983325152463507,4512.3
1137,4.15,9.12,2.97,75.83,84.29,314.6945,0.03523549231990837,10369.439999999999
1877,5.21,8.08,2.17,77.5,86.51,403.775,0.02508380244089672,15166.16
975,4.04,6.44,0.73,77.17,84.62,311.7668,0.008626801154951411,6279.0
1255,2.94,5.15,0.88,76.3,66.91,224.32199999999997,0.013151993251831827,6463.25
516,2.71,3.66,2.15,78.07,77.21,211.56969999999998,0.027846130313932092,1888.5600000000002
1488,2.78,6.34,1.45,80.27,86.91,223.15059999999997,0.016683923980678406,9433.92
1138,3.91,2.92,3.03,75.82,83.43,296.45619999999997,0.036317866916233135,3322.96
934,3.29,10.36,2.33,75.72,73.35,249.1188,0.03176550350845215,9676.24
524,2.3,9.02,2.23,77.83,69.06,179.009,0.03229075698077657,4726.48
651,2.46,4.64,1.64,82.96,85.25,204.08159999999998,0.01923753440028922,3020.64
1047,3.29,5.39,1.46,77.77,81.13,255.86329999999998,0.017995806976974366,5643.33
714,2.9,12.26,3.59,78.79,78.76,228.491,0.045581507671215375,8753.64
863,3.01,9.36,1.78,83.53,80.99,251.4253,0.021978019264351247,8077.679999999999
1764,3.0,8.41,2.88,87.71,74.53,263.13,0.0386421523356833,14835.24
581,1.96,7.0,1.85,75.25,74.64,147.49,0.024785634407069344,4067.0
1002,4.15,5.65,1.31,75.42,80.97,312.99300000000005,0.01617882966792273,5661.3
750,4.39,5.0,2.31,75.14,79.66,329.8646,0.028998238890504784,3750.0
871,4.02,9.16,2.62,75.71,66.24,304.35419999999993,0.039553134125432654,7978.36
825,3.95,7.75,2.48,85.44,74.03,337.488,0.03349992793463083,6393.75
785,5.9,7.06,5.51,75.68,81.12,446.51200000000006,0.06792405474308989,5542.099999999999
575,4.24,7.5,1.4,77.87,82.43,330.16880000000003,0.016984105667341296,4312.5
424,3.55,6.08,3.0,75.42,71.67,267.741,0.04185851236800441,2577.92
808,3.44,0.71,3.34,76.22,71.55,262.1968,0.04668063638286004,573.68
687,2.79,3.6,3.21,77.21,81.03,215.4159,0.03961495253425243,2473.2000000000003
728,2.53,4.05,3.87,85.93,78.26,217.4029,0.049450543131798724,2948.4
556,2.29,10.1,3.23,76.83,92.5,175.9407,0.034918915143901066,5615.599999999999
703,2.3,5.92,2.33,76.39,69.26,175.69699999999997,0.0336413465721417,4161.76
405,2.01,9.19,1.94,74.02,75.48,148.78019999999998,0.025702169355833415,3721.95
592,1.98,5.71,2.85,77.03,82.18,152.5194,0.034679966575813265,3380.32
630,5.46,6.91,0.96,77.11,79.17,421.0206,0.012125803697637525,4353.3
814,3.73,7.45,5.21,78.12,71.18,291.3876,0.0731947073342642,6064.3
617,2.9,3.38,0.2,77.67,80.61,225.243,0.002481081443855422,2085.46
786,2.13,10.14,2.04,75.9,83.26,161.667,0.02450155843123247,7970.040000000001
753,0.48,4.92,1.46,76.0,78.07,36.48,0.018701163225161622,3704.7599999999998
770,3.9,8.95,2.88,76.63,67.74,298.85699999999997,0.04251549416659372,6891.499999999999
1661,3.53,4.28,2.77,75.4,73.59,266.162,0.03764097871436625,7109.080000000001
516,1.97,6.41,2.01,75.82,84.04,149.3654,0.023917179448217574,3307.56
514,3.02,9.72,1.52,76.64,79.66,231.4528,0.01908109225695553,4996.08
344,2.28,13.24,2.01,75.63,84.13,172.43639999999996,0.02389159349915684,4554.56
603,3.45,4.72,3.44,77.73,75.96,268.16850000000005,0.04528698719233976,2846.16
1045,2.78,12.08,1.72,76.03,74.93,211.36339999999998,0.022954754710429102,12623.6
1060,2.21,6.88,1.62,76.84,70.77,169.81640000000002,0.02289105229743503,7292.8
594,4.04,6.67,1.55,74.1,77.34,299.364,0.02004137315213691,3961.98
850,2.66,4.49,1.64,77.7,87.96,206.68200000000002,0.01864483644328826,3816.5
843,3.79,5.46,2.61,77.35,79.96,293.1565,0.03264131657812449,4602.78
966,3.06,12.69,2.9,77.9,89.19,238.37400000000002,0.03251485227998068,12258.539999999999
424,2.34,10.3,3.46,76.59,89.04,179.2206,0.03885893543812494,4367.200000000001
488,2.31,7.94,3.07,84.63,88.25,195.4953,0.03478753146883496,3874.7200000000003
496,2.0,10.87,1.42,74.48,78.37,148.96,0.018119175944982014,5391.5199999999995
535,4.41,5.6,2.9,76.48,69.49,337.27680000000004,0.04173261739349297,2996.0
1239,3.29,8.45,1.55,76.12,75.86,250.43480000000002,0.020432372734989095,10469.55
1108,4.53,5.06,3.1,76.18,82.7,345.09540000000004,0.03748488059433124,5606.48
517,4.27,5.65,2.75,78.65,90.67,335.83549999999997,0.03032976394289578,2921.05
591,2.01,6.78,2.72,80.14,67.12,161.08139999999997,0.04052442781221278,4006.98
725,2.68,6.85,1.54,76.39,73.68,204.7252,0.020901191517210704,4966.25
738,2.82,5.64,1.69,77.06,78.2,217.3092,0.021611250433343932,4162.32
706,5.02,9.4,1.17,77.06,80.11,386.84119999999996,0.014604916414315763,6636.400000000001
919,4.39,7.03,2.43,75.13,83.69,329.82069999999993,0.02903572361862545,6460.570000000001
810,2.67,7.86,1.78,82.6,75.01,220.54199999999997,0.023730166147158224,6366.6
934,1.4,5.88,1.33,75.6,83.95,105.83999999999999,0.015842761662565614,5491.92
876,2.94,3.64,3.74,77.66,68.54,228.32039999999998,0.054566668432058874,3188.6400000000003
1377,3.27,6.83,2.8,82.47,71.32,269.6769,0.03925966920083158,9404.91
712,3.27,6.76,3.38,76.8,76.5,251.136,0.044183000760392055,4813.12
850,4.41,5.08,2.97,75.56,83.31,333.2196,0.03564997771576309,4318.0
850,3.74,5.13,1.08,80.5,73.9,301.07,0.01461434173012967,4360.5
447,4.67,4.98,1.31,77.34,74.95,361.1778,0.017478316547255963,2226.0600000000004
486,3.08,6.64,1.99,74.17,78.46,228.4436,0.025363239183884886,3227.04
572,4.64,7.87,1.65,74.65,85.79,346.376,0.019233008598553605,4501.64
827,2.49,1.84,3.26,75.2,66.65,187.24800000000002,0.04891222071834647,1521.68
563,5.2,14.23,1.22,78.4,85.02,407.68000000000006,0.014349563120493633,8011.490000000001
931,3.73,6.58,2.68,83.15,83.74,310.14950000000005,0.032003817529995524,6125.9800000000005
866,4.78,4.94,1.23,76.11,81.97,363.80580000000003,0.015005487982739053,4278.04
727,1.83,5.54,2.77,77.01,79.23,140.9283,0.03496150006796667,4027.58
448,2.75,7.94,3.02,76.52,82.9,210.42999999999998,0.036429428657487495,3557.1200000000003
1409,5.23,4.76,2.57,76.2,79.34,398.52600000000007,0.03239223186384776,6706.84
803,1.66,5.46,1.66,75.02,77.09,124.5332,0.021533270004764557,4384.38
993,2.16,6.49,1.13,83.09,79.61,179.47440000000003,0.014194194925989834,6444.570000000001
659,3.36,6.9,2.55,77.96,92.54,261.94559999999996,0.027555648632413155,4547.1
793,3.26,2.89,1.85,76.15,69.04,248.249,0.02679605637368824,2291.77
963,2.59,6.77,2.28,76.74,72.82,198.75659999999996,0.03131007534879492,6519.509999999999
418,2.54,2.95,2.6,78.01,76.49,198.14540000000002,0.03399136697720395,1233.1000000000001
483,5.36,3.75,0.73,77.37,79.51,414.70320000000004,0.009181233910044785,1811.25
872,4.04,7.63,1.14,77.31,81.53,312.3324,0.013982581383223181,6653.36
780,4.72,6.54,1.3,87.79,79.39,414.3688,0.016374856231911296,5101.2
489,2.33,4.97,2.98,86.21,76.85,200.86929999999998,0.03877683295031452,2430.33
997,1.74,7.18,1.4,77.31,76.91,134.5194,0.018203092159265095,7158.46
764,2.91,8.57,2.41,77.37,81.51,225.14670000000004,0.029566920676368458,6547.4800000000005
935,2.81,4.57,6.32,74.14,76.34,208.3334,0.0827875186288291,4272.95
678,3.84,10.74,5.92,79.66,80.7,305.89439999999996,0.0733581073905691,7281.72
1130,3.86,6.49,2.09,75.96,70.89,293.20559999999995,0.029482292356849713,7333.7
652,2.26,3.09,2.5,75.88,75.57,171.48879999999997,0.033081906433517744,2014.6799999999998
1312,2.38,4.04,2.82,79.22,78.23,188.5436,0.03604754748209798,5300.4800000000005
543,2.65,5.95,2.1,81.48,88.09,215.922,0.02383925260083408,3230.85
666,1.66,6.67,3.15,74.72,71.68,124.03519999999999,0.04394530636923739,4442.22
441,1.8,4.39,1.48,76.89,69.61,138.40200000000002,0.02126130997539003,1935.9899999999998
476,3.34,9.3,5.65,77.33,79.59,258.2822,0.07098880877135208,4426.8
1571,4.74,10.94,4.53,75.92,81.27,359.86080000000004,0.05574011864893336,17186.739999999998
388,2.85,6.26,2.04,75.56,74.97,215.346,0.02721088072417224,2428.88
489,2.66,9.23,1.44,75.42,72.28,200.61720000000003,0.019922520763347985,4513.47
1052,4.93,9.25,1.33,76.43,69.91,376.79990000000004,0.019024457298747348,9731.0
741,3.49,9.18,3.59,75.1,80.28,262.099,0.04471847973113107,6802.38
976,2.85,3.18,1.13,76.3,73.25,217.455,0.015426619054386475,3103.6800000000003
987,0.75,4.8,2.41,77.96,68.75,58.47,0.03505454035570322,4737.599999999999
461,2.59,5.31,1.74,75.77,73.71,196.24429999999998,0.023606020403470304,2447.91
624,3.42,5.55,1.26,77.31,78.95,264.4002,0.015959465996267765,3463.2
785,2.34,1.95,1.6,76.21,73.71,178.33139999999997,0.02170668542847844,1530.75
601,2.03,6.37,2.57,78.13,83.49,158.60389999999998,0.030782125909435153,3828.37
295,2.42,9.98,1.74,87.99,73.42,212.93579999999997,0.023699261277681655,2944.1
730,2.46,5.74,3.16,76.4,72.33,187.94400000000002,0.043688643206326115,4190.2
593,2.36,6.14,1.21,77.35,74.51,182.54599999999996,0.016239428769369374,3641.02
903,3.84,3.89,3.2,77.65,86.35,298.176,0.037058478626696166,3512.67
961,2.77,4.41,2.29,76.45,77.15,211.7665,0.029682432964039794,4238.01
861,4.08,6.0,2.27,79.53,89.49,324.4824,0.02536595984289196,5166.0
731,3.38,6.91,2.8,75.24,78.44,254.31119999999999,0.035696068881174284,5051.21
789,2.82,6.51,1.52,80.43,74.06,226.8126,0.02052389676966017,5136.389999999999
803,2.87,3.54,2.8,77.14,84.63,221.39180000000002,0.03308519046612425,2842.62
774,5.27,5.48,2.63,78.12,78.38,411.69239999999996,0.03355447390221052,4241.52
534,2.3,10.11,2.14,84.17,75.93,193.59099999999998,0.028183849837501666,5398.74
1057,3.04,7.14,1.15,80.92,86.94,245.9968,0.013227511706060305,7546.98
808,4.24,6.73,2.46,76.79,84.54,325.5896,0.02909864808390725,5437.84
952,2.82,11.46,6.13,75.13,72.95,211.86659999999998,0.08403014612335213,10909.92
747,2.3,6.49,2.25,73.69,82.89,169.487,0.027144404977149837,4848.03
558,1.98,5.75,2.88,76.68,81.3,151.8264,0.03542434988630382,3208.5
457,2.35,8.28,1.89,77.95,79.44,183.1825,0.02379153779059192,3783.9599999999996
795,5.62,5.19,1.71,78.03,79.75,438.52860000000004,0.021442003580939988,4126.05
791,4.26,4.63,1.6,77.5,75.24,330.15,0.021265281596852526,3662.33
617,2.26,7.88,1.67,85.7,73.5,193.682,0.02272108534407002,4861.96
981,3.87,10.71,2.15,76.81,83.7,297.2547,0.025686974230946923,10506.51
653,2.51,6.25,1.73,75.47,76.68,189.42969999999997,0.022561290745788894,4081.25
723,1.76,6.71,3.35,77.35,83.82,136.136,0.039966590316560455,4851.33
882,2.74,7.43,3.52,76.24,75.91,208.8976,0.04637069603863838,6553.259999999999
1294,3.75,5.76,2.53,76.45,72.89,286.6875,0.034709831978346546,7453.44
987,4.6,3.87,2.42,78.59,73.64,361.514,0.03286257022507194,3819.69
867,3.05,7.82,2.85,79.64,82.19,242.902,0.03467574708897103,6779.9400000000005
626,2.73,6.97,2.66,75.9,72.79,207.20700000000002,0.03654347622702621,4363.22
555,4.25,0.63,3.11,82.89,83.62,352.2825,0.03719205486820678,349.65
1112,4.38,8.45,1.99,75.59,72.14,331.0842,0.027585247077176727,9396.4
513,2.97,5.38,2.85,77.64,81.28,230.59080000000003,0.03506397206397981,2759.94
811,2.02,5.45,1.48,83.48,68.99,168.6296,0.021452381294045326,4419.95
572,3.1,4.17,2.71,77.48,87.97,240.18800000000002,0.030805953074235184,2385.24
576,5.37,6.01,0.95,76.48,71.17,410.6976,0.013348319046182514,3461.7599999999998
442,4.01,5.55,2.72,86.32,71.91,346.1432,0.03782505384160008,2453.1
807,4.33,6.13,3.76,76.69,79.57,332.0677,0.04725398425864217,4946.91
588,2.28,6.52,1.87,75.68,73.38,172.5504,0.02548377957430096,3833.7599999999998
1220,2.88,12.18,1.64,84.86,75.92,244.39679999999998,0.02160168313992582,14859.6
1205,1.97,5.14,4.93,76.56,82.63,150.8232,0.059663553229631704,6193.7
630,3.68,8.18,3.21,78.04,76.13,287.1872,0.04216471270659231,5153.4
697,2.35,7.69,5.06,77.17,83.23,181.3495,0.060795378974482873,5359.93
659,1.7,6.3,5.2,77.76,81.52,132.192,0.06378801965308886,4151.7
508,4.75,7.07,2.46,76.24,92.5,362.14,0.026594591719503596,3591.56
912,4.49,7.03,3.46,77.01,76.38,345.77490000000006,0.04529981077509678,6411.360000000001
1292,2.14,5.15,2.26,86.09,85.21,184.23260000000002,0.026522705489648458,6653.8
609,4.72,10.64,1.59,87.93,82.79,415.0296,0.01920521570174952,6479.76
1068,3.15,7.54,1.94,75.74,80.69,238.581,0.024042629316813814,8052.72
1040,3.0,7.4,2.86,83.1,81.73,249.29999999999998,0.03499326624332971,7696.0
476,2.28,1.44,2.67,84.97,81.91,193.7316,0.032596748553687147,685.4399999999999
759,4.54,6.51,1.54,75.48,78.06,342.67920000000004,0.01972841151314226,4941.09
995,2.78,12.4,1.19,77.13,74.14,214.42139999999998,0.016050712698851805,12338.0
753,3.58,10.78,1.55,84.76,82.64,303.4408,0.01875604806921006,8117.339999999999
632,4.53,5.91,2.96,78.35,83.09,354.9255,0.035624017857261055,3735.12
474,5.11,10.24,2.39,79.1,68.16,404.201,0.03506454884616361,4853.76
1092,3.66,13.79,1.56,74.98,83.73,274.4268,0.018631312715715668,15058.679999999998
441,4.79,5.97,1.44,76.42,67.99,366.0518,0.021179582118019985,2632.77
981,4.82,6.41,1.61,76.8,81.87,370.176,0.019665320671146857,6288.21
639,3.73,5.32,2.45,78.92,74.2,294.3716,0.0330188634745467,3399.48
554,4.35,8.54,1.03,86.23,91.28,375.1005,0.011283960201143712,4731.16
1543,3.87,5.96,2.29,76.28,78.58,295.2036,0.029142271679527657,9196.28
1069,1.68,4.98,3.2,72.77,72.21,122.25359999999999,0.04431518566470217,5323.620000000001
354,2.22,5.78,1.72,75.43,82.35,167.45460000000003,0.020886457694419224,2046.1200000000001
1137,4.13,4.54,1.71,75.12,64.64,310.2456,0.026454203828248167,5161.9800000000005
529,3.87,5.12,0.88,78.27,82.73,302.9049,0.01063701068088835,2708.48
1066,2.74,5.5,1.8,76.07,77.51,208.4318,0.02322280696390053,5863.0
656,4.9,4.29,1.3,77.45,79.16,379.50500000000005,0.016422433498934626,2814.2400000000002
1507,5.11,5.32,1.07,77.1,79.97,393.981,0.013380015833435559,8017.240000000001
616,5.43,8.03,0.4,77.11,71.92,418.7073,0.005561734488079187,4946.48
812,1.97,3.92,1.44,77.87,74.16,153.4039,0.019417473109833723,3183.04
725,4.7,8.62,2.66,76.27,78.42,358.469,0.03391991406275006,6249.499999999999
915,2.51,5.92,2.02,78.25,79.89,196.40749999999997,0.02528476338906454,5416.8
392,2.03,5.51,1.41,75.65,80.57,153.5695,0.017500308117126957,2159.92
609,2.41,12.1,2.5,77.76,80.54,187.40160000000003,0.031040472927679048,7368.9
1224,0.47,3.55,1.35,74.4,83.11,34.968,0.01624353071308739,4345.2
888,2.92,11.69,1.04,80.07,75.68,233.8044,0.013742070065794124,10380.72
549,2.53,8.06,2.91,76.57,73.81,193.72209999999995,0.03942554675172107,4424.9400000000005
825,3.04,3.96,3.3,77.36,78.88,235.1744,0.041835694493446436,3267.0
653,2.6,11.18,3.35,76.72,74.56,199.472,0.04493025148467657,7300.54
822,2.84,3.6,1.6,82.61,80.68,234.61239999999998,0.019831430362985823,2959.2000000000003
1111,3.07,7.69,1.46,85.83,71.82,263.49809999999997,0.020328596445475293,8543.59
543,3.08,4.02,1.55,77.02,75.82,237.2216,0.02044315214413715,2182.8599999999997
857,5.88,9.53,3.28,75.29,75.05,442.70520000000005,0.043704191378522134,8167.209999999999
815,3.92,8.94,1.5,76.8,82.46,301.056,0.01819063567904006,7286.099999999999
814,2.55,5.63,2.92,76.18,83.35,194.25900000000001,0.03503298919820166,4582.82
648,2.82,7.99,3.44,75.03,76.65,211.5846,0.04487931573655372,5177.52
698,2.77,8.17,1.59,76.66,73.18,212.3482,0.02172724491292089,5702.66
1045,2.77,6.13,2.23,84.67,84.28,234.5359,0.026459417838227594,6405.849999999999
746,3.17,4.56,4.43,77.7,70.68,246.309,0.06267684455619063,3401.7599999999998
899,3.69,5.72,2.84,75.59,74.36,278.9271,0.03819257151794358,5142.28
928,4.47,8.32,1.5,74.8,87.84,334.356,0.017076500788194355,7720.96
710,3.14,4.38,4.57,76.64,85.73,240.64960000000002,0.05330688751815146,3109.7999999999997
789,2.47,4.36,1.6,75.51,79.05,186.50970000000004,0.02024035164574932,3440.0400000000004
869,4.85,5.25,3.27,75.88,87.3,368.018,0.03745704038292779,4562.25
802,4.12,6.48,1.73,87.64,90.78,361.0768,0.019057058927400426,5196.96
694,2.64,10.0,3.04,74.84,77.58,197.57760000000002,0.03918535199982573,6940.0
739,2.03,7.05,1.7,76.92,89.69,156.14759999999998,0.018954173380067635,5209.95
504,3.42,4.8,1.93,76.94,78.06,263.1348,0.0247245676755614,2419.2
711,5.23,3.94,2.78,81.33,86.21,425.3559,0.032246835373293654,2801.34
517,3.08,8.02,2.36,77.94,82.26,240.05519999999999,0.028689517543214492,4146.34
1079,4.63,11.98,3.62,78.44,82.71,363.17719999999997,0.043767374710751455,12926.42
1138,2.81,4.9,1.43,76.52,67.38,215.0212,0.02122291166178218,5576.200000000001
1084,2.71,8.39,1.53,77.41,83.4,209.78109999999998,0.01834532154132835,9094.76
615,3.83,1.29,1.59,74.81,86.74,286.52230000000003,0.01833064118853572,793.35
712,4.88,3.45,2.1,76.6,74.06,373.80799999999994,0.028355383694925237,2456.4
982,3.04,7.72,2.43,82.6,87.99,251.10399999999998,0.02761677149485493,7581.04
1087,4.65,6.75,1.07,77.11,81.44,358.5615,0.013138505262953676,7337.25
829,3.14,6.32,2.23,75.45,80.04,236.913,0.027861065984374562,5239.280000000001
542,5.09,7.38,2.15,75.59,71.35,384.7531,0.03013314223782169,3999.96
792,2.72,9.32,1.5,82.53,85.01,224.48160000000001,0.017644980867547243,7381.4400000000005
410,3.58,6.12,3.31,76.18,72.01,272.7244,0.04596583169478798,2509.2
667,3.41,9.51,2.89,76.86,71.02,262.0926,0.04069275687232373,6343.17
679,3.78,5.97,4.44,76.83,78.02,290.4174,0.05690847770975677,4053.6299999999997
583,2.41,3.86,3.38,77.03,84.12,185.6423,0.04018068946972307,2250.38
598,2.05,5.2,1.53,74.77,73.29,153.27849999999998,0.020875969316964206,3109.6
1093,2.88,8.94,2.09,77.46,83.51,223.08479999999997,0.02502693988421268,9771.42
798,4.84,4.94,4.92,77.6,84.05,375.58399999999995,0.0585365784013589,3942.1200000000003
673,1.1,4.02,2.82,77.25,84.45,84.97500000000001,0.03339253601035689,2705.4599999999996
998,4.04,5.62,1.82,81.81,79.0,330.5124,0.023037971767345344,5608.76
743,2.38,5.29,3.18,79.07,81.93,188.18659999999997,0.038813616646696365,3930.47
665,4.41,5.65,1.2,75.86,76.41,334.5426,0.015704748631756492,3757.2500000000005
426,4.08,3.02,0.87,74.22,72.51,302.8176,0.011998343401138683,1286.52
626,4.04,6.3,2.76,78.6,83.52,317.544,0.03304597305484039,3943.7999999999997
552,2.08,7.07,1.99,84.03,77.44,174.7824,0.0256973107312357,3902.6400000000003
735,2.38,5.53,2.31,75.48,78.8,179.6424,0.02931471709204098,4064.55
895,2.98,8.53,2.71,79.68,83.62,237.4464,0.032408510833710734,7634.349999999999
544,2.13,13.67,2.88,76.76,77.12,163.4988,0.03734439349787428,7436.48
736,2.08,6.2,3.15,76.52,77.11,159.1616,0.04085072742177053,4563.2
785,4.05,3.73,2.37,86.09,86.18,348.6645,0.027500576989953934,2928.05
1137,3.66,6.35,6.19,77.29,85.36,282.88140000000004,0.07251639262928859,7219.95
504,4.28,9.72,2.77,76.44,88.3,327.1632,0.03137032487312289,4898.88
683,4.75,5.69,3.4,75.6,71.99,359.09999999999997,0.047228775214783275,3886.2700000000004
707,4.26,3.02,3.21,78.09,74.48,332.6634,0.04309881268812933,2135.14
599,3.82,8.74,2.83,77.48,78.46,295.9736,0.03606933009567549,5235.26
835,2.5,7.11,2.46,74.62,80.41,186.55,0.03059320599512424,5936.85
934,2.06,6.51,1.67,83.84,72.83,172.71040000000002,0.022930108069462024,6080.34
939,3.34,4.88,2.14,75.84,77.25,253.3056,0.02770226178611498,4582.32
714,3.1,6.75,2.91,77.37,73.5,239.847,0.03959183134805016,4819.5
1069,5.97,6.12,1.42,78.14,75.73,466.4958,0.018750822824399466,6542.28
579,2.33,6.24,2.33,75.56,80.69,176.0548,0.02887594139596711,3612.96
477,5.0,7.1,1.15,73.45,84.29,367.25,0.013643372447102566,3386.7
1355,2.97,5.76,1.33,81.99,83.19,243.5103,0.015987496575610462,7804.799999999999
723,2.58,5.88,1.16,78.16,79.93,201.65279999999998,0.014512696795609056,4251.24
893,2.35,4.81,1.71,76.62,81.59,180.05700000000002,0.020958448221785973,4295.33
365,2.24,4.91,1.56,75.43,64.66,168.96320000000003,0.02412619484593337,1792.15
919,3.17,5.56,2.23,85.17,75.3,269.9889,0.02961486990506376,5109.639999999999
524,2.82,6.75,3.38,78.34,81.58,220.9188,0.041431718382971515,3537.0
546,3.14,5.09,1.41,75.46,70.61,236.9444,0.019968840112046436,2779.14
583,3.14,14.92,2.83,76.71,76.82,240.86939999999998,0.036839359953220525,8698.36
777,4.83,14.95,2.97,73.81,74.75,356.5023,0.03973243615619583,11616.15
834,3.82,2.16,2.78,75.01,80.84,286.5382,0.034388912124083106,1801.44
657,3.44,5.6,3.19,77.05,81.35,265.05199999999996,0.03921327114772328,3679.2
616,2.97,6.41,2.95,74.68,79.41,221.79960000000003,0.03714896900277434,3948.56
1123,2.21,5.54,1.77,77.23,83.67,170.6783,0.02115453314753996,6221.42
591,4.4,6.01,0.99,75.37,79.65,331.62800000000004,0.012429376970574139,3551.91
899,2.46,5.81,1.67,78.59,69.05,193.3314,0.02418536941558734,5223.19
1192,1.91,14.23,2.56,76.33,76.16,145.7903,0.033613440964621724,16962.16
1221,2.22,6.99,1.6,85.02,81.45,188.7444,0.019643950933830454,8534.79
599,4.2,6.29,2.62,77.52,84.51,325.584,0.03100224458617387,3767.71
706,4.44,6.65,2.52,76.38,66.87,339.1272,0.037685054929706155,4694.900000000001
1226,3.3,4.34,2.88,76.06,78.33,250.998,0.036767517328288354,5320.84
598,3.26,3.26,1.16,75.54,79.72,246.2604,0.014550926423616854,1949.4799999999998
1474,3.79,6.65,3.06,73.95,83.48,280.2705,0.036655481953104696,9802.1
618,3.97,5.5,2.47,82.13,85.83,326.0561,0.028777813261352297,3399.0
1068,2.8,3.92,1.48,78.69,66.96,220.332,0.02210274460831174,4186.5599999999995
1211,5.48,6.38,1.09,76.07,71.23,416.8636,0.01530253891583056,7726.18
347,2.63,7.87,1.8,75.5,75.88,198.565,0.023721662661878935,2730.89
748,2.75,5.72,5.26,75.19,79.11,206.77249999999998,0.06648968948430166,4278.5599999999995
1222,2.71,9.17,1.14,74.78,81.21,202.6538,0.014037678360093786,11205.74
498,4.7,5.65,1.29,75.27,73.06,353.769,0.01765671808695345,2813.7000000000003
952,2.86,11.35,1.74,74.02,70.43,211.69719999999998,0.024705377721797848,10805.199999999999
1014,3.93,9.48,1.73,86.27,85.62,339.0411,0.020205557088816037,9612.720000000001
889,3.71,5.51,3.18,75.89,80.54,281.5519,0.03948348156400775,4898.389999999999
967,3.08,6.67,1.78,80.98,77.65,249.41840000000002,0.022923371162476346,6449.89
968,2.84,7.73,1.42,84.04,77.98,238.6736,0.018209795048756725,7482.64
1193,2.42,3.36,1.47,73.76,79.7,178.4992,0.018444163306880385,4008.48
836,3.33,7.9,1.7,75.29,76.58,250.71570000000003,0.022199004674979803,6604.400000000001
744,2.01,7.04,1.7,76.87,86.67,154.5087,0.01961462794339126,5237.76
618,5.34,8.67,1.74,75.55,76.96,403.43699999999995,0.022609144671368937,5358.06
377,3.99,6.4,1.7,74.82,76.69,298.5318,0.022167163624049597,2412.8
894,2.58,7.53,2.15,78.7,82.96,203.04600000000002,0.025916101022649345,6731.820000000001
800,2.43,6.26,1.84,77.69,75.91,188.7867,0.024239227474742792,5008.0
920,3.49,10.96,2.28,78.06,73.82,272.42940000000004,0.03088593458602891,10083.2
1192,2.36,5.99,1.46,75.56,73.93,178.3216,0.019748407987500608,7140.08
745,3.87,5.19,4.37,76.12,78.64,294.5844,0.05556967757252319,3866.55
673,2.34,6.79,2.02,75.01,77.22,175.5234,0.026159022771429324,4569.67
775,3.29,6.41,2.58,82.81,67.1,272.4449,0.038450068785384685,4967.75
700,2.48,8.75,0.83,77.37,86.56,191.8776,0.00958872347634895,6125.0
1487,2.15,16.13,3.13,82.85,79.94,178.12749999999997,0.03915436087636216,23985.309999999998
601,2.65,16.18,1.64,75.17,85.48,199.2005,0.01918577220568879,9724.18
895,2.76,7.12,1.52,80.5,74.75,222.17999999999998,0.020334445440207967,6372.400000000001
929,4.95,6.32,2.23,84.9,81.49,420.25500000000005,0.027365317540150015,5871.280000000001
806,2.22,6.58,3.82,78.59,80.96,174.46980000000002,0.04718378863836603,5303.4800000000005
838,5.6,4.66,2.79,75.62,74.29,423.472,0.037555520587492175,3905.08
1508,3.97,6.45,0.63,78.65,74.11,312.24050000000005,0.008500875927556885,9726.6
779,5.09,5.74,1.62,76.99,84.01,391.87909999999994,0.019283416345266473,4471.46
958,4.01,7.95,3.17,78.42,89.09,314.4642,0.03558199174071256,7616.1
1440,0.52,2.2,1.2,77.64,71.91,40.372800000000005,0.016687523753647092,3168.0000000000005
593,4.7,2.43,2.5,76.43,74.55,359.22100000000006,0.03353453607853305,1440.99
688,1.96,7.8,2.2,77.31,69.62,151.5276,0.031600110370567314,5366.4
764,3.12,10.38,2.48,74.89,66.24,233.6568,0.037439607874455334,7930.320000000001
717,2.21,5.69,1.86,75.08,70.18,165.9268,0.02650327351050534,4079.7300000000005
689,2.55,7.15,3.85,77.11,73.83,196.63049999999998,0.05214681672127635,4926.35
898,4.13,16.44,1.28,77.02,73.69,318.09259999999995,0.017370061423522674,14763.12
648,3.99,3.1,1.79,75.76,81.33,302.28240000000005,0.02200909602740735,2008.8
847,3.65,4.88,2.64,83.62,83.52,305.213,0.03160919161767342,4133.36
377,4.81,3.9,1.17,77.7,80.78,373.73699999999997,0.014483781321641331,1470.3
683,4.78,6.19,1.95,77.03,83.79,368.20340000000004,0.023272464104014307,4227.77
900,3.04,5.13,2.25,82.7,72.04,251.40800000000002,0.03123264419313656,4617.0
1358,2.79,8.35,2.92,83.64,77.05,233.3556,0.03789746425730509,11339.3
646,3.88,6.22,3.94,75.13,84.06,291.5044,0.04687127684138986,4018.12
822,4.16,5.79,2.83,81.53,80.6,339.1648,0.03511165817473224,4759.38
664,2.1,3.83,1.55,76.72,68.69,161.112,0.02256514448025266,2543.12
1041,4.39,5.12,2.24,82.3,84.33,361.29699999999997,0.02656231156619097,5329.92
734,5.45,6.84,1.06,81.06,70.14,441.77700000000004,0.015112629724461117,5020.5599999999995
963,4.15,5.82,2.88,74.43,79.11,308.88450000000006,0.03640500108646175,5604.66
498,5.33,6.42,2.45,81.07,86.13,432.1031,0.028445369970350638,3197.16
1093,5.37,9.82,1.83,76.65,71.4,411.61050000000006,0.025630248511169674,10733.26
574,2.45,8.33,4.19,76.34,72.69,187.03300000000002,0.05764203361644881,4781.42
1322,3.09,4.92,1.63,76.09,91.11,235.1181,0.017890460115194805,6504.24
817,2.2,5.18,2.92,75.6,85.79,166.32,0.034036597035016075,4232.0599999999995
958,2.38,18.75,3.12,74.79,79.29,178.0002,0.03934921940355411,17962.5
380,3.63,5.41,2.44,75.47,75.04,273.9561,0.03251598713806141,2055.8
917,2.78,16.57,2.68,75.79,81.85,210.6962,0.03274281823545287,15194.69
439,3.4,4.8,1.88,77.16,77.04,262.344,0.024402904412914792,2107.2
535,2.44,10.9,2.8,74.33,79.6,181.3652,0.035175874977905155,5831.5
782,2.42,6.86,4.34,82.06,79.05,198.5852,0.05490195383909502,5364.52
983,3.94,11.17,1.9,75.45,80.76,297.273,0.023526495353331428,10980.11
1108,3.42,4.79,2.19,83.09,76.23,284.1678,0.02872884314195944,5307.32
845,3.32,5.2,3.26,76.38,72.81,253.58159999999998,0.04477406334650963,4394.0
1036,2.71,5.27,2.64,82.56,78.88,223.73760000000001,0.03346855559475715,5459.719999999999
1436,3.48,10.05,2.65,77.81,79.38,270.7788,0.033383719654356304,14431.800000000001
1341,2.86,14.87,1.66,77.23,75.1,220.8778,0.02210385857471923,19940.67
760,4.78,4.61,1.99,75.07,77.33,358.83459999999997,0.025733864511332662,3503.6000000000004
821,5.23,6.57,6.6,77.57,84.2,405.6911,0.07838478879040513,5393.97
721,5.29,3.84,2.42,77.21,77.8,408.44089999999994,0.031105394459460867,2768.64
442,5.07,5.51,1.65,75.91,70.46,384.8637,0.02341753854420401,2435.42
531,5.05,7.92,1.45,77.27,81.98,390.21349999999995,0.017687238632930147,4205.5199999999995
440,2.91,13.21,2.06,75.14,86.16,218.65740000000002,0.02390900372458174,5812.400000000001
748,2.2,5.9,2.65,80.99,72.88,178.178,0.036361136613455455,4413.2
1388,2.99,4.28,1.46,77.89,82.12,232.89110000000002,0.017778858039593514,5940.64
684,2.91,6.15,3.43,83.52,82.13,243.0432,0.04176305348069482,4206.6
914,2.84,7.14,2.94,75.52,75.97,214.47679999999997,0.03869948154541509,6525.96
620,3.72,3.35,2.85,80.66,66.8,300.0552,0.042664664271756844,2077.0
919,2.92,4.97,3.71,80.97,80.95,236.4324,0.04583075406661469,4567.429999999999
710,4.34,5.46,1.67,77.19,83.98,335.0046,0.0198856847004424,3876.6
1097,2.4,7.16,2.17,76.06,85.31,182.544,0.025436639850352848,7854.52
570,2.71,4.44,2.15,81.83,76.24,221.7593,0.028200416028277015,2530.8
554,2.15,3.37,1.42,81.61,82.5,175.4615,0.01721211912580374,1866.98
899,4.33,0.93,1.75,75.65,79.44,327.5645,0.02202920165795548,836.07
867,3.42,3.67,1.37,84.99,78.46,290.6658,0.017461124463277536,3181.89
729,3.11,6.62,2.59,77.24,68.69,240.21639999999996,0.03770562851861573,4825.9800000000005
1398,3.97,6.21,1.44,77.4,81.81,307.278,0.017601758024476465,8681.58
624,3.49,5.82,3.96,75.4,84.81,263.146,0.04669260149833728,3631.6800000000003
983,2.72,5.62,2.15,83.75,78.21,227.8,0.02749008726632307,5524.46
655,1.93,7.04,1.56,76.32,79.66,147.2976,0.01958322626371752,4611.2
899,2.94,6.03,6.48,75.17,84.79,220.9998,0.07642409760300771,5420.97
480,2.81,6.91,1.74,73.69,81.78,207.06889999999999,0.021276593142994234,3316.8
822,2.83,8.84,2.86,78.22,77.93,221.36260000000001,0.03669959749780604,7266.48
407,3.51,4.73,2.23,77.34,70.85,271.4634,0.03147494262880132,1925.1100000000001
1762,4.39,7.02,2.12,77.14,69.89,338.64459999999997,0.030333376687168883,12369.24
934,3.38,4.98,3.04,76.48,73.02,258.5024,0.04163242376986801,4651.320000000001
764,2.91,5.88,2.68,78.38,77.83,228.0858,0.03443401844609811,4492.32
1016,3.89,3.06,2.54,74.89,73.02,291.32210000000003,0.034784985649823935,3108.96
1342,4.35,5.27,2.62,86.42,75.93,375.92699999999996,0.03450546101600671,7072.339999999999
675,3.53,6.84,2.7,84.06,89.32,296.73179999999996,0.030228388913077824,4617.0
900,3.2,6.32,2.68,80.71,78.9,258.272,0.03396704258972844,5688.0
589,5.06,4.78,3.28,74.44,79.2,376.66639999999995,0.04141413618508381,2815.42
1091,4.96,5.02,3.24,84.06,80.32,416.93760000000003,0.04033864039608561,5476.82
877,3.68,8.41,2.43,79.67,66.06,293.1856,0.03678473557603155,7375.57
1296,2.41,7.13,1.99,77.43,75.39,186.60630000000003,0.026396070248564763,9240.48
391,3.93,5.58,2.25,77.18,69.79,303.3174,0.03223957125095697,2181.78
800,2.4,6.63,1.44,75.52,76.61,181.248,0.01879649930864126,5304.0
603,3.96,4.79,1.69,76.98,79.13,304.8408,0.02135725750571749,2888.37
684,2.67,4.93,1.9,76.84,86.34,205.1628,0.022006020152186685,3372.12
535,3.69,13.82,1.61,85.47,68.72,315.3843,0.02342840171297996,7393.7
923,3.93,7.42,5.21,77.14,81.26,303.16020000000003,0.06411517793315555,6848.66
1303,2.89,10.73,1.4,78.11,65.69,225.7379,0.021312220838450167,13981.19
768,2.81,6.1,0.03,76.03,82.38,213.64430000000002,0.0003641660155175995,4684.799999999999
413,4.03,4.46,4.48,76.1,85.38,306.683,0.05247129860959258,1841.98
790,2.2,6.53,2.54,75.9,85.88,166.98000000000002,0.029576149327416243,5158.7
497,2.74,3.97,0.88,77.22,80.97,211.58280000000002,0.010868221456314504,1973.0900000000001
634,3.7,5.28,2.74,76.05,74.15,281.385,0.03695211908939729,3347.52
700,2.69,13.98,2.44,77.66,79.61,208.9054,0.03064941205257982,9786.0
458,4.01,10.24,2.56,76.67,77.63,307.44669999999996,0.032976937655940015,4689.92
485,3.8,5.07,2.32,76.53,82.76,290.81399999999996,0.02803286273165022,2458.9500000000003
653,3.28,8.19,2.46,76.18,74.57,249.87040000000002,0.03298913329903,5348.07
981,3.91,3.11,3.36,75.95,76.12,296.96450000000004,0.04414082446915075,3050.91
1753,2.77,12.4,2.86,78.87,67.16,218.46990000000002,0.04258486560677999,21737.2
519,3.98,3.98,1.64,76.7,81.59,305.266,0.020100500048964326,2065.62
384,2.87,11.42,3.07,84.29,83.88,241.91230000000002,0.03659990026229134,4385.28
595,4.41,7.79,6.53,86.92,71.69,383.3172,0.09108661025434367,4635.05
758,4.42,4.39,1.71,78.37,91.01,346.3954,0.018789141985590375,3327.62
539,5.44,7.83,1.86,75.65,74.26,411.53600000000006,0.025047128326538062,4220.37
665,1.79,4.88,1.98,75.21,74.84,134.6259,0.0264564368711335,3245.2
616,2.85,15.19,1.71,76.36,72.9,217.626,0.023456786905790544,9357.039999999999
899,0.06,4.78,1.52,72.63,80.99,4.357799999999999,0.018767746787535896,4297.22
1078,3.67,5.81,1.88,85.43,82.74,313.5281,0.022721776320790872,6263.179999999999
928,2.04,4.03,5.24,78.05,72.24,159.222,0.0725359810996704,3739.84
749,2.42,11.54,2.53,75.4,80.87,182.46800000000002,0.0312847741703012,8643.46
925,3.63,4.51,2.95,77.17,86.71,280.1271,0.03402144688946525,4171.75
493,2.7,6.41,2.39,76.79,71.23,207.33300000000003,0.033553273402600954,3160.13
663,3.18,7.62,1.36,75.23,79.34,239.23140000000004,0.017141414527172355,5052.06
920,3.48,0.23,1.13,78.18,79.65,272.06640000000004,0.014187066643180582,211.60000000000002
660,1.41,6.93,1.77,84.3,78.03,118.86299999999999,0.02268358033018322,4573.8
724,3.65,5.72,2.15,75.39,75.36,275.1735,0.028529720205716532,4141.28
620,3.74,7.57,1.75,77.82,85.0,291.0468,0.020588232871972603,4693.400000000001
752,3.56,5.13,1.99,76.77,74.18,273.3012,0.02682663429136771,3857.7599999999998
845,2.18,11.86,1.93,81.54,77.45,177.75720000000004,0.024919299558515226,10021.699999999999
710,3.64,4.56,1.62,77.91,71.72,283.5924,0.02258783845679888,3237.6
645,2.98,5.42,2.31,74.85,82.77,223.05299999999997,0.027908659187065463,3495.9
1307,4.48,7.18,1.31,73.99,73.55,331.47520000000003,0.01781101049476404,9384.26
968,5.07,10.74,2.97,80.47,80.64,407.98290000000003,0.03683035257560112,10396.32
502,3.0,5.44,2.89,77.37,77.37,232.11,0.03735297436306393,2730.88
1140,3.38,11.23,1.49,76.91,70.93,259.95579999999995,0.021006623289634384,12802.2
697,1.86,6.64,3.17,74.52,86.42,138.6072,0.03668131952310581,4628.08
715,2.69,6.95,1.54,76.72,69.12,206.3768,0.02228008936920003,4969.25
1422,2.84,4.97,1.52,77.21,74.41,219.27639999999997,0.020427359168477467,7067.339999999999
517,4.0,9.61,2.36,76.34,67.4,305.36,0.035014831600173345,4968.37
954,2.2,5.39,2.36,76.87,78.18,169.11400000000003,0.03018674466785051,5142.0599999999995
839,2.58,7.25,3.86,78.7,73.72,203.04600000000002,0.05236027504608314,6082.75
1260,3.39,7.08,2.67,75.55,82.42,256.1145,0.032395045814723876,8920.8
1090,2.58,5.05,2.32,84.14,82.12,217.0812,0.02825133606291572,5504.5
1206,3.9,5.86,1.66,77.02,74.43,300.378,0.022302831881925042,7067.160000000001
804,5.64,7.24,1.49,77.45,72.68,436.818,0.02050082271590221,5820.96
797,2.34,5.7,1.99,77.2,81.13,180.648,0.024528531427519856,4542.900000000001
1367,5.07,8.0,3.55,76.44,88.52,387.55080000000004,0.04010392678446376,10936.0
577,5.69,7.17,4.13,74.33,83.54,422.9377,0.04943738934194525,4137.09
736,4.59,12.24,5.66,76.08,73.73,349.2072,0.07676657035581576,9008.64
1265,1.96,10.02,2.15,80.71,79.12,158.1916,0.027173909608959854,12675.3
810,3.72,10.78,2.73,79.4,75.69,295.36800000000005,0.03606816804489787,8731.8
660,2.76,6.43,2.43,76.0,73.04,209.76,0.03326943684701029,4243.8
633,2.47,5.55,1.77,74.77,79.18,184.6819,0.02235412700756163,3513.15
852,4.1,11.68,1.67,79.05,75.44,324.10499999999996,0.022136794520573367,9951.36
534,2.15,7.57,2.02,76.23,82.9,163.8945,0.024366703936465145,4042.38
577,3.07,6.19,4.31,75.99,83.88,233.28929999999997,0.051382921866604446,3571.63
835,2.47,6.09,1.99,76.51,80.27,188.97970000000004,0.024791326175242785,5085.15
631,2.57,6.31,0.77,77.15,74.81,198.2755,0.010292740236233092,3981.6099999999997
713,2.1,5.43,1.07,81.15,74.13,170.41500000000002,0.014434100305665682,3871.5899999999997
492,3.12,5.91,1.76,78.5,72.05,244.92000000000002,0.024427477525679732,2907.7200000000003
465,4.21,8.55,2.49,77.84,87.8,327.70640000000003,0.02835990565376929,3975.7500000000005
1006,3.44,4.93,2.31,76.85,74.75,264.364,0.030903005899263425,4959.58
687,2.93,5.92,0.84,76.26,71.3,223.44180000000003,0.011781204518765144,4067.04
1418,4.79,11.58,1.96,76.71,76.18,367.4409,0.02572853429659565,16420.44
1288,3.45,6.63,3.47,76.59,84.95,264.2355,0.04084755257827515,8539.44
1328,2.16,6.96,2.86,79.23,68.31,171.13680000000002,0.0418679487823234,9242.88
826,3.34,11.37,4.1,76.68,80.87,256.1112,0.0506986458886304,9391.619999999999
933,4.08,5.67,3.12,76.47,75.46,311.9976,0.04134640321409976,5290.11
383,4.57,7.6,2.82,76.19,71.39,348.1883,0.03950132518541459,2910.7999999999997
866,1.86,6.37,1.44,77.34,73.2,143.85240000000002,0.01967212846009174,5516.42
520,3.07,6.36,1.09,73.7,69.17,226.259,0.01575827443136122,3307.2000000000003
1758,2.57,17.7,1.67,81.21,86.36,208.70969999999997,0.019337654083180396,31116.6
508,2.54,7.14,2.9,74.91,90.74,190.2714,0.031959441044804825,3627.12
1165,4.19,4.41,2.75,76.61,86.6,320.9959,0.03175519263796852,5137.650000000001
709,3.39,7.47,2.94,77.58,76.03,262.9962,0.0386689413824883,5296.23
705,2.05,3.76,2.02,76.73,93.18,157.29649999999998,0.021678469448543736,2650.7999999999997
522,3.86,8.42,1.24,75.25,84.25,290.465,0.014718099143252327,4395.24
718,3.89,6.59,2.95,74.91,75.09,291.3999,0.03928618467356709,4731.62
446,4.02,6.39,1.73,76.08,79.4,305.84159999999997,0.021788410354104486,2849.94
810,3.15,4.76,1.96,78.17,77.71,246.2355,0.025221975907608298,3855.6
921,2.98,5.53,2.75,87.88,79.82,261.88239999999996,0.03445251384959736,5093.13
1311,3.19,6.36,2.2,77.81,85.44,248.2139,0.025749060656711068,8337.960000000001
597,2.14,4.54,2.38,72.85,81.84,155.899,0.029081130366430792,2710.38
1036,1.8,8.96,2.33,76.67,90.5,138.006,0.02574585350874547,9282.560000000001
557,4.85,8.17,2.45,75.71,70.73,367.1934999999999,0.03463876224533264,4550.69
779,2.15,4.57,2.42,76.25,75.85,163.9375,0.031905071601177115,3560.03
526,4.43,6.59,3.25,75.04,66.17,332.4272,0.04911590613330721,3466.34
915,4.16,12.78,1.65,81.5,84.49,339.04,0.01952893602450751,11693.699999999999
1188,2.28,4.92,1.8,82.7,84.7,188.55599999999998,0.02125147328790162,5844.96
1131,2.4,4.95,2.34,77.07,91.76,184.968,0.02550130498024139,5598.45
1182,5.83,6.5,2.08,75.72,78.26,441.4476,0.026578069693576577,7683.0
790,3.74,5.32,1.31,74.64,77.48,279.15360000000004,0.016907586873052802,4202.8
1111,3.04,6.2,0.84,75.52,74.72,229.58079999999998,0.011241968516867169,6888.2
660,2.43,3.53,1.39,77.6,84.57,188.568,0.016436086503950988,2329.7999999999997
836,3.12,6.79,1.76,76.9,88.93,239.92800000000003,0.019790844507945066,5676.44
507,3.07,14.89,1.63,82.37,86.3,252.8759,0.01888759920190044,7549.2300000000005
1447,1.84,5.19,1.06,76.67,90.45,141.0728,0.01171918057278269,7509.93
613,2.39,4.62,2.19,76.11,81.9,181.90290000000002,0.026739923474978815,2832.06
603,3.96,4.91,1.79,76.11,78.41,301.3956,0.022828717914970296,2960.73
1405,5.34,1.36,2.59,75.63,82.16,403.8642,0.0315238520540589,1910.8000000000002
772,3.76,5.27,1.32,77.27,91.35,290.5352,0.01444991631637479,4068.4399999999996
511,3.04,6.46,2.83,75.19,80.91,228.5776,0.0349771307654022,3301.06
1644,4.18,10.14,1.36,77.81,88.31,325.2458,0.015400292673503265,16670.16
1264,3.56,6.95,1.85,76.37,66.59,271.8772,0.027781945069538207,8784.800000000001
387,2.41,5.29,3.2,74.05,82.31,178.4605,0.03887740992863444,2047.23
635,2.76,6.63,2.02,76.36,68.4,210.75359999999998,0.029532159425122887,4210.05
1500,2.19,14.63,2.77,77.8,81.1,170.38199999999998,0.03415535953694704,21945.0
388,3.68,8.42,2.7,81.18,65.51,298.74240000000003,0.04121507537550368,3266.96
575,3.55,6.71,3.41,77.47,81.75,275.01849999999996,0.041712533123849156,3858.25
681,3.75,5.18,1.65,76.75,83.75,287.8125,0.019701490184896694,3527.58
690,4.33,4.1,1.74,78.87,82.97,341.50710000000004,0.020971432931007238,2828.9999999999995
410,2.98,7.52,2.96,77.68,83.96,231.48640000000003,0.03525487907874237,3083.2
940,5.44,5.04,1.53,83.43,77.66,453.85920000000004,0.019701259374033046,4737.6
810,2.29,4.0,2.41,76.12,83.76,174.31480000000002,0.028772680423509975,3240.0
1041,2.84,8.97,2.36,74.56,85.59,211.75039999999998,0.0275733114180031,9337.77
1043,2.75,5.12,1.31,74.46,73.35,204.765,0.017859574933936615,5340.16
439,4.51,5.6,1.43,82.35,72.79,371.39849999999996,0.019645553009265966,2458.3999999999996
602,4.68,6.77,2.1,77.12,74.42,360.9216,0.028218217116606138,4075.54
483,3.35,7.63,1.43,76.66,88.49,256.811,0.016160016254942223,3685.29
830,5.21,7.4,1.26,76.52,73.94,398.6692,0.017040841622823693,6142.0
478,5.04,4.68,1.45,76.8,77.59,387.072,0.018687972845988804,2237.04
1070,2.16,6.2,3.51,84.29,72.97,182.06640000000002,0.04810195311745195,6634.0
927,3.72,7.66,4.36,75.75,79.44,281.79,0.054884182416391945,7100.82
803,2.67,6.91,2.98,76.9,78.82,205.323,0.037807658232979165,5548.7300000000005
539,3.01,5.21,3.03,75.39,75.66,226.92389999999997,0.04004757599159715,2808.19
712,4.93,5.23,2.26,78.12,73.57,385.1316,0.030719038912730878,3723.76
538,2.21,5.26,1.54,85.5,86.8,188.95499999999998,0.01774193343986942,2829.88
889,4.27,2.78,2.91,74.49,90.71,318.0722999999999,0.032080252223541814,2471.4199999999996
537,3.37,5.57,0.75,77.65,72.06,261.68050000000005,0.010407991894533458,2991.09
921,1.98,6.69,2.43,75.16,79.48,148.8168,0.030573725393341043,6161.490000000001
461,2.35,6.27,1.35,75.73,73.44,177.96550000000002,0.018382350438133112,2890.47
970,4.35,3.74,1.17,84.51,87.99,367.6185,0.013296964053078298,3627.8
737,4.41,4.45,1.83,74.5,83.73,328.545,0.021855962993435687,3279.65
783,3.29,7.43,1.73,74.3,80.7,244.447,0.021437419896230495,5817.69
666,2.7,4.25,1.27,77.64,77.84,209.62800000000001,0.016315516917328247,2830.5
877,3.38,6.13,1.91,76.5,82.7,258.57,0.02309552320489441,5376.01
731,1.98,5.11,1.62,84.88,84.31,168.0624,0.01921480023546433,3735.4100000000003
806,2.87,14.67,2.35,76.28,76.28,218.92360000000002,0.030807547088680245,11824.02
1150,3.5,4.03,3.18,82.31,75.14,288.08500000000004,0.042320995166223695,4634.5
795,3.76,2.51,2.11,77.21,85.06,290.30959999999993,0.02480601636421157,1995.4499999999998
456,2.85,6.86,5.72,73.95,64.82,210.75750000000002,0.08824435540815251,3128.1600000000003
978,3.94,6.27,1.27,77.34,67.97,304.7196,0.018684711095378684,6132.0599999999995
819,3.35,10.15,1.29,74.69,70.12,250.2115,0.018397031032939097,8312.85
795,2.38,6.35,2.27,77.2,75.49,183.736,0.030070203991230098,5048.25
542,1.59,5.31,2.71,76.05,71.97,120.9195,0.03765457306453063,2878.02
943,3.32,6.36,2.37,77.36,77.72,256.8352,0.030494077393968425,5997.4800000000005
673,2.67,6.79,2.0,75.4,87.66,201.318,0.022815420623383455,4569.67
790,2.27,5.48,5.78,77.81,80.56,176.6287,0.07174775673438968,4329.200000000001
773,2.46,6.8,1.88,82.69,82.29,203.4174,0.022846029548422703,5256.4
851,2.85,4.73,4.6,78.11,87.86,222.61350000000002,0.052356014983380945,4025.2300000000005
861,4.25,4.39,2.34,85.9,82.91,365.07500000000005,0.02822337133960061,3779.7899999999995
915,2.96,10.92,2.68,76.9,79.66,227.62400000000002,0.03364297845305317,9991.8
639,2.4,15.29,1.77,78.15,68.16,187.56,0.025968306049250874,9770.31
1277,2.37,2.49,1.27,77.55,79.45,183.7935,0.01598489414916373,3179.7300000000005
668,2.58,3.86,1.9,75.98,78.92,196.0284,0.02407500962050055,2578.48
920,2.4,6.28,1.52,76.8,87.63,184.32,0.017345655900301734,5777.6
668,2.54,5.15,3.11,75.49,70.38,191.7446,0.04418868369015577,3440.2000000000003
463,3.7,10.1,2.88,81.75,90.63,302.475,0.031777553594002694,4676.3
987,3.59,8.29,1.6,77.13,82.19,276.89669999999995,0.01946708608503637,8182.23
394,2.07,3.96,0.77,77.66,94.07,160.75619999999998,0.008185392985500906,1560.24
404,2.94,4.71,3.46,77.2,87.82,226.96800000000002,0.039398765725487846,1902.84
1159,2.77,5.31,2.29,75.06,81.45,207.9162,0.02811540477404484,6154.29
617,4.87,4.59,1.96,80.01,70.53,389.6487,0.027789589140849405,2832.0299999999997
446,4.98,4.91,2.83,78.17,90.89,389.2866,0.031136535247383072,2189.86
753,1.04,6.42,2.65,76.16,71.92,79.2064,0.03684649098352461,4834.26
657,3.78,3.85,2.69,77.13,67.75,291.55139999999994,0.03970479118748469,2529.4500000000003
709,2.28,4.13,4.73,74.61,68.79,170.11079999999998,0.06875998418956474,2928.17
737,1.97,7.2,2.82,77.79,82.5,153.24630000000002,0.034181814038567994,5306.400000000001
698,2.54,4.87,1.58,75.33,88.59,191.3382,0.017834968073713955,3399.26
641,0.46,5.59,2.03,74.65,78.25,34.339000000000006,0.02594248869744553,3583.19
977,4.27,2.96,1.6,77.5,78.77,330.92499999999995,0.020312299058994662,2891.92
881,3.01,5.9,2.09,75.38,66.61,226.89379999999997,0.031376665459140446,5197.900000000001
811,3.96,3.68,1.65,75.93,82.17,300.68280000000004,0.020080318841387508,2984.48
565,2.88,6.24,1.08,76.51,78.17,220.3488,0.013816040192396035,3525.6
927,3.83,4.02,1.82,76.04,89.66,291.2332,0.020298904717945047,3726.5399999999995
1017,2.46,6.62,2.3,73.91,80.85,181.81859999999998,0.028447739214874555,6732.54
795,3.2,1.7,2.82,76.43,70.5,244.57600000000002,0.03999999432624193,1351.5
591,3.25,6.0,1.48,76.36,74.57,248.17,0.019847120846570893,3546.0
502,3.74,6.24,1.54,76.12,80.0,284.6888,0.0192499975937503,3132.48
718,2.66,7.78,6.15,87.33,74.01,232.2978,0.08309686757237297,5586.04
708,2.84,14.89,1.91,76.17,71.8,216.3228,0.026601667604224565,10542.12
843,2.44,6.37,1.74,82.93,89.95,202.34920000000002,0.01934407789393242,5369.91
516,3.89,5.99,1.86,76.85,77.26,298.9465,0.024074550339820044,3090.84
539,4.19,9.14,2.29,76.23,77.49,319.4037000000001,0.029552196470228873,4926.46
1352,2.99,7.59,3.01,73.83,73.48,220.7517,0.040963521915688354,10261.68
736,2.67,6.97,1.61,76.92,86.45,205.3764,0.018623479627127862,5129.92
688,1.91,5.67,1.14,78.19,71.21,149.3429,0.016008985253618137,3900.96
740,4.67,12.09,2.75,74.37,83.37,347.3079,0.032985482429473134,8946.6
841,3.68,3.16,4.45,85.3,80.82,313.904,0.055060621744540746,2657.56
542,4.74,4.77,2.06,75.2,80.16,356.44800000000004,0.025698599588498055,2585.3399999999997
1199,2.79,16.39,4.12,73.66,75.14,205.51139999999998,0.05483097486944705,19651.61
642,2.87,16.36,2.15,77.72,80.66,223.0564,0.026655092157811533,10503.119999999999
862,3.82,3.59,1.65,79.25,67.41,302.735,0.024477076920771855,3094.58
675,3.91,7.41,5.57,75.94,78.63,296.9254,0.07083809349636354,5001.75
881,1.64,3.78,1.32,83.81,82.76,137.4484,0.015949732243869957,3330.18
494,4.5,5.14,2.2,76.81,83.11,345.645,0.026470938939846117,2539.16
829,4.31,15.27,1.73,78.17,77.13,336.9127,0.022429661295259782,12658.83
906,3.12,4.84,1.96,86.67,71.67,270.41040000000004,0.02734756141376288,4385.04
1016,3.9,8.71,1.73,75.88,72.16,295.93199999999996,0.02397449778623922,8849.36
794,3.79,5.87,2.19,85.24,78.96,323.0596,0.027735558797421633,4660.78
758,3.74,5.59,1.65,76.47,70.95,285.9978,0.023255810675713785,4237.22
793,5.91,3.98,1.41,74.9,68.45,442.65900000000005,0.020598974346387966,3156.14
613,3.46,3.0,2.23,77.91,73.44,269.5686,0.03036491961261988,1839.0
642,4.17,18.67,2.07,76.18,74.59,317.67060000000004,0.027751705623849623,11986.140000000001
697,2.67,6.82,2.26,79.8,76.78,213.06599999999997,0.029434744798808955,4753.54
602,2.44,5.89,3.49,74.49,70.27,181.7556,0.04966556856900974,3545.7799999999997
917,3.38,16.66,2.63,78.12,85.53,264.0456,0.03074944104414345,15277.22
697,3.27,5.01,1.85,76.19,70.27,249.1413,0.026327020588157026,3491.97
727,2.41,11.69,1.83,75.78,67.77,182.62980000000002,0.02700309473172573,8498.63
667,3.28,5.89,3.01,76.3,74.82,250.26399999999998,0.040229879680582774,3928.6299999999997
946,2.93,5.44,1.38,74.9,69.75,219.45700000000002,0.019784943400008113,5146.240000000001
1349,5.38,5.31,1.91,75.56,88.6,406.5128,0.021557559643616293,7163.19
685,3.83,6.78,1.31,75.43,90.59,288.8969,0.014460755661689407,4644.3
825,3.24,6.32,2.44,77.04,78.61,249.60960000000003,0.031039304027565953,5214.0
1047,3.26,6.37,0.9,76.88,88.72,250.62879999999996,0.0101442729774264,6669.39
1068,4.17,5.85,3.17,75.74,82.71,315.83579999999995,0.038326678959414946,6247.799999999999
533,2.19,2.59,3.26,75.76,80.62,165.9144,0.04043661120855727,1380.47
754,3.3,6.57,3.64,74.73,64.2,246.609,0.05669781048320709,4953.780000000001
593,3.25,6.8,1.12,76.92,77.57,249.99,0.014438569751376855,4032.4
655,2.31,4.25,4.42,78.15,76.34,180.52650000000003,0.057898865876491235,2783.75
1010,5.11,10.21,3.17,75.1,71.3,383.76099999999997,0.0444600218148637,10312.1
642,4.07,4.66,1.4,77.62,68.61,315.9134,0.02040518577391258,2991.7200000000003
659,1.93,6.95,2.5,76.87,76.33,148.3591,0.03275251765327949,4580.05
844,2.12,4.12,3.39,76.47,79.48,162.1164,0.04265223419071034,3477.28
438,1.91,3.76,3.44,73.29,70.56,139.9839,0.04875282755770584,1646.8799999999999
2011,4.32,4.84,2.48,75.41,71.09,325.7712,0.034885351683028316,9733.24
530,4.14,3.92,1.34,76.56,84.98,316.9584,0.015768414242361233,2077.6
342,1.93,4.6,1.84,74.19,64.81,143.1867,0.0283906760699466,1573.1999999999998
864,4.47,6.94,1.78,74.29,84.56,332.0763,0.021050139421695906,5996.160000000001
700,2.36,6.13,1.49,74.82,76.0,176.57519999999997,0.019605260578255186,4291.0
926,3.61,12.24,1.57,74.77,88.46,269.9197,0.01774813274382402,11334.24
727,2.7,13.11,2.2,76.03,77.56,205.281,0.028365133011199972,9530.97
535,2.06,6.76,2.63,84.46,77.85,173.9876,0.033782911524353046,3616.6
1200,3.83,1.52,1.94,80.01,82.45,306.4383,0.023529408910926752,1824.0
1358,2.7,4.52,2.86,76.62,79.33,206.87400000000002,0.0360519304106983,6138.16
819,4.45,6.59,1.53,77.63,78.86,345.4535,0.019401468500955046,5397.21
742,4.53,6.27,2.68,76.85,85.67,348.1305,0.031282825810339,4652.339999999999
800,2.41,6.55,1.24,75.85,77.94,182.7985,0.01590967206701667,5240.0
673,1.94,7.02,1.44,83.11,80.36,161.2334,0.017919360637212462,4724.46
582,2.04,8.21,2.6,75.18,74.95,153.36720000000003,0.0346897885670729,4778.22
1079,3.49,10.4,3.17,76.96,78.36,268.5904,0.040454308262594656,11221.6
1324,2.7,4.15,2.25,81.29,78.73,219.48300000000003,0.028578683020616915,5494.6
1558,2.63,5.86,2.28,76.69,71.76,201.69469999999998,0.03177257082322034,9129.880000000001
522,3.93,4.06,1.49,77.71,92.72,305.4003,0.016069886101177083,2119.3199999999997
797,2.46,4.28,2.19,75.81,68.44,186.4926,0.0319988264174713,3411.1600000000003
532,4.83,7.77,2.44,74.37,71.56,359.2071,0.034097256274838415,4133.639999999999
1417,4.13,5.33,2.06,85.99,80.89,355.1387,0.02546668000164668,7552.61
525,3.97,5.56,1.55,76.86,84.5,305.1342,0.018343193095480107,2919.0
769,2.6,8.03,2.92,77.23,72.59,200.79800000000003,0.04022592089462448,6175.07
705,4.86,6.23,1.85,77.0,77.87,374.22,0.02375754157473461,4392.150000000001
1322,4.58,9.73,2.81,75.34,76.57,345.0572,0.03669844107373109,12863.060000000001
1263,2.76,11.11,2.31,78.03,72.8,215.3628,0.03173076487214768,14031.929999999998
751,1.71,5.37,1.04,78.57,69.22,134.35469999999998,0.015024557205351459,4032.87
1087,1.75,5.22,0.85,75.72,76.53,132.51,0.01110675406941669,5674.139999999999
649,2.54,4.06,1.84,74.88,75.81,190.1952,0.024271201125022936,2634.9399999999996
927,2.37,6.48,1.67,75.73,74.51,179.48010000000002,0.022413095904832113,6006.96
1424,4.18,4.71,1.84,77.22,75.9,322.77959999999996,0.02424242104842937,6707.04
729,5.09,15.03,2.12,83.39,76.34,424.4551,0.02777049675524014,10956.869999999999
853,4.89,4.11,3.57,77.34,71.1,378.19259999999997,0.05021096340211485,3505.8300000000004
1012,4.12,4.78,1.79,82.38,80.84,339.4056,0.02214250097198157,4837.360000000001
379,2.31,8.36,2.07,74.77,70.4,172.71869999999998,0.02940340491428907,3168.4399999999996
904,4.98,4.72,2.29,76.6,76.23,381.468,0.030040662463510105,4266.88
791,4.01,17.5,2.12,77.98,81.47,312.6998,0.026021845339162228,13842.5
1198,2.44,8.21,2.87,82.57,71.13,201.47079999999997,0.040348651715358966,9835.580000000002
704,4.48,6.12,2.85,76.97,77.14,344.8256,0.036945808018432974,4308.4800000000005
890,2.61,4.8,1.39,77.25,81.42,201.6225,0.01707197039155362,4272.0
1020,3.88,4.34,2.07,76.62,79.65,297.2856,0.02598869730210956,4426.8
897,2.87,4.13,1.76,78.64,69.28,225.6968,0.025404153376998646,3704.61
741,3.69,6.69,3.49,74.74,67.78,275.7906,0.051490107481542126,4957.29
578,2.65,7.02,4.44,76.79,77.49,203.4935,0.057297708440094415,4057.56
982,3.82,6.62,1.96,77.4,81.57,295.668,0.024028438883359215,6500.84
669,3.41,3.35,3.86,76.43,78.32,260.6263,0.049284978385472626,2241.15
1042,3.73,8.26,1.73,80.6,74.65,300.638,0.023174812702637278,8606.92
683,2.88,5.47,2.53,77.27,86.57,222.53759999999997,0.02922490132552832,3736.0099999999998
899,3.2,5.74,1.37,76.8,69.69,245.76,0.019658484767041934,5160.26
646,3.12,6.14,1.25,77.46,80.4,241.6752,0.015547261747853015,3966.4399999999996
1047,3.86,1.04,1.13,76.95,81.87,297.027,0.013802367924469532,1088.88
1008,2.33,6.9,2.7,75.75,85.2,176.4975,0.03169013712557076,6955.200000000001
776,3.32,5.67,1.32,77.87,72.76,258.5284,0.018141833680341713,4399.92
936,2.51,6.62,2.11,76.54,81.41,192.1154,0.025918188684659293,6196.32
631,5.24,9.96,2.49,81.78,94.46,428.52720000000005,0.02636036138467485,6284.76
811,2.74,5.65,4.93,81.41,85.43,223.0634,0.057708058327512766,4582.150000000001
701,2.54,7.6,2.77,77.35,86.64,196.469,0.031971372117801,5327.599999999999
664,2.1,5.8,2.44,77.72,75.66,163.21200000000002,0.03224953314174819,3851.2
1116,0.02,8.58,2.72,76.9,81.69,1.5380000000000003,0.03329660505611396,9575.28
954,3.16,3.5,3.37,75.56,79.95,238.76960000000003,0.04215133931815643,3339.0
930,3.28,8.67,3.16,75.81,66.58,248.6568,0.04746169308175232,8063.1
606,3.37,9.39,3.1,77.2,82.0,260.16400000000004,0.037804873438430066,5690.34
733,2.89,8.16,1.7,74.78,80.64,216.1142,0.021081346592094916,5981.28
844,4.06,5.94,1.28,76.69,77.28,311.36139999999995,0.01656314485466552,5013.360000000001
395,2.39,7.87,1.66,77.01,70.05,184.05390000000003,0.02369735564634466,3108.65
656,5.9,8.31,3.71,75.57,82.06,445.863,0.045210815840748736,5451.360000000001
660,4.42,5.63,2.38,77.11,67.93,340.8262,0.03503606138141301,3715.7999999999997
720,2.27,7.76,2.26,74.89,73.35,170.0003,0.030811175076867744,5587.2
1171,5.16,3.67,2.89,75.76,82.35,390.9216,0.03509410624236719,4297.57
1213,2.62,12.88,2.19,76.89,73.27,201.45180000000002,0.02988944590017116,15623.44
399,1.62,12.08,1.98,75.82,75.47,122.8284,0.026235586824488295,4819.92
737,3.06,13.12,4.27,76.73,83.05,234.7938,0.0514148041643824,9669.439999999999
647,4.27,4.45,2.51,77.1,77.83,329.2169999999999,0.03224977100735307,2879.15
436,4.25,7.44,2.34,77.81,82.4,330.6925,0.028398054806061303,3243.84
1483,3.35,9.97,2.35,76.63,79.73,256.71049999999997,0.029474472660921527,14785.51
457,2.34,5.73,1.71,77.51,78.6,181.3734,0.02175572242293608,2618.61
1036,2.16,6.13,2.16,76.0,77.32,164.16000000000003,0.02793584739577763,6350.68
732,2.8,6.6,2.64,78.35,76.02,219.37999999999997,0.03472769866775866,4831.2
564,0.11,8.62,1.57,78.81,76.21,8.6691,0.020600968297996552,4861.679999999999
580,3.75,7.36,1.86,77.45,81.04,290.4375,0.022951625993135983,4268.8
1083,4.87,4.98,2.5,81.91,81.06,398.9017,0.030841348280119876,5393.34
607,2.14,3.91,4.65,78.16,82.88,167.2624,0.05610520558576188,2373.37
506,5.01,5.36,1.01,80.57,77.42,403.65569999999997,0.013045722933903004,2712.1600000000003
899,4.45,4.76,1.25,84.76,80.69,377.182,0.015491384869081066,4279.24
608,2.39,6.02,1.99,72.87,75.29,174.15930000000003,0.026431129442006977,3660.16
902,3.98,8.0,1.54,77.19,76.55,307.2162,0.020117567587515664,7216.0
1025,2.42,5.2,2.05,75.43,80.66,182.5406,0.02541532042954123,5330.0
771,2.65,5.82,1.86,73.91,72.71,195.86149999999998,0.025581071987199566,4487.22
527,3.82,5.58,1.99,77.49,73.23,296.0118,0.0271746514850947,2940.66
522,4.72,10.45,3.37,76.96,70.66,363.2511999999999,0.04769317185208437,5454.9
1206,2.38,9.21,1.38,75.94,75.75,180.73719999999997,0.01821781937718556,11107.26
1694,4.73,13.2,0.64,76.25,81.03,360.6625,0.007898308293433506,22360.8
778,3.85,5.22,3.42,77.94,71.84,300.069,0.047605784019239414,4061.16
1112,4.7,7.67,1.43,75.61,68.39,355.367,0.020909486634085882,8529.039999999999
1219,2.24,5.57,1.25,80.78,80.87,180.9472,0.015456904234338537,6789.83
753,2.29,8.86,1.75,83.71,92.91,191.6959,0.018835430111351834,6671.58
887,4.05,5.81,1.84,77.8,82.25,315.09,0.022370817948836722,5153.469999999999
616,4.29,5.59,2.49,79.9,88.69,342.771,0.028075315359644228,3443.44
680,2.35,6.25,2.56,77.35,92.46,181.77249999999998,0.027687645718403018,4250.0
1245,4.61,4.42,1.07,76.67,71.27,353.44870000000003,0.015013327485151188,5502.9
1433,4.15,4.89,1.32,84.47,66.26,350.5505,0.019921518273239014,7007.37
1066,2.15,4.38,2.6,75.3,90.64,161.89499999999998,0.028684904160977034,4669.08
984,4.31,7.53,2.75,76.23,68.04,328.55129999999997,0.040417395588272245,7409.52
491,2.99,1.85,3.22,77.37,81.97,231.33630000000002,0.03928265959708923,908.35
641,2.84,5.88,2.99,76.59,75.48,217.5156,0.03961313730615563,3769.08
546,4.47,6.12,2.14,76.21,82.0,340.65869999999995,0.026097557792980758,3341.52
478,2.9,7.98,3.26,77.27,91.15,224.08299999999997,0.03576521823749662,3814.44
386,2.25,11.07,1.76,75.55,86.44,169.98749999999998,0.02036094165190402,4273.02
635,3.0,10.08,2.44,82.67,72.06,248.01,0.03386066696354885,6400.8
854,4.02,7.54,1.64,84.21,72.46,338.52419999999995,0.0226331738016597,6439.16
531,4.04,12.95,1.06,76.72,72.02,309.9488,0.014718131808090559,6876.45
893,4.17,5.0,3.42,75.01,82.72,312.7917,0.04134428900576777,4465.0
696,3.23,13.51,2.71,74.91,76.23,241.95929999999998,0.03555030361402287,9402.96
576,3.88,7.48,1.61,76.57,83.32,297.09159999999997,0.019323089375529363,4308.4800000000005
1001,5.14,15.17,2.37,83.48,74.95,429.0872,0.03162107650152415,15185.17
910,3.61,6.75,2.2,74.72,80.54,269.7392,0.027315616176357565,6142.5
629,2.89,4.56,5.27,78.06,76.13,225.5934,0.06922368721611884,2868.24
952,2.79,6.93,1.57,83.12,78.52,231.90480000000002,0.019994903210022515,6597.36
602,3.97,5.99,1.77,75.37,83.37,299.2189,0.021230655963697255,3605.98
554,4.33,6.1,1.49,77.89,79.27,337.26370000000003,0.01879651585763645,3379.3999999999996
464,3.93,2.56,5.94,76.52,76.27,300.7236,0.07788120127426233,1187.84
992,1.97,4.75,2.3,75.02,84.88,147.7894,0.027097075035688614,4712.0
738,2.77,8.3,1.2,76.08,79.28,210.7416,0.015136224125097865,6125.400000000001
668,5.01,4.77,4.58,76.62,90.76,383.8662,0.050462753364615094,3186.3599999999997
597,3.87,8.08,0.8,78.32,68.87,303.09839999999997,0.011616086595602352,4823.76
648,1.93,7.75,1.63,81.28,90.58,156.8704,0.017995140428887123,5022.0
850,4.32,4.73,1.92,74.82,79.0,323.2224,0.02430379439192476,4020.5000000000005
1326,3.79,9.64,1.48,76.52,82.89,290.01079999999996,0.01785498638496967,12782.640000000001
558,2.97,5.98,2.18,77.53,77.5,230.2641,0.028129028628512437,3336.84
587,3.94,8.1,1.06,78.2,75.67,308.108,0.014008191620431926,4754.7
1584,4.2,4.84,0.24,78.11,70.32,328.062,0.003412968797928214,7666.5599999999995
750,3.05,5.68,4.67,74.36,87.44,226.79799999999997,0.05340804512716776,4260.0
593,3.54,3.25,1.82,75.45,76.51,267.093,0.02378773705558266,1927.25
442,3.18,4.72,1.97,77.22,79.36,245.55960000000002,0.024823585581705446,2086.24
798,2.32,7.67,1.83,77.12,72.51,178.9184,0.025237894740326196,6120.66
936,3.71,8.36,0.98,77.4,79.74,287.154,0.012289940771264012,7824.959999999999
759,3.66,7.02,3.28,74.04,80.38,270.98640000000006,0.04080616561256959,5328.179999999999
516,2.78,6.91,1.86,76.67,73.67,213.1426,0.025247722920086476,3565.56
1029,2.4,7.25,2.31,76.98,80.01,184.752,0.02887138746764311,7460.25
800,3.5,18.01,3.15,78.59,77.63,275.065,0.040577091256332444,14408.000000000002
697,2.45,4.42,2.04,75.92,87.3,186.00400000000002,0.023367694917789814,3080.74
660,3.09,7.55,1.64,77.16,84.44,238.4244,0.019422072545941194,4983.0
1283,2.63,12.65,2.14,76.29,72.42,200.64270000000002,0.029549844027914385,16229.95
760,5.66,5.48,1.8,76.99,88.55,435.7634,0.020327496292772865,4164.8
919,3.47,5.9,3.11,77.43,72.51,268.68210000000005,0.04289062985924288,5422.1
792,2.09,4.07,2.91,76.34,79.14,159.5506,0.03677027586931061,3223.44
579,3.85,1.53,1.27,84.65,74.98,325.90250000000003,0.016937847834376123,885.87
583,4.12,9.35,3.28,73.63,68.66,303.3556,0.047771621355720745,5451.05
1005,4.04,0.78,2.8,77.17,82.61,311.7668,0.033894197567582905,783.9
1075,4.1,6.81,2.07,77.52,74.46,317.83199999999994,0.027800157426785196,7320.75
1683,3.27,13.84,2.11,74.2,70.8,242.63400000000001,0.0298022556776475,23292.72
916,4.08,4.95,1.64,77.16,76.38,314.8128,0.02147158661016148,4534.2
1326,4.57,2.02,2.38,76.29,71.69,348.6453000000001,0.03319848888290014,2678.52
704,1.83,7.46,2.55,80.38,74.37,147.09539999999998,0.03428801475218303,5251.84
771,3.39,6.03,3.4,77.11,77.72,261.4029,0.043746777695988455,4649.13
410,4.03,6.48,2.51,75.87,87.11,305.75610000000006,0.02881413972975092,2656.8
436,1.84,9.35,3.4,74.77,70.11,137.5768,0.04849521487730497,4076.6
924,3.59,6.93,3.31,74.34,77.59,266.8806,0.04266013111739514,6403.32
505,4.3,6.6,1.93,82.07,85.78,352.90099999999995,0.022499414490625494,3333.0
909,2.17,9.41,2.92,79.1,76.85,171.647,0.03799609134728805,8553.69
926,5.5,8.56,1.98,77.49,87.94,426.195,0.02251534881563011,7926.56
1180,4.24,7.64,1.46,82.92,71.31,351.5808,0.020473983946994255,9015.199999999999
929,2.41,5.61,1.74,78.12,73.72,188.2692,0.023602818285021934,5211.6900000000005
752,1.14,5.56,1.77,74.61,73.91,85.05539999999999,0.0239480416793341,4181.12
663,5.48,7.05,1.23,75.43,75.04,413.35640000000006,0.01639125581139981,4674.15
546,2.23,3.56,1.87,76.77,74.01,171.19709999999998,0.025266852416315034,1943.76
950,2.11,7.2,2.36,77.58,81.34,163.69379999999998,0.029014011677647934,6840.0
1061,1.93,4.81,3.07,73.42,84.51,141.7006,0.036327057587615945,5103.41
1362,1.92,6.75,2.22,79.96,70.36,153.52319999999997,0.03155201370778657,9193.5
859,2.5,7.29,1.4,77.65,67.01,194.125,0.020892401000984773,6262.11
464,2.05,7.2,1.99,79.93,73.19,163.8565,0.027189503048298532,3340.8
564,2.91,2.45,2.37,84.01,79.77,244.46910000000003,0.029710413725659558,1381.8000000000002
399,3.97,5.38,0.5,84.14,81.44,334.0358,0.0061394884406325585,2146.62
717,5.5,13.98,2.97,78.72,84.29,432.96,0.03523549231990837,10023.66
984,3.8,7.73,2.66,76.69,79.14,291.42199999999997,0.033611317461294234,7606.320000000001
699,4.85,5.54,1.46,76.5,80.74,371.025,0.018082732464363083,3872.46
824,4.32,5.09,2.49,75.22,73.28,324.9504,0.0339792530050146,4194.16
772,3.53,12.21,1.55,75.16,72.2,265.3148,0.02146814107089459,9426.12
585,5.18,4.23,2.47,75.29,84.14,390.0022,0.029355832023314474,2474.55
61,3.94,8.09,1.85,77.23,74.09,304.2862,0.024969628159046003,493.49
969,3.26,0.32,2.5,85.68,80.71,279.3168,0.030975092184971853,310.08
978,3.36,5.53,3.21,76.63,77.14,257.47679999999997,0.04161264692602451,5408.34
586,2.18,6.72,2.73,82.49,75.87,179.8282,0.03598259707623605,3937.92
791,1.83,4.68,1.72,88.66,67.45,162.2478,0.025500366864289564,3701.8799999999997
555,2.78,8.78,3.45,75.63,75.5,210.25139999999996,0.045695358186045275,4872.9
619,3.15,4.17,2.27,77.09,93.05,242.83350000000002,0.024395483675928677,2581.23
652,2.24,7.17,0.02,75.95,70.79,170.12800000000001,0.00028252574056706584,4674.84
1090,4.73,5.31,3.29,74.24,69.84,351.1552,0.047107667939910086,5787.9
967,2.48,4.64,1.4,77.15,85.54,191.33200000000002,0.01636661019796467,4486.88
707,3.89,3.7,2.57,75.0,90.59,291.75,0.02836957408438303,2615.9
775,2.98,5.29,2.32,76.33,81.51,227.4634,0.028462761812935607,4099.75
806,4.29,7.5,1.67,76.53,79.48,328.3137,0.02101157259542368,6045.0
1015,4.44,5.88,2.4,74.39,74.76,330.2916,0.03210272443783782,5968.2
1027,5.12,4.98,2.31,76.38,75.7,391.06559999999996,0.03051518751450627,5114.46
707,3.68,7.55,1.62,76.73,81.1,282.3664,0.019975336624496104,5337.849999999999
723,4.04,9.75,1.47,74.7,79.29,301.788,0.018539536065136072,7049.25
814,4.23,6.14,5.11,81.39,72.97,344.27970000000005,0.07002876935332748,4997.96
560,4.99,8.61,1.04,74.92,78.75,373.85080000000005,0.013206347529352694,4821.599999999999
554,5.02,7.1,2.67,84.21,84.38,422.73419999999993,0.031642565579217165,3933.3999999999996
608,5.34,7.21,1.65,74.94,72.48,400.1796,0.022764897521399347,4383.68
681,2.31,3.63,5.95,83.17,73.1,192.1227,0.08139533770241619,2472.0299999999997
398,2.31,6.26,1.67,75.87,81.61,175.2597,0.020463176024607763,2491.48
1309,2.23,6.85,1.63,79.62,72.85,177.5526,0.022374739550481873,8966.65
960,3.65,9.4,3.34,76.62,86.45,279.663,0.03863504469230252,9024.0
326,3.44,5.99,3.01,74.45,82.0,256.108,0.03670731259666919,1952.74
625,1.99,4.61,1.82,74.08,76.73,147.4192,0.023719532944150534,2881.25
952,3.78,6.64,2.41,76.03,71.32,287.3934,0.033791358133572896,6321.28
618,5.45,9.09,2.47,74.69,84.7,407.0605,0.029161743900620554,5617.62
711,2.78,3.42,2.04,77.53,89.78,215.5334,0.022722207315414644,2431.62
664,3.5,6.58,2.85,75.9,78.47,265.65000000000003,0.03631960796232854,4369.12
609,2.51,1.39,2.82,76.99,92.32,193.24489999999997,0.030545923901004777,846.51
1406,2.79,9.42,2.77,75.8,74.52,211.482,0.03717122421212772,13244.52
890,2.77,10.01,1.2,78.08,84.52,216.2816,0.014197821320655309,8908.9
1063,3.91,5.15,2.36,75.42,82.73,294.8922,0.02852652864420057,5474.450000000001
481,5.0,5.55,2.76,83.1,71.99,415.5,0.0383386528214123,2669.5499999999997
1352,2.25,4.5,5.1,83.82,71.65,188.59499999999997,0.07117933409918574,6084.0
1213,3.61,5.13,3.72,79.62,76.34,287.4282,0.04872936223089308,6222.69
1131,2.38,3.72,2.57,82.88,84.78,197.25439999999998,0.03031374966811162,4207.320000000001
653,5.06,4.68,2.24,77.67,84.82,393.0102,0.026408862720011472,3056.04
709,2.55,3.54,1.47,80.43,84.47,205.0965,0.017402626091792814,2509.86
889,5.24,1.31,2.44,76.45,68.99,400.598,0.035367439430723374,1164.5900000000001
628,2.58,7.92,3.7,75.57,81.07,194.9706,0.04563956511168557,4973.76
972,3.8,4.97,1.56,76.61,76.55,291.118,0.020378834699041844,4830.84
446,2.55,4.43,2.59,74.4,70.72,189.72,0.036623297988787044,1975.78
590,2.66,2.59,2.21,77.8,89.8,206.948,0.024610242248302643,1528.1
1316,4.14,5.18,1.86,77.32,88.05,320.10479999999995,0.02112435875930054,6816.879999999999
717,3.43,4.03,2.24,76.67,82.08,262.97810000000004,0.027290445018220637,2889.51
736,4.97,6.3,3.04,76.3,73.45,379.21099999999996,0.04138869416083129,4636.8
1453,3.49,10.67,2.01,77.71,86.48,271.2079,0.023242365490013236,15503.51
934,2.24,8.52,3.4,79.46,84.34,177.9904,0.04031301395387551,7957.679999999999
952,2.68,5.57,1.71,75.42,79.28,202.12560000000002,0.021569119378264456,5302.64
825,2.53,7.94,1.64,74.97,75.49,189.67409999999998,0.021724728874721305,6550.5
400,4.95,4.12,2.09,78.59,83.79,389.0205,0.02494330768071277,1648.0
670,1.96,7.15,1.71,78.37,75.9,153.6052,0.022529641300442514,4790.5
811,3.44,6.65,3.47,75.82,83.66,260.82079999999996,0.04147740360059723,5393.150000000001
702,2.28,4.66,2.63,76.07,69.67,173.43959999999996,0.037749384563027906,3271.32
1271,5.28,6.3,3.06,76.79,78.65,405.45120000000003,0.03890654305066204,8007.3
560,3.89,3.64,1.29,76.48,69.99,297.5072,0.01843120182437465,2038.4
612,4.76,9.15,1.14,75.47,67.55,359.2372,0.016876385362489213,5599.8
922,3.12,4.33,1.57,77.74,70.48,242.5488,0.022275819767902983,3992.26
872,3.6,4.47,2.16,77.08,81.07,277.488,0.02664363801114617,3897.8399999999997
607,4.02,4.4,1.47,81.12,82.06,326.1024,0.017913719484070254,2670.8
925,5.15,8.34,6.17,74.41,76.43,383.2115,0.08072745247580106,7714.5
1369,2.09,4.99,1.92,74.58,88.1,155.8722,0.021793414098363894,6831.31
915,4.94,6.54,2.9,74.35,83.17,367.289,0.03486833775780476,5984.1
1221,3.36,7.39,1.73,77.89,68.16,261.7104,0.025381451675256503,9023.19
605,2.54,6.77,3.0,74.58,74.82,189.4332,0.040096225595265225,4095.85
902,2.66,4.17,2.67,77.27,78.64,205.5382,0.03395218286467664,3761.34
830,4.94,7.79,1.82,77.54,82.7,383.04760000000005,0.022007252477962213,6465.7
779,3.39,7.12,1.22,76.64,80.31,259.8096,0.015191132462815032,5546.4800000000005
494,3.2,7.26,2.09,81.24,84.43,259.968,0.024754231344992137,3586.44
1026,3.54,4.75,1.94,86.88,82.72,307.5552,0.023452608383388734,4873.5
423,2.97,6.82,2.46,77.56,74.7,230.35320000000002,0.03293172249910006,2884.86
933,3.83,3.59,5.92,77.22,79.69,295.75260000000003,0.0742878561566249,3349.47
922,2.06,3.77,2.48,76.41,74.79,157.4046,0.03315950887023547,3475.94
870,2.38,8.44,6.23,74.9,68.71,178.262,0.09067092262102713,7342.799999999999
982,4.27,6.66,3.09,77.01,74.18,328.8327,0.04165542711574182,6540.12
772,2.56,9.64,2.09,73.91,75.36,189.2096,0.027733541967417466,7442.080000000001
915,1.74,4.66,2.63,75.86,80.45,131.9964,0.0326911084287,4263.900000000001
798,3.65,7.31,1.2,75.67,68.91,276.1955,0.017414015757652626,5833.38
741,2.85,5.06,2.53,76.1,85.18,216.885,0.029701804449189424,3749.4599999999996
616,5.43,14.96,2.93,75.05,75.23,407.52149999999995,0.038947223322182194,9215.36
497,2.55,6.55,3.32,75.97,74.02,193.72349999999997,0.04485273644248359,3255.35
752,3.43,6.46,2.53,83.18,73.69,285.30740000000003,0.03433301203243153,4857.92
676,2.39,13.57,1.52,75.39,76.21,180.18210000000002,0.019944886505066723,9173.32
1073,4.16,1.43,2.3,76.96,76.88,320.1536,0.029916749490537266,1534.3899999999999
790,2.93,5.74,1.72,83.71,75.13,245.2703,0.022893647957720226,4534.6
502,2.41,6.49,2.66,79.99,86.79,192.7759,0.03064868871428866,3257.98
644,4.2,3.76,0.83,77.78,73.46,326.67600000000004,0.011298664402577674,2421.44
751,3.55,7.29,1.3,76.87,80.62,272.8885,0.01612502900954738,5474.79
1109,5.05,4.7,1.7,74.1,74.61,374.205,0.022785146389874493,5212.3
1185,3.1,5.35,2.38,75.11,72.79,232.841,0.03269679451891818,6339.75
797,3.05,11.1,2.43,79.37,90.9,242.0785,0.026732670326438907,8846.699999999999
653,4.35,6.16,1.88,85.14,72.43,370.359,0.025956091956911224,4022.48
736,3.67,8.62,2.05,86.09,85.01,315.9503,0.0241148071856479,6344.32
661,2.44,7.91,3.04,75.12,75.42,183.2928,0.040307605368919995,5228.51
1155,3.96,4.51,2.65,75.26,80.06,298.0296,0.033100170734427836,5209.05
540,0.55,4.23,1.4,75.74,78.46,41.657000000000004,0.017843484852984343,2284.2000000000003
1186,2.16,4.46,3.13,76.72,78.41,165.7152,0.03991837266695923,5289.56
503,3.81,7.09,3.13,77.32,84.95,294.5892,0.03684519872334329,3566.27
812,3.04,6.7,3.66,78.53,86.0,238.7312,0.04255813458626342,5440.400000000001
486,3.23,6.46,1.94,81.07,74.23,261.85609999999997,0.026134982333964385,3139.56
850,2.33,6.37,1.45,75.76,85.12,176.5208,0.017034772434824666,5414.5
880,2.54,3.96,3.36,86.96,79.99,220.8784,0.04200524540501995,3484.8
660,2.5,4.82,1.87,74.06,84.3,185.15,0.022182678270144928,3181.2000000000003
626,3.71,8.33,2.93,83.7,66.08,310.527,0.04434018699452376,5214.58
828,3.8,6.25,4.2,77.9,80.61,296.02,0.05210271032096386,5175.0
661,4.96,18.0,0.96,76.47,73.92,379.2912,0.012987011230112117,11898.0
768,4.14,6.12,3.16,76.77,75.67,317.82779999999997,0.04176026935902347,4700.16
1579,2.75,4.78,1.73,75.77,89.96,208.36749999999998,0.01923076709306724,7547.620000000001
338,3.99,5.06,5.38,77.21,84.22,308.0679,0.0638803058798022,1710.28
1527,2.25,8.49,2.92,76.58,78.34,172.305,0.0372734187805184,12964.23
817,3.21,3.62,1.9,76.49,69.82,245.53289999999998,0.02721282910157131,2957.54
775,4.19,7.75,4.08,81.79,78.98,342.7001000000001,0.05165864121820192,6006.25
477,4.03,5.7,2.4,76.58,71.77,308.61740000000003,0.03344015139471208,2718.9
573,4.54,15.46,1.77,80.88,93.59,367.1952,0.018912274931907794,8858.58
589,4.22,10.72,1.36,73.24,65.35,309.0728,0.020811014413004682,6314.08
545,3.22,4.56,3.43,75.97,72.96,244.6234,0.04701205495997054,2485.2
597,3.41,9.48,3.34,73.43,77.85,250.39630000000002,0.042903013114577636,5659.56
1050,2.48,5.19,1.71,76.45,75.45,189.596,0.022664012900727247,5449.5
559,1.96,10.56,2.6,76.2,75.89,149.352,0.03426010880747018,5903.04
639,2.29,8.3,3.31,77.19,82.44,176.7651,0.04015040755089671,5303.700000000001
1216,2.28,4.95,1.28,80.79,75.96,184.2012,0.01685097197854503,6019.2
936,2.77,7.24,2.86,75.86,79.49,210.1322,0.03597936394774639,6776.64
485,4.88,7.45,2.22,73.67,66.54,359.5096,0.033363385427805016,3613.25
654,4.63,8.81,2.68,83.54,76.49,386.7902,0.035037255191887155,5761.740000000001
382,4.65,8.0,3.05,77.18,75.51,358.88700000000006,0.04039199571023762,3056.0
738,3.62,9.1,2.15,75.32,83.16,272.6584,0.025853772744856573,6715.8
611,3.66,5.13,2.18,76.31,85.42,279.2946,0.02552095229209175,3134.43
1112,2.75,4.26,2.55,74.91,85.61,206.0025,0.029786236445948317,4737.12
727,4.19,7.9,2.31,76.45,81.63,320.32550000000003,0.028298416231971553,5743.3
785,2.89,6.35,1.96,75.12,86.84,217.09680000000003,0.022570241528069836,4984.75
681,2.65,12.01,1.41,78.0,87.01,206.7,0.016205032041715656,8178.8099999999995
540,4.78,7.53,3.92,82.19,85.46,392.8682,0.04586940722333171,4066.2000000000003
493,2.66,11.15,3.34,75.22,71.4,200.08520000000001,0.04677870493295448,5496.95
803,4.27,5.33,1.62,75.57,73.02,322.68389999999994,0.022185699508942825,4279.99
461,4.06,4.4,4.29,80.9,78.93,328.454,0.05435195054453939,2028.4
1018,2.57,7.2,3.2,75.76,68.23,194.7032,0.04690018365818794,7329.6
583,4.74,6.03,1.99,75.74,89.79,359.00759999999997,0.022162821899674584,3515.4900000000002
1012,5.13,12.77,1.6,77.71,81.69,398.65229999999997,0.01958623826830233,12923.24
778,4.58,6.63,3.34,80.26,81.29,367.5908,0.04108745957836639,5158.14
482,1.42,5.87,3.01,77.12,90.43,109.5104,0.033285410451685225,2829.34
1149,3.91,5.36,2.36,77.36,77.37,302.4776,0.030502774912398223,6158.64
664,3.98,7.54,4.85,76.41,84.57,304.11179999999996,0.05734893492385776,5006.56
787,4.83,3.72,1.71,76.83,73.9,371.0889,0.023139374406038644,2927.6400000000003
564,4.47,12.28,2.25,76.23,84.05,340.7481,0.026769776707938522,6925.92
1374,2.66,6.28,1.27,76.34,65.36,203.0644,0.019430841580348596,8628.720000000001
663,2.59,5.23,1.96,76.19,82.51,197.3321,0.023754693521428488,3467.4900000000002
690,4.1,5.17,2.92,77.17,76.28,316.397,0.03828001595699843,3567.2999999999997
576,3.12,4.71,2.28,78.02,75.99,243.42239999999998,0.030003943939473095,2712.96
583,3.52,7.13,1.1,77.33,81.71,272.2016,0.013462242875750475,4156.79
704,2.35,4.91,1.23,77.22,82.85,181.467,0.014846105631127865,3456.6400000000003
856,3.62,13.15,1.9,77.54,89.11,280.69480000000004,0.02132195922770068,11256.4
1061,4.06,6.41,2.56,77.27,83.63,313.71619999999996,0.030611021091591403,6801.01
1494,2.44,3.55,1.95,82.23,83.95,200.6412,0.023228109204513493,5303.7
851,3.59,4.17,2.46,77.88,78.83,279.58919999999995,0.03120638954631618,3548.67
1143,2.25,5.31,1.65,84.25,81.24,189.5625,0.02031018952361035,6069.33
681,3.11,1.85,4.94,77.86,77.73,242.1446,0.06355331743814262,1259.8500000000001
2136,3.31,7.28,1.68,75.78,83.71,250.83180000000002,0.020069284426079987,15550.08
1198,3.81,13.74,3.99,76.86,83.62,292.8366,0.04771585174409809,16460.52
428,4.82,7.38,3.07,74.6,68.05,359.572,0.04511388021838644,3158.64
547,3.53,6.65,2.79,75.25,78.74,265.6325,0.0354330663661333,3637.55
723,3.21,2.79,2.52,76.5,76.13,245.565,0.033101269788352844,2017.17
484,1.79,4.56,2.54,78.01,77.05,139.6379,0.032965602470395525,2207.04
1154,2.3,6.5,1.72,76.77,87.39,176.57099999999997,0.01968188354710109,7501.0
838,3.42,6.72,2.59,76.74,70.72,262.45079999999996,0.036623297988787044,5631.36
916,3.73,8.26,1.74,76.91,82.5,286.8743,0.02109090653443557,7566.16
752,5.49,11.16,1.06,78.73,68.35,432.2277,0.01550841031332695,8392.32
486,2.43,8.41,2.53,75.8,67.54,184.19400000000002,0.037459277841386154,4087.26
574,4.4,10.3,1.69,75.33,80.99,331.452,0.020866771099299776,5912.200000000001
1176,2.18,3.84,1.47,74.37,88.95,162.12660000000002,0.016526136422019513,4515.84
743,4.4,7.7,1.92,76.91,80.12,338.404,0.023964050928101478,5721.1
722,2.37,3.17,1.13,78.45,77.35,185.9265,0.014608918602596173,2288.74
597,3.89,5.68,2.86,74.52,79.15,289.8828,0.03613391836589786,3390.96
542,4.91,5.53,3.64,76.52,82.2,375.7132,0.04428223305568941,2997.26
476,4.95,5.53,2.76,75.34,82.37,372.93300000000005,0.03350734083922048,2632.28
884,2.91,4.93,2.31,82.14,81.32,239.0274,0.02840629262096746,4358.12
1356,4.83,7.55,2.61,76.03,76.84,367.2249,0.03396667959829781,10237.8
902,2.4,6.62,5.53,85.25,82.48,204.6,0.06704654861220312,5971.24
835,1.02,10.28,1.76,77.5,85.56,79.05,0.020570357577097055,8583.8
774,3.66,5.8,1.46,77.94,75.52,285.2604,0.019332624558709672,4489.2
461,3.16,7.27,2.91,76.5,68.54,241.74,0.042456953245265064,3351.47
512,3.67,2.05,1.59,75.11,65.15,275.6537,0.024405214980013048,1049.6
1031,4.9,4.73,1.35,78.54,77.59,384.84600000000006,0.01739914713247234,4876.63
443,4.38,4.25,2.86,76.59,85.04,335.4642,0.03363122840648772,1882.75
764,1.9,7.52,3.07,74.76,91.08,142.044,0.033706627831946875,5745.28
1095,1.78,6.52,1.56,74.02,91.1,131.7556,0.017124037637317496,7139.4
1357,3.69,6.47,2.61,82.9,78.71,305.901,0.03315969595226833,8779.789999999999
924,4.9,12.0,1.22,84.66,77.09,414.834,0.015825656268561902,11088.0
461,2.19,7.84,2.9,76.23,76.81,166.9437,0.03775549567042108,3614.24
884,4.61,6.52,3.18,76.75,87.81,353.81750000000005,0.03621455002681357,5763.679999999999
1134,2.79,6.13,0.06,77.98,77.16,217.56420000000003,0.0007776048758936138,6951.42
751,2.0,8.93,1.48,77.45,78.94,154.9,0.0187484141438543,6706.429999999999
724,4.59,9.08,1.83,75.13,74.95,344.84669999999994,0.024416274260670546,6573.92
1035,2.43,4.31,1.62,75.44,75.72,183.3192,0.02139460890192698,4460.849999999999
690,3.6,12.5,2.71,76.98,69.18,277.12800000000004,0.03917316577433278,8625.0
910,2.75,10.76,2.58,76.62,78.8,210.705,0.03274111259630551,9791.6
771,3.44,5.19,1.54,77.66,71.0,267.1504,0.02169013779012144,4001.4900000000002
1299,5.66,14.7,1.59,75.55,68.64,427.613,0.023164332289578628,19095.3
611,3.16,6.53,2.36,77.89,79.1,246.13240000000002,0.029835647302699456,3989.83
613,3.65,6.46,2.67,76.72,79.65,280.02799999999996,0.033521653041851465,3959.98
495,2.92,5.3,2.6,76.78,82.92,224.1976,0.03135551961462619,2623.5
854,4.31,9.66,2.85,77.22,76.12,332.8182,0.037440877897940365,8249.64
774,2.43,4.42,2.77,83.81,85.33,203.65830000000003,0.03246220175059161,3421.08
608,2.85,3.96,1.72,79.57,87.11,226.7745,0.01974514754389306,2407.68
619,4.35,9.09,2.31,76.82,92.4,334.1669999999999,0.024999997294372585,5626.71
671,2.38,4.15,1.53,76.36,72.8,181.7368,0.02101648062960431,2784.65
834,2.58,8.56,1.67,75.02,73.86,193.5516,0.02261034083261023,7139.04
443,2.63,6.53,3.19,73.7,89.51,193.831,0.03563847216640909,2892.79
878,4.34,6.85,1.71,84.1,75.44,364.99399999999997,0.022667017143820634,6014.299999999999
555,2.57,5.94,1.44,78.05,70.09,200.58849999999998,0.020545010622769207,3296.7000000000003
604,2.66,6.24,1.13,78.16,89.41,207.9056,0.012638405923453088,3768.96
759,2.57,8.62,1.34,75.97,84.48,195.2429,0.01586174054666897,6542.579999999999
1559,3.72,12.55,1.98,76.73,76.13,285.4356,0.026008140547991523,19565.45
862,3.95,7.33,2.46,77.06,80.76,304.387,0.030460620299576482,6318.46
527,2.62,6.89,1.54,82.73,87.31,216.75260000000003,0.017638298289050704,3631.0299999999997
500,3.26,6.39,3.07,76.07,86.47,247.98819999999995,0.03550363877603344,3195.0
670,4.16,5.08,1.6,77.37,76.12,321.85920000000004,0.02101944022340512,3403.6
998,4.05,9.73,0.86,75.88,85.92,307.31399999999996,0.0100093098220077,9710.54
841,2.1,4.83,3.23,79.03,73.75,165.96300000000002,0.043796604230968914,4062.03
778,2.73,4.52,1.11,78.12,76.61,213.26760000000002,0.014488968217077638,3516.5599999999995
666,4.57,6.57,1.44,84.32,78.15,385.3424,0.018426101289046537,4375.62
839,4.39,8.39,3.56,83.5,84.93,366.565,0.041916867783248817,7039.21
1317,4.17,3.43,2.06,79.24,66.04,330.4308,0.031193211509204795,4517.31
449,4.51,16.44,2.39,77.58,76.25,349.88579999999996,0.03134425818435958,7381.56
1133,3.79,5.21,2.48,84.77,74.83,321.2783,0.03314178362397653,5902.93
428,2.63,14.18,2.88,82.31,76.84,216.4753,0.037480474039501034,6069.04
479,1.95,5.35,4.87,75.38,76.07,146.99099999999999,0.06401997317996935,2562.6499999999996
1022,5.09,5.83,3.68,77.91,70.62,396.5619,0.05210987650667282,5958.26
837,2.85,10.36,6.41,77.27,79.21,220.21949999999998,0.08092411552529788,8671.32
510,1.86,3.02,2.39,79.73,82.96,148.29780000000002,0.028809061136805553,1540.2
467,2.3,4.43,1.32,78.7,87.13,181.01,0.015149774457732761,2068.81
821,4.38,2.83,2.52,83.6,84.83,366.16799999999995,0.029706468265181155,2323.43
886,5.58,6.73,1.51,78.1,84.02,435.798,0.017971909310651117,5962.780000000001
505,2.54,12.28,1.17,75.85,89.64,192.659,0.013052207379271822,6201.4
1096,4.29,10.54,2.41,85.63,81.32,367.35269999999997,0.029636002258238783,11551.839999999998
1081,2.55,6.1,2.29,76.19,75.08,194.28449999999998,0.03050079508513651,6594.099999999999
420,2.6,2.63,2.17,74.68,88.06,194.16800000000003,0.02464228654981983,1104.6
640,3.11,13.87,1.52,82.08,82.04,255.26879999999997,0.01852754527943134,8876.8
708,2.23,1.56,1.7,77.72,82.86,173.3156,0.020516531436575978,1104.48
521,3.8,7.82,1.96,78.37,82.76,297.806,0.023682935756049326,4074.2200000000003
808,4.68,5.11,3.03,78.3,87.89,366.44399999999996,0.03447490789908887,4128.88
905,2.31,6.4,3.27,77.35,75.99,178.67849999999999,0.043031972228981155,5792.0
1161,3.62,4.03,2.62,76.57,83.69,277.1834,0.0313060065353081,4678.83
607,3.29,6.9,2.28,77.55,76.49,255.1395,0.029807814118471155,4188.3
748,2.73,8.69,1.99,75.63,85.96,206.4699,0.02315029977311543,6500.12
594,3.82,12.61,1.71,75.69,78.93,289.13579999999996,0.021664763503767448,7490.339999999999
936,3.43,15.03,1.99,75.54,78.98,259.10220000000004,0.025196249025544563,14068.08
888,4.52,7.6,4.74,74.73,79.89,337.77959999999996,0.05933157349711184,6748.799999999999
624,5.43,5.17,1.37,75.42,72.22,409.5306,0.01896981182915926,3226.08
1088,2.35,7.02,3.26,76.52,76.06,179.822,0.04286089365489171,7637.759999999999
778,3.76,5.44,4.86,76.68,80.23,288.3168,0.06057583689694168,4232.320000000001
770,2.76,11.18,2.2,75.87,79.99,209.4012,0.027503434491382116,8608.6
623,2.95,6.89,2.45,80.9,67.18,238.65500000000003,0.0364691818295353,4292.47
555,2.87,6.79,1.85,83.54,70.53,239.7598,0.026229969342128266,3768.45
867,2.1,7.23,1.28,84.03,79.56,176.46300000000002,0.016088484654539385,6268.410000000001
875,2.29,4.26,1.69,75.29,81.92,172.41410000000002,0.020629880294204064,3727.5
664,2.05,7.19,2.91,84.88,80.74,174.00399999999996,0.036041610596778476,4774.16
523,3.07,12.06,1.43,85.32,71.91,261.9324,0.019885965806429453,6307.38
1032,2.74,8.27,2.68,75.71,70.36,207.4454,0.03808981834994054,8534.64
747,3.83,5.92,1.72,82.84,76.59,317.2772,0.02245723691640724,4422.24
808,3.08,3.58,5.85,83.18,74.73,256.19440000000003,0.07828180405703143,2892.64
582,2.52,3.92,1.56,76.1,72.9,191.772,0.02139917401931769,2281.44
710,3.19,4.33,1.44,78.66,86.26,250.9254,0.016693714735252174,3074.3
679,3.62,5.29,2.08,75.66,67.79,273.8892,0.03068298706549829,3591.91
763,3.68,8.43,2.58,77.07,65.08,283.6176,0.03964350958151359,6432.09
1063,2.96,11.8,1.63,82.92,81.74,245.4432,0.019941274780857013,12543.400000000001
619,5.67,15.74,2.05,78.4,87.0,444.528,0.023563215682388998,9743.06
943,3.2,3.75,2.16,85.42,75.63,273.344,0.028560091424025994,3536.25
1158,2.74,4.99,1.96,76.23,75.88,208.87020000000004,0.025830254898490394,5778.42
445,2.23,5.76,1.81,72.68,78.06,162.0764,0.023187288856355515,2563.2
740,2.5,5.35,1.47,85.65,68.76,214.125,0.02137870544230578,3958.9999999999995
504,2.57,9.35,1.84,76.78,76.89,197.3246,0.02393028691243505,4712.4
769,2.14,10.29,2.78,86.89,78.18,185.9446,0.03555896193924763,7913.009999999999
1120,2.34,10.06,1.58,80.03,76.46,187.2702,0.020664396983468877,11267.2
690,4.78,7.81,1.35,76.17,76.62,364.0926,0.017619418217251603,5388.9
417,4.8,9.82,3.31,76.87,86.35,368.976,0.03833236382948885,4094.94
773,3.5,5.41,0.28,77.25,75.75,270.375,0.0036963691489941717,4181.93
325,2.79,6.23,1.36,85.85,80.8,239.52149999999997,0.016831681085187986,2024.7500000000002
606,4.37,3.03,2.54,83.67,75.45,365.6379,0.033664674133243984,1836.1799999999998
586,3.17,6.42,1.7,77.49,80.73,245.64329999999998,0.02105784453637501,3762.12
487,1.76,5.88,2.02,74.74,86.16,131.5424,0.0234447512250753,2863.56
470,3.81,5.14,2.62,76.85,83.59,292.7985,0.031343458386953175,2415.7999999999997
697,4.69,6.03,2.0,75.26,82.64,352.96940000000006,0.024201352347367817,4202.91
483,2.88,6.28,2.88,80.81,72.76,232.7328,0.03958218257529101,3033.2400000000002
434,4.5,3.79,2.02,76.41,83.75,343.84499999999997,0.024119400105146255,1644.8600000000001
611,2.43,5.71,2.64,78.31,75.96,190.29330000000002,0.03475512970574912,3488.81
1064,3.32,5.18,1.62,74.69,80.1,247.97079999999997,0.020224716576190193,5511.5199999999995
986,3.31,5.96,1.71,75.11,80.58,248.6141,0.02122114405297294,5876.56
619,2.51,7.0,1.26,76.74,77.37,192.61739999999998,0.01628537982611092,4333.0
889,4.86,4.01,1.43,77.58,71.77,377.03880000000004,0.019924756872682615,3564.89
1074,4.11,7.58,6.47,85.96,79.36,353.2956,0.08152720746884987,8140.92
1348,2.68,5.85,2.24,76.08,72.14,203.89440000000002,0.031050730378329585,7885.799999999999
619,3.86,6.88,0.92,77.58,85.84,299.4588,0.01071761291733307,4258.72
589,3.63,7.89,1.83,74.05,81.13,268.8015,0.0225563881971665,4647.21
504,4.16,3.86,1.57,78.15,78.91,325.10400000000004,0.019896081625132223,1945.4399999999998
1340,2.38,5.89,2.22,77.5,82.41,184.45,0.026938475071171575,7892.599999999999
478,4.57,7.13,2.76,73.29,74.93,334.93530000000004,0.0368343738376653,3408.14
653,3.08,7.67,3.2,77.58,80.55,238.9464,0.03972687278375261,5008.51
388,3.08,10.99,2.39,75.95,83.82,233.92600000000002,0.028513477867635667,4264.12
885,3.35,7.18,2.46,77.16,71.35,258.486,0.03447792088606575,6354.3
583,2.25,4.18,1.82,77.56,88.33,174.51,0.020604548782457967,2436.94
567,5.03,5.89,1.18,77.01,66.29,387.36030000000005,0.017800570553541926,3339.6299999999997
778,2.34,5.57,2.28,83.61,76.86,195.64739999999998,0.02966432088676543,4333.46
928,3.0,7.22,1.67,78.28,74.41,234.84,0.02244321698115616,6700.16
648,3.11,7.52,1.19,76.93,86.82,239.25230000000002,0.013706517656471129,4872.96
756,5.8,5.14,1.52,73.05,84.24,423.69,0.018043682568413752,3885.8399999999997
814,3.34,5.49,1.37,82.49,74.78,275.5166,0.018320404075902103,4468.860000000001
552,2.12,4.46,0.85,79.04,79.35,167.56480000000002,0.010712033936731704,2461.92
715,2.56,6.82,1.67,77.39,82.96,198.1184,0.020130180794336934,4876.3
911,3.68,7.15,1.2,76.75,65.82,282.44,0.01823153779526925,6513.650000000001
1486,2.33,1.4,1.24,76.29,72.94,177.75570000000002,0.017000271867250907,2080.4
1582,5.97,7.46,1.96,75.26,71.13,449.3022,0.027555176781220752,11801.72
931,2.56,5.79,2.42,75.45,86.72,193.15200000000002,0.027905900841109218,5390.49
1134,2.91,3.36,2.63,78.13,78.18,227.35829999999999,0.033640312913748666,3810.24
1245,3.17,4.91,2.82,76.66,80.07,243.01219999999998,0.03521917881613853,6112.95
547,4.37,6.9,1.47,73.99,79.25,323.3363,0.018548893558499233,3774.3
736,4.35,4.23,2.69,76.7,83.29,333.645,0.03229679045542196,3113.28
1072,3.27,7.24,1.78,77.83,68.13,254.5041,0.026126518989209015,7761.280000000001
639,2.31,5.62,4.17,77.64,81.79,179.3484,0.05098422166716937,3591.1800000000003
437,3.87,5.74,3.88,75.6,82.41,292.572,0.04708165913339896,2508.38
527,2.81,8.43,0.81,76.35,75.5,214.5435,0.010728475400201934,4442.61
1141,5.2,7.5,2.16,80.09,71.83,416.468,0.030070996788111266,8557.5
624,3.27,6.19,1.45,83.53,76.8,273.1431,0.01888020587497319,3862.5600000000004
929,5.2,8.03,1.34,76.98,74.47,400.29600000000005,0.01799382059972867,7459.869999999999
792,4.97,1.51,2.82,76.21,76.14,378.7637,0.03703703217270394,1195.92
767,3.53,4.49,1.56,76.24,81.4,269.12719999999996,0.019164616810243635,3443.8300000000004
1336,3.21,8.22,3.05,75.8,86.06,243.31799999999998,0.035440386307182624,10981.92
560,3.86,4.92,5.96,76.44,84.46,295.0584,0.07056594002297656,2755.2
484,4.17,11.54,2.82,78.37,74.96,326.8029,0.03762005901546705,5585.36
576,2.14,6.28,5.3,76.35,74.32,163.389,0.07131323044762777,3617.28
855,2.04,12.57,3.69,73.95,77.33,150.858,0.047717567862722375,10747.35
899,4.21,7.03,2.68,84.74,87.52,356.75539999999995,0.03062156871325769,6319.97
740,0.41,5.29,2.25,77.48,77.65,31.7668,0.02897617141324257,3914.6
963,4.68,18.92,3.34,73.88,68.7,345.75839999999994,0.04861716905135821,18219.960000000003
1217,5.3,5.41,1.23,76.23,70.69,404.019,0.017399912660926203,6583.97
528,2.55,3.47,1.58,74.7,75.9,190.48499999999999,0.020816861552455657,1832.16
419,0.34,4.55,2.14,77.3,83.44,26.282,0.025647168546600128,1906.4499999999998
1243,2.04,7.46,5.1,75.84,87.23,154.7136,0.05846611733737047,9272.78
989,4.45,6.97,2.45,73.66,82.54,327.787,0.029682574547785976,6893.33
813,4.49,8.61,1.67,76.22,77.24,342.2278,0.021620919002988216,6999.929999999999
699,2.15,3.46,0.91,74.54,76.21,160.261,0.011940688631322841,2418.54
695,2.61,5.31,1.88,77.83,79.35,203.13629999999998,0.023692498589477178,3690.45
884,3.53,6.1,2.6,76.02,85.56,268.3506,0.030388028238893378,5392.4
503,4.31,5.25,2.33,76.99,79.44,331.82689999999997,0.029330308493163582,2640.75
669,3.21,3.59,2.46,76.52,71.49,245.6292,0.034410402236620195,2401.71
893,5.16,2.68,1.51,80.77,74.11,416.7732,0.020375115318429993,2393.2400000000002
713,2.8,4.01,2.52,77.84,84.5,217.952,0.029822481677812818,2859.1299999999997
728,4.02,6.33,1.79,76.27,85.25,306.6054,0.020997064985681525,4608.24
857,4.28,4.36,2.33,76.83,88.24,328.8324,0.026405255393783387,3736.5200000000004
1038,5.09,7.26,1.46,77.88,83.24,396.40919999999994,0.01753964229461289,7535.88
443,5.07,5.55,2.21,74.4,86.52,377.208,0.02554322404724641,2458.65
977,2.38,6.42,1.66,76.76,84.39,182.68880000000001,0.01967057475167973,6272.34
593,0.22,11.59,1.29,77.17,77.77,16.9774,0.01658737089014133,6872.87
778,5.29,8.28,1.14,85.42,71.2,451.8718,0.0160112337062874,6441.839999999999
996,3.25,8.4,3.81,76.0,70.01,247.0,0.054420789255707855,8366.4
964,1.92,5.07,0.99,77.31,76.25,148.4352,0.012983604854609199,4887.4800000000005
1003,4.14,6.98,2.26,76.99,75.05,318.73859999999996,0.03011325381568903,7000.9400000000005
519,3.85,6.15,1.7,77.81,72.18,299.56850000000003,0.023552227271788958,3191.8500000000004
493,2.15,6.81,4.61,78.11,78.57,167.9365,0.05867378660127446,3357.33
886,4.55,6.91,6.49,77.09,78.22,350.7595,0.08297109652632363,6122.26
925,2.82,7.23,6.5,82.84,80.63,233.6088,0.08061514565110435,6687.75
377,3.76,5.41,0.92,76.21,75.08,286.54959999999994,0.012253594532019909,2039.5700000000002
918,0.03,8.14,2.27,76.75,89.75,2.3024999999999998,0.025292476290531888,7472.52
495,2.07,3.15,1.65,77.5,90.15,160.42499999999998,0.018302826588704756,1559.25
753,2.11,3.88,3.64,82.26,74.89,173.5686,0.04860461361935991,2921.64
373,1.93,15.58,3.0,76.05,68.82,146.7765,0.04359197274164883,5811.34
806,2.57,6.07,3.07,76.15,89.16,195.7055,0.03443247707127893,4892.42
443,3.86,3.83,2.51,75.43,68.36,291.1598,0.036717373212789166,1696.69
802,4.29,6.19,1.73,75.85,76.11,325.3965,0.02273025584939484,4964.38
656,3.02,4.48,1.48,76.57,74.61,231.24139999999997,0.01983648038647897,2938.88
609,2.45,8.01,2.96,76.22,77.62,186.739,0.03813449650418751,4878.09
999,2.65,4.85,3.12,76.57,76.65,202.91049999999998,0.04070449566803709,4845.15
816,3.0,7.69,1.47,76.05,79.5,228.14999999999998,0.018490563711878776,6275.04
664,5.71,8.07,2.55,76.15,88.84,434.8165,0.02870328357684786,5358.4800000000005
902,2.21,6.23,1.77,78.98,87.21,174.5458,0.02029583530606177,5619.46
500,2.69,13.71,2.73,74.2,85.62,199.598,0.03188506985691779,6855.0
895,2.96,0.63,2.81,75.5,86.31,223.48,0.03255705798203476,563.85
745,4.19,6.74,2.72,80.12,67.3,335.7028,0.040416041542935884,5021.3
1017,4.73,7.64,0.18,75.51,72.08,357.1623000000001,0.0024972249587645727,7769.88
1209,2.42,7.52,3.23,77.08,81.15,186.53359999999998,0.03980282935270125,9091.68
467,4.37,10.28,2.98,77.93,83.52,340.55410000000006,0.035680072356313174,4800.759999999999
919,3.51,5.33,2.2,78.02,84.05,273.8502,0.026174892781095447,4898.27
489,3.72,6.19,2.07,78.01,89.01,290.1972,0.02325581134076942,3026.9100000000003
1320,3.38,6.78,2.42,80.54,78.96,272.22520000000003,0.03064842570308692,8949.6
610,4.85,9.2,2.86,77.22,84.8,374.51699999999994,0.0337264111171685,5612.0
584,3.2,7.17,2.34,78.43,67.33,250.97600000000003,0.034754190590495976,4187.28
938,4.59,4.88,1.25,82.14,83.36,377.0226,0.0149951997366603,4577.44
794,3.8,13.63,2.49,78.36,85.91,297.768,0.02898381690329218,10822.220000000001
813,2.71,4.96,3.6,75.04,80.39,203.35840000000002,0.04478168369427992,4032.48
351,2.69,4.59,3.75,88.89,86.37,239.1141,0.043417848394367436,1611.09
471,2.72,9.24,2.63,76.17,70.65,207.18240000000003,0.037225755523601474,4352.04
1062,5.22,3.78,1.77,78.29,76.37,408.6738,0.02317663700711837,4014.3599999999997
576,3.01,4.43,1.16,74.35,70.24,223.79349999999997,0.016514804026935646,2551.68
552,5.32,3.99,1.75,76.59,73.85,407.45880000000005,0.023696679255696785,2202.48
674,2.07,5.91,2.55,75.79,76.7,156.8853,0.033246410267743116,3983.34
725,3.83,5.0,1.35,85.19,72.63,326.2777,0.0185873580356109,3625.0
1568,2.87,3.25,1.8,76.68,74.99,220.07160000000002,0.024003197225870486,5096.0
1311,2.33,17.7,2.49,80.51,74.31,187.5883,0.03350827163123784,23204.7
1082,3.2,7.84,2.72,76.38,88.99,244.416,0.030565228613863515,8482.88
613,1.68,6.18,1.73,86.52,83.93,145.3536,0.020612412651922714,3788.3399999999997
1053,3.57,5.97,1.93,77.86,69.49,277.9602,0.02777377640325566,6286.41
794,2.82,6.14,2.09,75.87,68.27,213.9534,0.03061373507928298,4875.16
683,3.09,9.23,2.82,75.04,76.79,231.8736,0.03672352692752611,6304.09
713,3.69,6.86,0.99,76.01,78.21,280.4769,0.012658226229609227,4891.18
708,2.28,15.98,2.13,77.5,88.68,176.7,0.024018941811125186,11313.84
842,3.1,2.62,2.16,76.64,76.89,237.584,0.02809207594068462,2206.04
745,2.97,6.69,2.54,76.35,76.93,226.7595,0.033017024175611046,4984.05
856,2.45,5.97,2.95,75.2,73.84,184.24,0.03995124052664673,5110.32
642,3.8,7.27,1.7,74.99,73.35,284.962,0.023176547624192554,4667.34
966,4.56,4.41,0.93,77.45,81.75,353.17199999999997,0.011376145397413407,4260.06
899,2.21,7.57,3.1,76.94,78.2,170.0374,0.03964193866471372,6805.43
669,2.94,6.66,1.36,77.28,70.76,227.2032,0.01921989553138842,4455.54
1334,3.65,8.17,1.72,75.76,79.2,276.524,0.021717168975104926,10898.78
929,2.61,6.04,1.85,84.9,74.59,221.589,0.02480224898749846,5611.16
460,2.51,1.67,1.86,74.58,69.42,187.1958,0.026793427428201178,768.1999999999999
627,4.3,3.84,3.19,84.78,80.23,364.554,0.039760683066099575,2407.68
849,3.07,5.09,4.74,76.87,78.13,235.9909,0.06066810947547556,4321.41
554,0.43,4.49,1.27,73.96,77.31,31.802799999999998,0.016427368202384142,2487.46
437,3.45,5.76,2.05,80.71,76.56,278.4495,0.02677638103756778,2517.12
721,2.52,4.06,2.9,74.1,76.83,186.732,0.03774566735055742,2927.2599999999998
659,4.26,4.18,2.57,79.96,83.01,340.6296,0.030960121556424334,2754.62
1050,3.63,3.01,1.39,78.2,80.52,283.866,0.01726278970904251,3160.5
871,2.17,5.51,2.47,74.57,87.21,161.81689999999998,0.02832243683953253,4799.21
775,3.21,7.58,1.24,76.43,71.21,245.3403,0.0174132822056899,5874.5
654,4.23,6.52,1.06,72.86,74.41,308.19780000000003,0.01424539520959613,4264.08
945,2.54,4.14,3.35,78.59,76.24,199.61860000000001,0.04394018311382698,3912.2999999999997
725,3.19,7.89,2.58,76.11,86.7,242.7909,0.029757782034857894,5720.25
507,2.88,4.43,1.62,77.37,81.71,222.8256,0.019826212235196154,2246.0099999999998
670,1.65,4.09,3.09,74.25,89.27,122.51249999999999,0.0346140882027458,2740.2999999999997
383,2.46,5.11,7.21,76.34,85.66,187.7964,0.08416996449101512,1957.13
782,0.75,4.61,2.26,83.58,82.69,62.685,0.02733099197835385,3605.0200000000004
1002,4.38,15.29,1.45,78.26,82.59,342.7788,0.017556602790095313,15320.58
854,0.12,6.59,2.98,74.85,70.28,8.982,0.042401815253014334,5627.86
700,2.43,6.13,2.88,76.17,73.3,185.09310000000002,0.03929058127004348,4291.0
1190,4.44,15.16,2.7,78.24,75.14,347.3856,0.03593292042415219,18040.4
1261,4.36,5.9,2.03,77.53,76.25,338.03080000000006,0.026622947328138052,7439.900000000001
667,3.28,10.89,1.52,78.71,77.47,258.1688,0.019620495724732706,7263.63
421,2.31,7.74,2.7,76.83,92.37,177.4773,0.029230266403565398,3258.54
1035,3.23,4.81,3.94,75.93,72.51,245.25390000000002,0.05433732528791541,4978.349999999999
851,3.04,5.55,3.22,74.67,85.13,226.9968,0.0378244992570775,4723.05
522,3.83,6.58,5.59,75.83,81.05,290.4289,0.06896976323630312,3434.76
637,4.04,6.69,4.7,77.79,76.21,314.27160000000003,0.06167168853540369,4261.530000000001
663,2.03,7.59,1.63,82.75,94.73,167.9825,0.01720679645235971,5032.17
1116,4.57,7.08,1.24,75.8,87.46,346.406,0.014177908280595898,7901.28
1026,5.72,7.49,2.38,73.37,78.89,419.6764,0.030168585350667337,7684.74
518,3.96,1.53,2.34,76.06,68.06,301.1976,0.0343814230999966,792.54
592,2.69,8.96,2.81,76.22,78.28,205.0318,0.035896776201229406,5304.320000000001
718,4.69,7.66,1.81,75.88,90.24,355.8772,0.020057621890777717,5499.88
627,2.19,14.07,4.37,76.25,82.75,166.98749999999998,0.05280966129188383,8821.89
520,3.77,5.64,2.11,77.91,84.99,293.72069999999997,0.024826447249506146,2932.7999999999997
616,2.37,4.14,2.37,77.54,81.61,183.76980000000003,0.029040555196599045,2550.24
566,3.74,7.28,2.75,73.54,75.18,275.03960000000006,0.03657887249549448,4120.4800000000005
792,4.68,6.57,2.59,77.51,76.81,362.7468,0.03371956337461744,5203.4400000000005
782,4.74,4.83,3.0,76.49,90.33,362.5626,0.033211553945361016,3777.06
548,4.44,5.39,2.28,82.66,71.09,367.0104,0.03207201686988087,2953.72
838,4.28,7.75,2.34,76.89,76.71,329.0892,0.030504493481359213,6494.5
562,2.91,4.48,1.12,76.59,88.45,222.87690000000003,0.012662519766815176,2517.76
462,3.25,7.83,3.04,76.14,66.17,247.455,0.045942262967770445,3617.46
582,2.46,7.97,3.0,75.86,78.86,186.6156,0.038042095099911855,4638.54
627,2.4,6.79,2.15,83.18,75.99,199.632,0.028293192749941735,4257.33
969,3.96,9.54,1.58,83.78,72.81,331.7688,0.02170031291027154,9244.259999999998
916,4.96,10.68,2.02,76.17,73.05,377.8032,0.02765228916464214,9782.88
632,2.59,4.4,3.14,74.2,83.78,192.178,0.0374791074863801,2780.8
939,2.37,6.2,1.1,76.29,74.62,180.80730000000003,0.014741354229247624,5821.8
596,2.54,8.02,1.37,74.32,78.81,188.7728,0.017383578558104483,4779.92
446,2.67,7.76,2.67,75.75,71.84,202.2525,0.037165919102739545,3460.96
540,2.91,6.41,3.56,75.15,72.15,218.68650000000002,0.049341642502890845,3461.4
594,4.01,11.21,3.44,81.85,90.4,328.21849999999995,0.03805309313571978,6658.740000000001
904,3.61,7.88,3.06,75.1,65.06,271.111,0.047033500302259404,7123.5199999999995
575,4.86,7.87,1.08,82.74,70.97,402.1164,0.015217695474468723,4525.25
562,3.67,4.19,4.9,78.13,83.92,286.7371,0.058388934891690315,2354.78
581,4.35,3.53,1.24,77.25,74.33,336.03749999999997,0.01668236019341313,2050.93
965,5.11,10.39,4.77,78.1,86.79,399.091,0.05496024254404394,10026.35
714,4.58,6.08,1.08,77.86,76.9,356.5988,0.014044211437683817,4341.12
694,2.7,6.54,2.8,77.38,75.82,208.926,0.03692956516360259,4538.76
723,2.45,10.11,2.05,74.93,80.52,183.57850000000002,0.02545951000254471,7309.53
486,4.27,3.46,1.69,75.57,73.46,322.68389999999994,0.02300571426548948,1681.56
722,4.73,3.9,0.97,76.22,74.78,360.5206,0.012971380988047473,2815.7999999999997
930,2.56,12.2,3.44,73.66,85.77,188.5696,0.040107258935844825,11346.0
1275,3.41,10.32,2.44,75.9,82.18,258.819,0.02969091875262609,13158.0
759,3.08,4.75,3.61,74.46,77.09,229.33679999999998,0.04682837633566268,3605.25
1224,3.36,5.94,3.13,77.41,85.69,260.0976,0.03652701172517076,7270.56
928,3.08,5.58,2.84,75.4,77.28,232.23200000000003,0.03674947764628912,5178.24
1068,3.64,6.18,2.35,76.79,88.7,279.5156,0.026493796336663322,6600.24
1185,2.51,0.17,2.26,75.57,70.46,189.68069999999997,0.03207493158175822,201.45000000000002
746,3.99,5.12,2.39,76.25,76.06,304.2375,0.03142255700465987,3819.52
628,5.15,3.77,2.35,78.31,73.38,403.29650000000004,0.03202507058802527,2367.56
714,2.72,15.9,2.34,78.06,81.03,212.3232,0.028878189697866256,11352.6
680,4.11,7.24,1.16,75.72,78.35,311.2092,0.014805358671938905,4923.2
595,4.75,6.42,1.61,76.51,80.79,363.4225,0.01992820647008213,3819.9
897,4.64,7.45,1.15,82.1,82.83,380.94399999999996,0.01388385682918546,6682.650000000001
392,3.79,5.88,2.18,74.14,74.95,280.99060000000003,0.02908605349085344,2304.96
753,2.0,9.16,1.76,75.41,81.64,150.82,0.02155805713399594,6897.4800000000005
406,3.12,11.43,1.08,76.16,76.92,237.6192,0.014040559797119111,4640.58
1097,4.15,4.63,2.97,77.03,78.85,319.6745,0.037666450517888334,5079.11
774,4.02,6.08,2.58,75.61,66.1,303.95219999999995,0.039031764140429026,4705.92
1064,3.73,4.42,1.14,77.86,88.58,290.4178,0.01286972083204777,4702.88
701,3.09,8.52,1.87,74.72,77.53,230.88479999999998,0.024119692490688443,5972.5199999999995
622,4.18,5.78,1.73,76.16,83.96,318.3488,0.02060504756967037,3595.1600000000003
660,4.64,5.3,1.52,76.12,68.24,353.1968,0.022274322644442755,3498.0
539,5.15,2.42,3.75,75.05,76.54,386.5075,0.04899398366945601,1304.3799999999999
943,2.64,4.21,2.02,80.77,74.28,213.2328,0.027194395908131944,3970.0299999999997
371,2.49,5.07,1.9,74.84,75.32,186.35160000000002,0.025225700315228316,1880.97
851,2.37,5.97,4.23,86.01,77.72,203.8437,0.05442613813353859,5080.469999999999
414,2.95,5.17,1.16,76.24,80.72,224.908,0.014370662243475935,2140.38
878,2.83,4.61,1.32,84.15,78.56,238.14450000000002,0.016802441853049663,4047.5800000000004
1036,2.62,7.21,6.31,75.51,76.35,197.83620000000002,0.08264569971896532,7469.56
939,2.18,5.58,1.76,73.71,81.72,160.6878,0.021536952822203522,5239.62
673,2.64,0.8,1.71,75.06,76.52,198.15840000000003,0.022347095877274455,538.4
943,2.68,3.21,1.26,87.59,78.64,234.74120000000002,0.016022378430521563,3027.0299999999997
839,2.16,13.97,1.94,76.04,67.9,164.24640000000002,0.02857142436356047,11720.83
614,2.2,5.56,4.29,86.7,75.35,190.74,0.056934299013364435,3413.8399999999997
576,5.5,13.11,1.25,78.09,71.93,429.495,0.017378003979145837,7551.36
553,2.81,4.83,3.33,77.75,88.99,218.4775,0.03741993061917849,2670.9900000000002
537,3.72,5.38,1.47,84.66,91.69,314.9352,0.01603228094314746,2889.06
840,2.38,15.38,2.94,74.86,82.78,178.1668,0.03551582078813472,12919.2
561,2.87,8.86,1.83,76.57,86.0,219.7559,0.02127906729313171,4970.46
1018,3.71,4.66,2.78,75.34,73.66,279.51140000000004,0.03774096690999634,4743.88
1132,2.79,5.14,1.55,76.43,74.8,213.23970000000003,0.020721922363379365,5818.48
807,4.75,6.46,2.57,77.11,83.04,366.2725,0.03094893654275812,5213.22
620,3.13,3.06,2.8,75.18,85.26,235.3134,0.03284071864406302,1897.2
1280,2.86,3.85,2.7,76.97,77.09,220.1342,0.03502399338124356,4928.0
853,3.02,6.88,4.96,77.3,74.2,233.446,0.06684635217704148,5868.64
774,1.58,6.28,2.89,77.04,77.02,121.72320000000002,0.03752271649925779,4860.72
847,2.87,7.28,1.3,75.15,64.6,215.68050000000002,0.02012383589414305,6166.16
660,3.54,11.28,1.89,75.3,85.43,266.562,0.022123373273630655,7444.799999999999
620,3.04,12.27,2.34,76.15,76.52,231.496,0.030580236463638725,7607.4
888,3.14,6.55,1.47,83.96,67.7,263.63439999999997,0.02171343844705488,5816.4
662,2.13,4.7,2.89,77.87,89.17,165.8631,0.03240999972972976,3111.4
562,5.12,8.01,2.8,76.32,77.39,390.7584,0.03618038038759783,4501.62
892,3.2,7.31,1.46,77.48,78.35,247.93600000000004,0.018634330742267932,6520.5199999999995
864,2.52,5.57,2.61,75.55,81.35,190.386,0.03208358548450086,4812.4800000000005
1006,4.17,7.5,2.55,77.17,74.13,321.7989,0.03439902409294157,7545.0
966,3.76,8.04,1.86,76.61,80.49,288.05359999999996,0.02310845780737262,7766.639999999999
611,3.84,1.09,0.79,82.02,65.31,314.9568,0.012096154938576796,665.99
501,4.02,5.87,1.93,73.52,77.5,295.55039999999997,0.024903222593132567,2940.87
591,3.81,3.73,2.49,75.41,70.67,287.3121,0.03523418208091381,2204.43
942,2.78,7.35,2.79,78.01,72.83,216.8678,0.03830838413999943,6923.7
553,2.04,5.05,2.4,75.38,78.58,153.77519999999998,0.03054211879077134,2792.65
985,2.91,4.23,1.8,80.36,91.84,233.8476,0.01959930100181827,4166.55
730,2.9,14.65,1.6,76.15,75.35,220.835,0.021234237394261793,10694.5
1180,2.55,4.12,2.07,77.25,79.2,196.98749999999998,0.026136360336318134,4861.6
606,2.52,5.78,6.09,76.73,75.83,193.3596,0.0803112118803624,3502.6800000000003
714,3.33,5.93,3.55,75.76,71.31,252.28080000000003,0.04978263219988329,4234.0199999999995
1082,2.16,13.01,3.02,83.18,83.39,179.66880000000003,0.036215369203097585,14076.82
1178,4.07,6.37,2.73,74.22,70.86,302.0754,0.03852666687458836,7503.86
422,2.8,9.51,1.31,77.18,71.52,216.104,0.018316552248804217,4013.22
479,3.76,6.19,2.14,78.31,75.38,294.4456,0.028389489468096385,2965.01
934,3.37,6.09,3.39,76.93,74.92,259.25410000000005,0.045248258776260174,5688.0599999999995
558,2.8,8.62,2.03,76.82,73.35,215.09599999999998,0.027675524515947576,4809.959999999999
998,3.56,8.51,2.6,76.96,91.85,273.9776,0.028307019237123657,8492.98
687,2.29,10.19,1.74,76.77,74.16,175.8033,0.023462780007715747,7000.53
812,3.24,5.08,1.04,76.44,75.25,247.6656,0.013820596170020443,4124.96
765,2.4,6.26,1.87,75.26,79.15,180.624,0.02362602354693322,4788.9
976,4.84,3.85,1.34,76.02,77.6,367.93679999999995,0.017268039011850644,3757.6
892,2.4,5.3,2.56,76.96,81.72,184.70399999999998,0.03132647683229603,4727.599999999999
680,3.97,7.75,2.0,81.32,90.75,322.8404,0.02203856506462093,5270.0
434,2.97,4.17,2.96,76.3,84.37,226.61100000000002,0.035083556348991775,1809.78
824,2.21,5.21,3.29,73.25,73.93,161.8825,0.04450154950608014,4293.04
798,3.25,4.69,2.81,77.79,87.07,252.81750000000002,0.0322728801799839,3742.6200000000003
1125,1.91,3.0,3.64,78.12,88.92,149.2092,0.04093566791096852,3375.0
1026,4.62,4.4,1.06,76.59,72.63,353.8458,0.014594518161294485,4514.400000000001
824,3.83,4.71,1.38,76.28,84.87,292.1524,0.01626016068573575,3881.04
779,3.48,4.67,0.02,77.26,72.88,268.8648,0.0002744236725543808,3637.93
907,1.11,10.13,1.53,74.89,72.94,83.12790000000001,0.02097614190072088,9187.91
947,2.89,1.61,2.0,85.19,69.12,246.19910000000002,0.02893518099896108,1524.67
1195,3.85,7.09,2.21,76.17,71.23,293.2545,0.031026248627509665,8472.55
764,3.94,6.83,2.69,78.51,85.66,309.3294,0.0314032183745951,5218.12
561,2.4,4.0,3.11,77.46,83.99,185.90399999999997,0.03702821323631227,2244.0
794,2.33,4.75,2.49,77.46,94.73,180.4818,0.026285228936426798,3771.5
417,2.91,7.3,1.92,77.1,71.48,224.361,0.026860656566779995,3044.1
651,2.68,7.74,1.25,76.93,79.44,206.17240000000004,0.01573514404139677,5038.74
1421,2.72,6.69,2.55,76.21,87.42,207.2912,0.02916952308744874,9506.49
891,4.55,5.64,1.99,77.68,83.8,353.444,0.023747013872671377,5025.24
750,4.21,5.77,1.15,76.92,75.71,323.8332,0.015189537024232331,4327.5
917,3.89,4.88,1.83,75.49,73.46,293.6561,0.024911513080382103,4474.96
1413,4.92,6.98,1.12,82.05,79.93,403.686,0.014012258975070815,9862.74
1054,3.05,7.28,3.07,76.92,80.61,234.606,0.03808460016318072,7673.12
1282,2.73,5.77,2.59,75.48,75.16,206.06040000000002,0.034459814467826706,7397.139999999999
888,2.92,4.77,1.95,80.1,82.11,233.89199999999997,0.023748626994443186,4235.759999999999
555,2.88,4.02,2.46,75.98,73.36,218.82240000000002,0.03353325606144274,2231.1
1016,4.15,4.78,3.33,75.97,69.49,315.2755,0.04792055721390744,4856.4800000000005
858,5.14,7.16,2.88,75.66,77.42,388.89239999999995,0.03719968519766401,6143.28
868,3.71,8.27,1.72,75.96,84.51,281.8116,0.020352618583289718,7178.36
650,3.76,3.65,3.29,87.09,88.02,327.4584,0.03737786441969275,2372.5
604,5.29,10.99,1.46,84.78,84.54,448.4862,0.01726992935061162,6637.96
578,4.78,3.51,2.11,77.56,88.4,370.7368,0.023868775580455248,2028.78
540,4.3,7.8,0.84,78.78,88.74,338.754,0.00946585424094498,4212.0
623,4.51,4.67,2.2,76.2,71.78,343.662,0.03064920163705745,2909.41
652,1.02,13.7,1.97,75.88,74.78,77.3976,0.026343938707684044,8932.4
1659,3.0,8.33,1.93,82.45,86.91,247.35000000000002,0.022206878126006427,13819.47
1041,3.35,0.39,1.41,74.01,73.98,247.93350000000004,0.01905920261432784,405.99
801,2.14,8.44,2.16,77.65,75.36,166.17100000000002,0.028662416578766378,6760.44
716,3.66,5.8,0.87,78.81,77.82,288.44460000000004,0.011179643898786444,4152.8
929,3.31,9.01,1.56,77.41,84.17,256.2271,0.018533917246772336,8370.289999999999
851,3.68,8.08,2.55,86.79,87.0,319.38720000000006,0.029310341458581437,6876.08
447,2.97,5.51,3.04,75.44,80.24,224.0568,0.03788633625544165,2462.97
1072,5.56,9.24,2.88,76.4,72.64,424.784,0.0396475716344202,9905.28
374,2.79,5.86,0.88,84.06,73.45,234.5274,0.01198093778339853,2191.6400000000003
780,3.12,5.47,1.79,76.94,69.87,240.0528,0.025619003060111195,4266.599999999999
821,4.03,4.62,2.2,86.01,80.09,346.62030000000004,0.027469093835797997,3793.02
1912,3.72,7.6,1.48,74.75,71.41,278.07,0.020725385698727672,14531.199999999999
597,3.05,4.52,2.51,78.64,70.95,239.85199999999998,0.03537702108851006,2698.4399999999996
704,2.55,6.26,5.44,77.46,73.7,197.52299999999997,0.0738127443944716,4407.04
810,4.85,4.33,1.88,76.52,84.67,371.12199999999996,0.022203847619718005,3507.3
1305,2.67,8.22,1.41,78.12,76.36,208.5804,0.01846516258968536,10727.1
923,3.55,7.18,2.83,82.11,82.7,291.4905,0.03422006841353465,6627.139999999999
679,4.72,6.55,2.93,76.77,85.64,362.35439999999994,0.03421298059166504,4447.45
1072,3.77,5.19,2.59,80.6,80.46,303.86199999999997,0.032189904028100416,5563.68
421,4.87,5.54,5.03,77.16,80.59,375.7692,0.062414683904369786,2332.34
871,2.61,4.26,2.46,77.61,82.27,202.5621,0.02990154006301932,3710.46
751,5.24,6.35,3.38,74.92,79.17,392.5808,0.04269293385209879,4768.849999999999
1203,4.41,6.61,1.68,76.12,79.88,335.6892,0.021031544688089047,7951.830000000001
749,3.22,6.08,2.21,76.71,71.29,247.0062,0.031000135923672893,4553.92
1033,5.32,8.59,1.48,79.21,80.89,421.3972,0.018296449709920917,8873.47
539,1.02,11.44,2.71,87.44,83.85,89.1888,0.03231961451167388,6166.16
1100,4.49,2.66,2.0,81.95,73.92,367.95550000000003,0.02705627339606691,2926.0
1338,3.02,6.37,2.83,74.47,79.26,224.89939999999999,0.03570526927765969,8523.06
700,2.21,5.04,2.81,77.21,80.71,170.6341,0.034816003615908364,3528.0
842,2.16,5.95,3.41,84.17,84.79,181.80720000000002,0.04021700197936054,5009.900000000001
1021,5.23,11.22,2.15,74.57,76.3,390.0011,0.028178240081488847,11455.62
492,2.33,8.05,2.28,79.2,79.21,184.536,0.028784240779669134,3960.6000000000004
458,2.75,7.97,2.21,73.78,72.28,202.895,0.03057553533819378,3650.2599999999998
915,3.55,7.39,2.91,75.48,78.83,267.954,0.03691487543893499,6761.849999999999
872,3.31,7.34,1.63,77.83,81.08,257.6173,0.020103598901874825,6400.48
787,3.67,2.69,1.83,83.97,80.77,308.1699,0.022656924271768693,2117.0299999999997
668,3.61,3.63,1.18,76.1,81.68,274.72099999999995,0.014446619191158274,2424.84
824,2.69,6.31,1.95,76.6,86.65,206.05399999999997,0.022504325158185207,5199.44
646,2.51,7.55,1.4,84.73,88.43,212.67229999999998,0.0158317295225908,4877.3
903,5.37,7.57,2.24,77.84,91.37,418.0008,0.024515702690631205,6835.71
1153,2.7,8.01,3.13,83.5,80.44,225.45000000000002,0.03891098472016599,9235.53
574,3.74,8.94,2.58,74.91,82.2,280.1634,0.03138685749551612,5131.5599999999995
1409,3.04,6.07,1.31,82.2,73.69,249.888,0.017777172238136487,8552.630000000001
531,2.39,3.65,3.52,75.52,84.01,180.4928,0.04189976884897406,1938.1499999999999
901,4.94,13.69,5.06,85.38,74.99,421.7772,0.06747565442383592,12334.689999999999
532,2.46,6.21,1.9,83.91,82.84,206.4186,0.022935777047829904,3303.72
641,3.2,2.03,2.27,78.44,81.87,251.008,0.027726880697828176,1301.2299999999998
1025,2.61,5.28,1.17,77.12,79.22,201.2832,0.014768995863545081,5412.0
662,2.76,9.66,3.47,73.17,76.18,201.9492,0.04555000714754435,6394.92
1168,3.15,4.68,1.86,77.24,84.39,243.30599999999998,0.02204052351694235,5466.24
1111,3.76,12.75,1.33,74.0,75.55,278.24,0.017604233275415847,14165.25
823,3.03,7.05,2.57,77.63,75.51,235.21889999999996,0.03403522261485596,5802.15
795,2.8,4.93,2.23,74.06,77.52,207.368,0.028766766154957928,3919.35
368,3.8,6.22,3.6,79.53,83.1,302.214,0.043321294425837015,2288.96
907,2.26,3.76,1.23,81.14,78.52,183.3764,0.015664796782374327,3410.3199999999997
1340,3.33,6.51,3.57,75.77,79.82,252.3141,0.044725627070204575,8723.4
1029,3.56,2.2,1.25,78.14,86.35,278.1784,0.01447596821355319,2263.8
1424,3.39,5.82,3.6,77.19,68.69,261.6741,0.05240936782510295,8287.68
409,3.92,5.92,2.48,78.58,79.04,308.0336,0.031376514248922786,2421.2799999999997
798,4.12,3.63,1.39,87.01,85.82,358.48120000000006,0.016196688860791324,2896.74
787,3.05,4.68,2.6,76.38,81.87,232.95899999999997,0.03175766071116884,3683.16
846,3.43,7.84,2.3,72.53,66.97,248.77790000000002,0.03434373087296836,6632.64
707,3.1,5.18,1.75,76.24,66.24,236.344,0.026419078137216466,3662.2599999999998
909,3.8,4.63,2.24,85.03,65.77,323.114,0.03405807601367249,4208.67
715,2.2,5.8,1.73,75.97,88.68,167.13400000000001,0.019508342409974917,4147.0
1342,3.48,11.77,2.17,75.78,77.8,263.7144,0.02789202726323557,15795.34
736,1.97,10.64,3.33,74.84,77.57,147.4348,0.042928961850075824,7831.040000000001
532,3.17,10.71,1.75,73.28,76.68,232.2976,0.02282211491626044,5697.72
523,2.87,14.86,3.29,73.74,81.74,211.63379999999998,0.040249566888969066,7771.78
468,4.58,4.21,1.74,77.36,77.81,354.3088,0.022362161372296442,1970.28
1091,4.73,10.99,2.06,77.02,73.73,364.3046,0.027939776489925877,11990.09
414,4.26,7.49,0.86,75.89,70.6,323.2914,0.012181301390750512,3100.86
507,2.78,5.91,4.18,76.29,73.3,212.0862,0.057025913093326996,2996.37
686,5.05,2.98,2.06,77.42,81.16,390.971,0.025381958430019908,2044.28
457,2.06,2.86,3.01,75.47,72.23,155.4682,0.04167242950679364,1307.02
636,1.86,6.38,3.19,77.14,82.46,143.4804,0.03868541854409186,4057.68
770,2.53,5.64,1.32,74.92,81.59,189.5476,0.01617845125892251,4342.8
2022,0.68,4.39,1.69,77.12,89.4,52.44160000000001,0.01890380101747192,8876.58
645,3.61,5.42,2.33,76.25,82.46,275.2625,0.02825612075477556,3495.9
801,4.84,5.8,1.12,81.4,84.06,393.976,0.013323814736638743,4645.8
866,2.35,11.71,3.44,75.45,71.88,177.3075,0.04785753368704317,10140.86
654,4.36,5.39,1.07,77.06,67.11,335.9816,0.015943970206531037,3525.06
697,1.82,6.36,1.39,77.29,87.01,140.66780000000003,0.015975173431194867,4432.92
914,3.82,6.85,2.98,77.52,87.79,296.1264,0.03394463675308842,6260.9
447,3.01,8.46,2.33,82.89,76.94,249.4989,0.03028333372974607,3781.6200000000003
847,3.72,7.22,2.43,76.79,80.27,285.65880000000004,0.030272825430070337,6115.34
812,4.58,10.63,5.94,76.94,84.97,352.3852,0.06990701778192095,8631.560000000001
749,2.24,5.5,3.2,75.67,75.94,169.50080000000003,0.04213852486982817,4119.5
649,0.09,6.02,3.24,73.88,80.82,6.6491999999999996,0.04008908189939596,3906.9799999999996
522,3.19,4.11,3.09,76.62,80.17,244.4178,0.03854309111349742,2145.42
904,3.71,4.77,3.31,78.0,81.49,289.38,0.04061847581071594,4312.08
643,2.39,4.28,1.81,75.56,78.82,180.5884,0.022963711879762514,2752.04
1073,2.16,3.5,2.6,74.39,78.04,160.6824,0.03331624380878475,3755.5
445,2.53,9.68,3.27,80.12,78.67,202.7036,0.0415660300538922,4307.599999999999
1006,2.55,6.99,0.87,74.26,74.37,189.363,0.011698263856627153,7031.9400000000005
1224,4.58,6.58,1.8,77.32,71.64,354.12559999999996,0.0251256246334974,8053.92
626,2.61,6.71,3.09,73.85,76.56,192.74849999999998,0.04036049629565095,4200.46
495,4.04,4.05,3.52,76.39,72.35,308.61560000000003,0.048652377518676224,2004.75
440,4.01,7.09,3.52,77.65,67.79,311.3765,0.051925055033920184,3119.6
669,4.0,6.56,2.22,84.02,71.45,336.08,0.031070674447771247,4388.639999999999
448,2.4,5.81,1.51,78.23,74.66,187.752,0.020225017382130006,2602.8799999999997
475,4.21,3.2,1.72,77.15,81.7,324.80150000000003,0.02105262900212619,1520.0
886,3.01,7.41,3.06,74.84,77.4,225.26839999999999,0.039534878613064775,6565.26
679,2.73,7.27,1.8,73.32,76.4,200.16359999999997,0.023560206340287125,4936.33
724,2.37,3.52,1.81,78.34,84.69,185.66580000000002,0.021372060293770187,2548.48
453,1.85,14.59,2.34,75.73,75.13,140.1005,0.031146009430851933,6609.2699999999995
883,2.28,7.48,2.08,72.78,70.3,165.9384,0.029587478010316075,6604.84
792,5.08,4.01,1.88,78.03,75.69,396.3924,0.024838152353262997,3175.9199999999996
444,3.53,4.34,1.25,76.23,70.41,269.0919,0.017753157541093943,1926.96
622,4.19,6.39,1.48,77.68,82.19,325.47920000000005,0.01800705462865864,3974.58
799,2.0,3.78,1.76,76.08,81.54,152.16,0.021584495758585263,3020.22
458,2.72,4.25,2.32,76.07,86.12,206.9104,0.026939151539810545,1946.5
975,2.99,5.72,2.95,80.51,76.27,240.72490000000002,0.03867837437021446,5577.0
468,2.14,5.97,1.37,77.02,69.99,164.8228,0.019574222092552926,2793.96
540,1.95,4.78,1.61,84.94,76.23,165.63299999999998,0.02112029107696562,2581.2000000000003
637,3.48,3.81,1.71,84.52,87.02,294.1296,0.01965065276365746,2426.9700000000003
1036,3.75,7.03,3.75,77.88,75.29,292.04999999999995,0.049807404727400084,7283.08
635,2.1,14.69,2.32,82.75,86.46,173.775,0.026833214569371433,9328.15
667,3.62,4.4,3.99,75.52,83.24,273.3824,0.04793367996952427,2934.8
896,2.58,6.36,1.77,74.47,79.33,192.1326,0.0223118590303972,5698.56
637,3.01,4.91,1.47,77.46,73.79,233.15459999999996,0.019921395863749032,3127.67
1302,3.26,6.7,1.93,76.32,90.39,248.80319999999998,0.02135191709791823,8723.4
687,3.4,7.06,1.27,72.8,78.81,247.51999999999998,0.016114704210797588,4850.219999999999
731,3.19,6.06,1.71,75.41,86.09,240.5579,0.01986293183146337,4429.86
662,3.43,5.77,1.37,75.65,77.11,259.47950000000003,0.017766824307246232,3819.74
457,1.91,7.97,2.7,76.95,69.57,146.9745,0.0388098262455331,3642.29
1288,2.22,4.79,2.83,78.0,72.27,173.16000000000003,0.039158704973197046,6169.52
877,5.07,12.69,4.75,82.74,83.4,419.4918,0.056954429621771024,11129.13
837,4.49,13.13,4.46,73.48,76.18,329.9252,0.05854554232796766,10989.810000000001
902,4.65,6.35,3.95,77.87,70.77,362.0955000000001,0.05581460282399282,5727.7
735,3.32,10.07,1.45,75.28,74.97,249.9296,0.019341067181396932,7401.45
864,4.44,6.75,3.25,77.01,75.96,341.92440000000005,0.042785671039274484,5832.0
1002,3.77,4.38,1.89,75.71,77.62,285.4267,0.024349391348957566,4388.76
557,2.13,6.45,1.79,75.54,75.19,160.9002,0.02380635406219523,3592.65
1258,2.56,4.28,1.54,76.0,83.37,194.56,0.018471870160504958,5384.240000000001
520,2.56,8.55,3.02,77.45,82.9,198.27200000000002,0.036429428657487495,4446.0
786,4.18,10.81,0.87,78.35,74.14,327.50299999999993,0.011734554662185774,8496.66
1003,3.48,6.14,1.5,76.14,82.97,264.9672,0.01807882149224762,6158.42
1056,4.05,5.99,1.75,82.09,88.36,332.4645,0.019805339542175244,6325.4400000000005
909,5.17,6.72,1.2,77.97,68.36,403.1049,0.01755412265153267,6108.48
625,2.93,6.25,2.27,76.37,74.39,223.7641,0.030514850045053093,3906.25
685,4.61,6.23,2.41,77.23,83.39,356.03030000000007,0.028900344297836156,4267.55
1071,4.03,6.38,1.24,86.63,87.3,349.1189,0.01420389298924479,6832.98
927,2.66,11.25,1.87,74.99,77.1,199.4734,0.02425421215898675,10428.75
478,5.42,7.51,2.56,76.92,71.69,416.9064,0.035709298966480826,3589.7799999999997
640,4.42,5.13,3.07,77.82,84.05,343.96439999999996,0.036525873108165005,3283.2
1188,2.48,4.74,3.2,81.29,85.94,201.59920000000002,0.03723527609549964,5631.12
693,4.65,6.55,2.05,74.19,79.98,344.9835,0.025631404647236223,4539.15
565,1.68,5.41,1.05,76.86,81.84,129.1248,0.012829910455778292,3056.65
1212,2.98,7.29,2.66,76.88,82.91,229.1024,0.032082977676640013,8835.48
793,2.55,5.71,1.67,78.31,77.49,199.6905,0.02155116511147695,4528.03
869,2.08,4.01,2.0,76.76,79.18,159.66080000000002,0.025258900573515965,3484.6899999999996
1368,4.49,7.12,2.46,75.85,82.65,340.56649999999996,0.02976406173453578,9740.16
905,2.15,3.55,1.51,76.34,76.04,164.131,0.019857966878226344,3212.75
705,5.45,6.82,1.94,76.65,66.74,417.74250000000006,0.02906802081689829,4808.1
571,3.03,3.83,2.77,73.86,82.89,223.79579999999999,0.033417778571868915,2186.93
736,2.4,5.34,1.84,77.12,84.25,185.088,0.02183976001901958,3930.24
497,3.97,6.85,2.7,80.81,76.98,320.81570000000005,0.0350740406502935,3404.45
783,3.58,8.9,1.63,75.61,74.14,270.6838,0.0219854299992676,6968.700000000001
1201,4.44,4.62,1.62,85.07,77.17,377.7108,0.020992610989683688,5548.62
885,2.41,7.31,2.57,74.4,67.07,179.30400000000003,0.03831816932784116,6469.349999999999
631,4.71,6.55,3.03,75.79,85.33,356.97090000000003,0.035509195416712123,4133.05
852,3.04,3.5,1.69,80.98,76.24,246.1792,0.022166838645482863,2982.0
898,2.61,5.44,1.77,77.09,84.19,201.2049,0.0210238720722328,4885.120000000001
1603,3.8,7.94,1.52,78.15,79.16,296.97,0.019201614552600485,12727.820000000002
653,2.93,7.2,2.81,75.57,80.65,221.4201,0.03484190516529384,4701.6
431,4.49,7.64,1.45,78.26,76.87,351.3874,0.018863013026796795,3292.8399999999997
971,3.9,5.85,2.88,76.94,85.22,300.066,0.03379487986448253,5680.349999999999
1141,2.6,8.33,0.89,73.09,85.58,190.03400000000002,0.010399624865666644,9504.53
479,3.32,4.23,2.59,73.8,84.05,245.016,0.030814987410471454,2026.1700000000003
648,3.22,6.95,0.91,75.5,65.43,243.11,0.013907991149626904,4503.6
779,3.09,4.69,4.79,76.45,90.67,236.2305,0.05282893428598938,3653.51
501,2.55,7.18,1.19,75.35,81.89,192.14249999999998,0.014531687076360107,3597.18
811,4.5,3.79,1.58,81.25,86.61,365.625,0.01824269504183177,3073.69
1489,5.02,5.69,1.74,77.58,86.37,389.4516,0.020145881654986493,8472.41
918,3.68,7.52,2.71,76.9,78.91,282.992,0.034342917964400206,6903.36
862,4.42,4.5,1.56,76.33,71.21,337.3786,0.021907032452319557,3879.0
839,4.74,7.08,1.31,77.55,70.44,367.587,0.018597385207639806,5940.12
1093,2.75,17.65,1.83,77.42,83.23,212.905,0.02198726156587029,19291.449999999997
693,2.42,10.6,1.93,75.46,78.27,182.61319999999998,0.024658231166701013,7345.8
907,2.68,4.19,1.52,78.88,76.87,211.3984,0.019773641241883536,3800.3300000000004
757,4.51,10.83,3.02,76.83,82.91,346.50329999999997,0.03642503480580934,8198.31
881,3.05,6.3,2.14,82.48,79.27,251.564,0.02699633821163893,5550.3
1080,2.08,10.15,2.26,80.05,74.67,166.504,0.030266501906186963,10962.0
509,0.0,5.55,1.13,78.69,71.18,0.0,0.01587524362528187,2824.95
641,3.23,6.33,3.19,77.16,69.36,249.2268,0.04599191955133801,4057.53
639,4.62,12.53,3.52,84.95,72.0,392.469,0.04888888209876637,8006.669999999999
572,2.88,6.85,1.48,76.83,92.43,221.2704,0.016012115545589574,3918.2
1311,4.78,0.57,3.21,83.52,76.94,399.2256,0.04172081599677463,747.27
571,2.16,5.58,1.42,75.44,79.61,162.9504,0.01783695291584563,3186.18
698,2.78,8.48,1.99,79.04,74.15,219.7312,0.02683748795178854,5919.04
423,2.15,4.41,1.7,87.01,80.06,187.07150000000001,0.0212340717918971,1865.43
727,2.28,4.71,3.54,75.06,85.9,171.1368,0.041210705330534884,3424.17
531,2.69,12.06,1.53,78.57,79.89,211.3533,0.019151330685776607,6403.860000000001
907,4.05,3.97,1.68,76.45,79.93,309.6225,0.02101838846260622,3600.79
434,4.64,5.58,2.37,75.59,77.58,350.7376,0.030549106657758875,2421.7200000000003
773,4.05,5.06,4.8,77.22,83.44,312.741,0.057526359356860096,3911.3799999999997
776,2.38,6.76,1.23,74.76,87.75,177.9288,0.014017092419704566,5245.76
491,3.66,5.49,3.28,77.09,68.39,282.1494,0.047960221090770416,2695.59
1283,3.66,8.05,3.36,76.0,83.54,278.16,0.04022024895615885,10328.150000000001
586,3.56,5.22,3.27,76.98,71.94,274.0488,0.04545453913614969,3058.92
509,4.03,7.04,2.17,76.01,76.65,306.32030000000003,0.02831049858962836,3583.36
651,2.02,3.13,3.09,77.11,76.73,155.7622,0.040271075163420406,2037.6299999999999
999,6.66,4.59,0.82,76.69,76.91,510.7554,0.01066181112185527,4585.41
942,2.48,1.92,1.44,75.39,89.56,186.9672,0.016078604725479596,1808.6399999999999
1795,2.28,5.82,2.22,75.43,75.92,171.9804,0.02924130278697276,10446.9
822,3.55,7.9,4.88,77.18,73.92,273.98900000000003,0.06601730708640326,6493.8
633,2.6,6.21,3.0,75.71,83.85,196.846,0.03577817104613345,3930.93
1047,3.28,5.46,1.46,77.4,81.77,253.872,0.017854956847871244,5716.62
677,3.02,6.89,1.46,77.43,85.86,233.8386,0.01700442382897463,4664.53
1568,2.14,4.76,3.91,82.76,78.39,177.1064,0.04987880470993689,7463.679999999999
464,2.06,4.4,4.85,75.8,75.93,156.148,0.06387461294947806,2041.6000000000001
930,3.0,7.05,1.18,75.68,79.9,227.04000000000002,0.014768458727351847,6556.5
893,4.3,2.63,2.62,75.17,75.93,323.231,0.03450546101600671,2348.5899999999997
1238,2.76,7.57,2.26,75.29,72.03,207.8004,0.0313758112764388,9371.66
638,3.28,4.93,2.38,76.45,81.58,250.756,0.02917381353593852,3145.3399999999997
439,3.81,8.61,2.26,74.11,86.84,282.3591,0.026024870333386647,3779.79
796,5.06,9.86,2.55,76.6,78.42,387.59599999999995,0.03251721084962881,7848.5599999999995
554,0.39,5.42,1.65,73.95,80.71,28.840500000000002,0.02044356084208142,3002.68
694,2.58,15.85,2.19,75.72,74.73,195.3576,0.029305495877760483,10999.9
476,4.02,6.71,1.62,77.0,76.93,309.53999999999996,0.02105810203326374,3193.96
753,5.68,17.94,4.77,76.86,88.02,436.5648,0.05419222288204693,13508.820000000002
1244,2.53,5.84,2.75,74.37,79.67,188.1561,0.034517379877321466,7264.96
676,5.4,5.53,2.28,75.4,73.0,407.1600000000001,0.031232872433853087,3738.28
807,2.65,5.94,1.69,85.86,92.79,227.529,0.018213167559740534,4793.58
719,3.77,4.94,2.65,77.12,77.9,290.74240000000003,0.03401796739178852,3551.86
658,3.28,6.83,1.94,77.06,73.34,252.7568,0.02645213710769878,4494.14
872,3.87,4.97,2.02,78.17,85.77,302.5179,0.02355135553790888,4333.84
673,5.21,8.83,2.86,82.62,82.64,430.4502,0.034607933856735974,5942.59
831,2.29,6.88,1.18,74.06,84.37,169.59740000000002,0.013986012328314288,5717.28
877,2.18,6.56,0.75,77.17,73.54,168.2306,0.010198530024676362,5753.12
402,2.6,13.14,4.91,76.62,67.77,199.21200000000002,0.07245092630206193,5282.280000000001
598,2.43,11.58,3.2,76.71,83.42,186.4053,0.03836010089186036,6924.84
1014,3.48,8.54,2.94,75.44,66.84,262.5312,0.04398563076217373,8659.56
798,3.32,4.68,2.31,73.94,69.18,245.4808,0.03339114868587038,3734.64
1103,2.89,5.22,1.84,86.04,85.26,248.65560000000002,0.021581043680384274,5757.66
758,2.26,5.97,1.06,79.59,82.29,179.8734,0.012881271979429823,4525.26
1048,2.6,7.1,3.77,82.13,80.49,213.53799999999998,0.04683811071709396,7440.799999999999
678,4.15,5.94,2.52,76.26,72.25,316.47900000000004,0.03487888790603628,4027.32
884,2.88,1.59,1.77,76.01,84.78,218.9088,0.020877563000995164,1405.5600000000002
525,3.96,8.41,1.58,76.62,75.98,303.4152,0.02079494330153418,4415.25
429,2.3,6.12,3.99,77.15,72.73,177.445,0.05486043519037052,2625.48
431,4.29,4.97,2.72,77.52,80.53,332.5608,0.03377622826571113,2142.0699999999997
537,2.49,3.85,2.28,84.1,81.95,209.409,0.027821839191965927,2067.4500000000003
543,4.62,6.24,1.54,77.12,66.15,356.29440000000005,0.023280419761085445,3388.32
1163,4.47,11.23,2.73,74.8,71.96,334.356,0.03793773791860229,13060.49
720,5.32,7.47,1.48,74.71,74.1,397.4572,0.01997300675128114,5378.4
1653,2.26,5.62,3.48,83.38,86.34,188.43879999999996,0.04030576322611035,9289.86
701,2.38,7.29,1.31,75.58,73.5,179.88039999999998,0.017823126826785465,5110.29
501,3.21,7.3,3.26,75.33,69.77,241.80929999999998,0.04672494672137785,3657.2999999999997
928,3.24,6.72,2.42,76.7,71.85,248.50800000000004,0.03368127575765125,6236.16
524,6.01,6.86,1.81,75.42,76.5,453.2742,0.023660127626127108,3594.6400000000003
674,3.9,8.06,2.32,76.87,81.71,299.793,0.02839309406521918,5432.4400000000005
1230,3.82,7.14,2.01,76.9,91.23,293.758,0.022032223826348365,8782.199999999999
818,2.16,5.03,1.93,76.67,75.73,165.6072,0.025485273275416175,4114.54
789,3.77,4.59,2.54,80.77,75.91,304.5029,0.03346067270969929,3621.5099999999998
1020,4.43,4.85,2.63,77.57,87.33,343.63509999999997,0.030115649820720274,4947.0
734,4.32,4.33,1.72,76.78,73.47,331.68960000000004,0.02341091283368547,3178.2200000000003
676,2.12,6.37,1.37,78.38,88.54,166.1656,0.015473230689718693,4306.12
945,4.76,8.73,1.76,76.64,73.63,364.8064,0.02390329703880252,8249.85
969,2.57,6.04,1.4,74.25,67.76,190.8225,0.020661153975626623,5852.76
635,2.27,4.42,1.47,85.93,84.3,195.0611,0.01743772035139735,2806.7
731,3.47,7.35,2.36,76.04,79.78,263.85880000000003,0.029581345001084856,5372.849999999999
1155,3.06,5.37,4.1,76.47,75.13,233.9982,0.05457206780619355,6202.35
960,2.39,6.7,1.15,78.89,86.75,188.5471,0.013256482621731108,6432.0
1256,2.5,3.3,2.89,75.22,85.61,188.05,0.033757734638741425,4144.8
1120,4.06,4.95,1.23,78.27,77.9,317.77619999999996,0.01578947165732071,5544.0
588,0.3,3.77,1.06,76.1,74.12,22.83,0.014301131367899168,2216.76
395,2.17,6.36,1.39,76.26,84.25,165.48420000000002,0.016498514362194138,2512.2000000000003
962,5.56,7.6,2.84,80.04,86.16,445.0224,0.03296192746495735,7311.2
876,5.06,4.84,0.19,77.31,84.23,391.1886,0.0022557280950103176,4239.84
479,2.32,5.06,4.82,84.09,83.69,195.0888,0.05759349293900192,2423.74
640,3.6,6.32,1.33,75.83,79.96,272.988,0.016633314578124742,4044.8
692,4.35,4.61,2.56,77.13,67.22,335.5155,0.03808389793455847,3190.1200000000003
450,2.1,4.24,2.38,78.07,81.8,163.947,0.02909535096633851,1908.0
1038,5.44,10.96,2.05,77.2,76.67,419.968,0.026737964427029547,11376.480000000001
439,2.18,5.51,1.39,75.83,69.44,165.3094,0.020017278223318228,2418.89
1224,4.58,5.56,2.68,80.94,70.05,370.7052,0.038258381404941984,6805.44
1265,4.8,4.29,0.87,76.97,69.27,369.45599999999996,0.012559547775437017,5426.85
1523,2.54,5.52,1.47,74.23,76.25,188.54420000000002,0.0192786859962379,8406.96
663,3.13,5.65,2.99,76.09,74.52,238.1617,0.04012345140587072,3745.9500000000003
1055,5.54,4.79,2.45,75.76,86.39,419.71040000000005,0.028359760578798406,5053.45
891,5.56,5.15,3.38,77.35,84.57,430.0659999999999,0.039966886606729736,4588.650000000001
941,4.52,6.15,1.51,78.29,76.8,353.8708,0.019661455773247946,5787.150000000001
970,4.96,8.16,1.49,78.29,76.09,388.31840000000005,0.01958207128636203,7915.2
960,4.94,5.89,0.96,80.94,88.49,399.84360000000004,0.010848682241080095,5654.4
513,2.71,2.19,2.38,76.69,80.61,207.82989999999998,0.029524869181879517,1123.47
816,0.69,7.15,2.59,76.15,84.47,52.5435,0.030661769780777816,5834.400000000001
902,1.25,5.85,1.02,74.65,80.68,93.3125,0.012642536856403461,5276.7
899,4.06,4.67,2.0,84.97,78.11,344.97819999999996,0.025604912865841392,4198.33
923,2.97,5.94,4.13,77.42,73.82,229.93740000000003,0.05594689028083307,5482.620000000001
629,4.23,7.43,3.24,83.73,79.41,354.1779000000001,0.04080090154880978,4673.47
712,4.07,4.38,1.66,73.86,70.72,300.6102,0.023472847359608685,3118.56
644,5.35,6.31,4.36,75.13,71.32,401.9454999999999,0.061132913469866317,4063.64
1057,2.05,6.88,1.6,76.62,87.63,157.071,0.018258585158212354,7272.16
534,2.39,7.35,1.32,75.37,74.11,180.13430000000002,0.017811359086309663,3924.8999999999996
948,4.65,8.58,2.62,74.99,72.62,348.7035,0.036078210399585454,8133.84
757,1.13,12.86,2.41,79.16,80.78,89.45079999999999,0.02983411366252616,9735.02
570,3.86,8.98,2.49,73.74,74.84,284.6364,0.03327097364097092,5118.6
1175,3.06,10.68,1.17,76.77,83.76,234.9162,0.013968479707679116,12549.0
695,4.38,8.51,2.67,77.2,66.37,338.136,0.040229013073826564,5914.45
765,3.66,5.6,2.91,77.4,81.49,283.28400000000005,0.035709898673469305,4284.0
728,4.28,7.25,1.9,74.83,72.8,320.2724,0.026098897513887703,5278.0
465,4.06,10.69,1.81,74.82,74.49,303.76919999999996,0.024298560303589706,4970.849999999999
556,2.12,6.13,2.45,79.48,82.22,168.4976,0.029798099027231937,3408.2799999999997
1046,1.7,5.9,2.59,79.57,67.41,135.26899999999998,0.038421593469575216,6171.400000000001
830,3.23,13.48,2.57,87.48,73.43,282.5604,0.03499931431304448,11188.4
659,3.55,7.35,2.74,78.47,82.42,278.5685,0.033244354131963826,4843.65
413,2.84,6.02,2.95,72.95,80.11,207.178,0.03682436189934317,2486.2599999999998
548,2.68,7.22,1.3,76.34,70.34,204.59120000000001,0.018481657878638345,3956.56
416,3.02,6.97,1.82,73.85,84.65,223.027,0.021500292793822467,2899.52
592,2.47,5.7,2.09,77.66,86.35,191.8202,0.02420381885306093,3374.4
973,3.73,12.78,6.51,76.64,80.66,285.8672,0.08070913951039678,12434.939999999999
550,2.88,4.4,2.04,77.7,76.73,223.776,0.026586729234102796,2420.0
577,3.18,12.09,2.05,74.26,68.66,236.14680000000004,0.029857263347325465,6975.93
540,3.54,6.91,2.84,75.26,87.38,266.42040000000003,0.03250171292038076,3731.4
875,2.44,7.27,2.41,77.62,80.2,189.3928,0.03004987156485392,6361.25
1692,3.56,4.44,2.23,78.19,77.79,278.3564,0.02866692008395422,7512.4800000000005
755,2.59,5.36,2.53,75.68,83.08,196.0112,0.03045257216507316,4046.8
670,2.69,5.78,5.94,75.22,73.37,202.3418,0.08095950920546419,3872.6000000000004
1437,2.96,4.9,2.7,74.3,84.32,219.928,0.03202086906773375,7041.3
934,3.78,6.94,1.29,74.84,74.59,282.8952,0.017294541185877303,6481.96
665,2.3,8.38,1.9,85.73,82.73,197.179,0.022966273061008933,5572.700000000001
1432,3.55,12.36,3.39,83.07,76.01,294.89849999999996,0.04459938894890291,17699.52
1235,2.03,4.05,2.12,75.66,82.34,153.58979999999997,0.02574689995786981,5001.75
742,2.5,6.01,4.85,86.06,78.28,215.15,0.06195706924411481,4459.42
752,3.66,13.18,1.74,76.9,71.01,281.454,0.024503587592791493,9911.36
639,3.63,6.89,2.16,82.79,79.93,300.52770000000004,0.027023642309065142,4402.71
1093,4.31,7.91,2.18,77.11,87.71,332.34409999999997,0.02485463175753828,8645.630000000001
1278,2.62,14.73,1.92,85.08,85.45,222.9096,0.022469277651342576,18824.940000000002
625,2.65,5.03,1.93,76.25,82.37,202.0625,0.02343085790568679,3143.75
422,3.01,9.49,1.49,80.22,80.09,241.46219999999997,0.01860406809788137,4004.78
1033,0.68,2.26,3.85,77.3,76.56,52.564,0.05028734975348096,2334.58
880,3.66,3.71,1.43,75.5,78.39,276.33,0.018242120392636764,3264.8
612,3.32,7.23,3.36,74.38,79.73,246.94159999999997,0.04214222474072184,4424.76
1162,3.04,6.61,1.67,77.72,84.74,236.2688,0.01970733777350274,7680.820000000001
776,4.91,8.53,1.22,80.02,78.05,392.8982,0.015631003762843848,6619.28
526,3.97,10.0,2.59,80.12,75.68,318.07640000000004,0.03422303987539113,5260.0
1017,2.74,6.37,1.11,76.1,72.99,208.514,0.015207560596306263,6478.29
607,3.6,5.22,2.08,76.88,70.13,276.768,0.029659200105632385,3168.54
789,3.14,7.63,2.19,73.44,86.47,230.6016,0.025326699973782816,6020.07
597,3.93,4.99,4.29,82.64,76.33,324.77520000000004,0.0562033202930276,2979.03
445,4.16,5.54,3.17,77.66,79.78,323.0656,0.039734264259931776,2465.3
569,2.59,4.0,4.33,76.25,75.43,197.48749999999998,0.05740420821898339,2276.0
878,4.46,3.9,1.3,74.73,91.03,333.29580000000004,0.014281004692847996,3424.2
1072,1.85,5.85,2.41,73.22,76.25,135.457,0.031606553231927445,6271.2
406,3.46,16.15,2.47,75.66,71.6,261.7836,0.034497201885865664,6556.9
1212,5.05,6.87,5.24,76.49,79.75,386.27449999999993,0.0657053209146933,8326.44
432,4.71,6.01,3.24,77.09,83.51,363.0939,0.03879774412672205,2596.3199999999997
1555,3.93,4.74,4.7,80.02,71.88,314.4786,0.06538674660729736,7370.700000000001
820,4.78,4.61,4.63,75.64,71.88,361.55920000000003,0.06441290144506101,3780.2000000000003
441,5.03,11.56,5.94,76.76,66.51,386.10280000000006,0.08930986478576683,5097.96
686,3.18,7.39,1.9,78.91,83.16,250.9338,0.02284752010010581,5069.54
733,3.53,4.23,2.4,76.61,73.91,270.4333,0.03247192092113098,3100.59
398,3.7,4.82,1.97,77.31,75.77,286.047,0.025999732611886945,1918.3600000000001
970,4.6,6.26,2.46,76.47,79.33,351.76199999999994,0.031009702381230003,6072.2
439,4.6,7.53,4.65,77.33,73.86,355.71799999999996,0.06295693704888478,3305.67
604,2.29,3.82,1.23,74.56,78.46,170.7424,0.0156767759779791,2307.2799999999997
624,3.54,11.82,2.02,76.4,81.97,270.456,0.024643159126124296,7375.68
1164,4.98,6.15,0.91,75.35,72.67,375.243,0.012522359636389205,7158.6
967,2.87,12.01,1.5,76.67,82.12,220.0429,0.01826595004067827,11613.67
535,2.91,6.18,2.13,75.38,77.79,219.3558,0.02738140797256614,3306.2999999999997
876,3.72,4.25,1.78,75.68,77.86,281.5296,0.022861543429033723,3723.0
523,2.95,6.27,3.21,79.67,68.75,235.02650000000003,0.046690902299505115,3279.2099999999996
620,3.17,4.32,2.48,77.62,77.64,246.05540000000002,0.031942293670492825,2678.4
541,3.9,5.64,5.12,76.68,79.55,299.052,0.06436202836429562,3051.24
1261,2.51,3.85,1.08,77.68,70.43,194.9768,0.015334372379046942,4854.85
692,5.28,6.32,1.51,75.25,77.25,397.32,0.01954692303599702,4373.4400000000005
750,4.15,3.77,2.37,77.05,84.55,319.7575,0.028030747719604055,2827.5
1565,2.12,8.58,2.76,74.81,76.99,158.59720000000002,0.03584880687767153,13427.7
987,4.07,5.56,1.33,76.24,72.65,310.2968,0.018306948615698745,5487.719999999999
764,2.53,6.76,3.17,77.11,78.62,195.08829999999998,0.040320523998915794,5164.639999999999
880,5.03,11.77,2.52,75.28,70.34,378.65840000000003,0.035825982964745096,10357.6
503,4.47,7.8,2.12,76.94,67.54,343.92179999999996,0.03138880198566746,3923.4
1027,2.82,8.99,1.45,75.51,82.06,212.9382,0.017669995409457052,9232.73
469,4.1,5.03,1.94,75.54,87.2,309.714,0.02224770387067616,2359.07
710,4.29,16.17,2.56,73.81,71.08,316.6449,0.03601575182670908,11480.7
594,3.08,6.17,2.1,77.89,81.4,239.90120000000002,0.025798522629174123,3664.98
681,2.85,6.84,2.86,77.47,84.41,220.7895,0.03388223742658009,4658.04
1024,5.11,7.64,1.36,78.4,81.09,400.6240000000001,0.01677148640134586,7823.36
522,2.28,5.42,1.87,87.17,71.79,198.74759999999998,0.02604819249920706,2829.24
667,4.1,8.38,1.21,77.56,83.88,317.996,0.014425367855821667,5589.460000000001
592,2.86,1.45,2.41,77.96,81.59,222.96559999999997,0.029537929950002456,858.4
687,2.78,17.23,3.3,73.27,70.57,203.69059999999996,0.04676207357771382,11837.01
1131,4.26,5.51,2.56,76.01,81.97,323.8026,0.031230934338058517,6231.8099999999995
1016,3.08,7.41,1.4,77.59,76.95,238.9772,0.018193629864375584,7528.56
731,2.18,10.32,1.91,77.96,80.91,169.9528,0.023606473414105374,7543.92
978,3.26,5.89,2.78,77.37,65.7,252.2262,0.04231353998271841,5760.42
1254,1.77,7.9,6.23,76.71,74.7,135.77669999999998,0.08340025657292416,9906.6
562,3.76,8.62,2.67,73.77,84.06,277.37519999999995,0.03176302263109414,4844.44
1372,3.06,5.13,4.16,87.6,78.24,268.056,0.053169727355607446,7038.36
576,3.34,5.74,2.88,73.41,79.28,245.18939999999998,0.036326937900234876,3306.2400000000002
482,2.94,7.5,0.33,75.27,81.5,221.29379999999998,0.004049079257781686,3615.0
406,4.31,6.18,1.3,76.79,79.44,330.9649,0.016364549803052644,2509.08
902,2.74,5.11,1.97,77.38,74.2,212.0212,0.02654986165096204,4609.22
1271,5.02,7.87,2.42,83.28,77.02,418.06559999999996,0.031420406203530746,10002.77
501,2.82,4.75,2.99,75.76,70.23,213.6432,0.04257439234310233,2379.75
938,4.25,5.98,3.05,74.83,85.94,318.0275,0.03548987252852309,5609.240000000001
712,2.17,5.0,3.06,77.56,87.64,168.3052,0.03491555968558196,3560.0
609,3.61,6.55,4.76,81.13,82.38,292.8793,0.05778100779545912,3988.95
490,4.22,4.49,1.34,76.4,78.01,322.408,0.017177282761532783,2200.1
621,2.85,2.8,0.82,74.72,91.72,212.952,0.008940251969008725,1738.8
791,3.42,6.04,1.42,78.14,68.46,267.23879999999997,0.020742036117143425,4777.64
500,4.1,10.89,0.54,77.19,81.17,316.479,0.006652703381458251,5445.0
609,2.74,5.79,1.12,77.28,79.5,211.74720000000002,0.014088048542383831,3526.11
672,3.0,5.76,1.73,76.86,78.62,230.57999999999998,0.02200457618868275,3870.72
884,0.6,7.78,1.48,74.68,82.84,44.808,0.017865763174099086,6877.52
644,4.11,6.12,2.51,74.09,70.41,304.5099,0.035648340342516634,3941.28
1709,2.59,5.9,2.01,77.26,81.25,200.1034,0.02473845849372818,10083.1
923,4.85,6.71,2.32,75.06,74.09,364.041,0.0313132634210739,6193.33
710,2.62,11.21,2.64,76.67,72.88,200.8754,0.03622392477717827,7959.1
806,2.31,7.07,2.01,75.72,77.2,174.9132,0.026036266057478486,5698.42
530,2.83,5.63,2.95,75.1,74.23,212.533,0.03974133911607987,2983.9
1367,4.41,6.32,2.03,77.22,80.28,340.5402,0.02528649410980392,8639.44
530,2.46,6.66,2.14,77.0,76.99,189.42,0.027795814028339524,3529.8
528,4.17,2.46,1.64,75.75,75.42,315.8775,0.02174489237007526,1298.8799999999999
546,4.38,5.98,1.81,83.36,75.38,365.1168,0.024011670998717035,3265.0800000000004
718,3.98,5.64,2.41,78.01,80.21,310.4798,0.03004612516567446,4049.52
712,3.69,7.65,2.01,84.88,79.77,313.2072,0.025197439488850507,5446.8
655,3.11,6.54,2.14,75.13,77.28,233.65429999999998,0.027691507803893917,4283.7
925,4.28,6.03,3.18,76.19,77.58,326.0932,0.04098994057876507,5577.75
1186,2.46,5.35,2.87,74.93,73.48,184.32780000000002,0.03905824182658658,6345.099999999999
621,3.11,5.1,2.79,75.07,75.35,233.46769999999998,0.037027201456244004,3167.1
1376,4.05,4.8,2.9,74.59,82.38,302.0895,0.03520271483336795,6604.8
608,2.42,9.48,2.21,73.81,72.14,178.6202,0.03063487238219124,5763.84
701,2.3,6.26,2.87,75.35,80.64,173.30499999999998,0.03559027336430142,4388.26
1015,2.71,3.0,2.31,78.79,89.43,213.5209,0.025830255414261944,3045.0
670,2.13,6.18,2.55,76.1,76.43,162.093,0.033363857992429934,4140.599999999999
1098,2.96,5.64,1.22,76.61,72.64,226.7656,0.016795151872914114,6192.719999999999
443,3.96,4.96,1.46,78.44,68.35,310.62239999999997,0.021360640620242777,2197.28
534,2.51,4.65,2.66,77.35,84.13,194.14849999999996,0.03161773070037672,2483.1000000000004
635,1.97,10.17,5.52,75.88,91.02,149.4836,0.06064600520259226,6457.95
695,5.05,2.38,1.78,76.3,70.1,385.315,0.025392293096677163,1654.1
946,4.07,4.08,2.85,74.74,75.51,304.1918,0.0377433402538286,3859.6800000000003
667,2.83,5.4,2.93,87.41,77.6,247.3703,0.037757727093076406,3601.8
670,3.04,7.16,2.77,76.88,84.21,233.71519999999998,0.03289395168104125,4797.2
562,4.81,6.1,3.42,83.23,76.53,400.3363,0.04468835166753538,3428.2
545,2.55,7.36,1.43,82.31,75.85,209.8905,0.01885299685524102,4011.2000000000003
767,3.5,4.52,1.54,75.32,73.73,263.62,0.020887017375964007,3466.8399999999997
595,2.33,5.26,1.8,77.17,79.1,179.80610000000001,0.02275600218002501,3129.7
1460,3.4,4.92,1.67,76.72,88.61,260.848,0.01884662917880271,7183.2
471,4.22,2.72,2.4,77.07,80.28,325.23539999999997,0.029895362494349462,1281.1200000000001
1123,3.54,4.17,1.44,76.41,82.21,270.4914,0.017516115130018838,4682.91
546,4.62,9.38,3.16,73.93,78.42,341.55660000000006,0.040295837758755705,5121.4800000000005
656,2.55,5.77,1.73,76.0,74.62,193.79999999999998,0.023184129833271262,3785.12
617,3.18,4.65,1.68,75.13,69.83,238.9134,0.02405842416462492,2869.05
452,1.65,7.71,1.62,76.2,65.77,125.73,0.024631287117031,3484.92
668,5.6,6.94,1.02,75.82,67.29,424.5919999999999,0.015158267921196622,4635.92
508,2.07,5.36,1.25,74.58,63.58,154.3806,0.019660267433113016,2722.88
529,3.84,8.33,1.28,76.43,82.92,293.4912,0.015436563502585201,4406.57
620,3.79,8.76,1.16,86.02,80.06,326.0158,0.014489131340353316,5431.2
742,2.02,6.49,1.64,77.31,78.23,156.1662,0.020963821939943506,4815.58
836,4.96,5.86,2.24,77.17,66.08,382.7632,0.033898299954857755,4898.96
525,3.46,11.01,1.67,75.5,68.39,261.23,0.024418771104142256,5780.25
826,3.06,17.44,2.06,78.51,74.61,240.24060000000003,0.027610236213612624,14405.44
384,1.78,11.89,0.91,79.34,88.36,141.2252,0.010298776561931127,4565.76
500,6.03,5.17,1.38,77.46,80.73,467.0838,0.01709401497658677,2585.0
513,3.59,3.94,3.26,77.13,85.73,276.89669999999995,0.03802635739806865,2021.22
452,3.98,5.63,1.84,75.58,80.5,300.8084,0.022857140017746583,2544.7599999999998
914,3.59,4.45,2.68,85.1,92.17,305.50899999999996,0.029076702931897264,4067.3
857,4.49,6.57,2.42,75.53,78.36,339.1297,0.030883099683116425,5630.490000000001
949,3.98,6.79,1.13,77.62,73.66,308.92760000000004,0.015340752736797076,6443.71
605,3.47,7.2,3.05,76.26,82.18,264.6222,0.03711364844078261,4356.0
723,4.64,8.15,3.1,79.62,70.89,369.4368,0.043729715935997185,5892.45
613,3.1,8.23,2.27,87.08,88.12,269.948,0.02576032390373083,5044.990000000001
598,2.58,6.57,1.9,83.02,80.17,214.1916,0.023699635312506507,3928.86
749,3.09,7.16,1.12,76.09,79.62,235.1181,0.014066815615823208,5362.84
1032,2.43,2.28,2.43,74.79,84.86,181.73970000000003,0.02863539610707093,2352.9599999999996
607,3.8,7.85,1.27,75.05,74.31,285.19,0.017090564245651425,4764.95
800,2.93,4.27,1.98,77.12,79.9,225.96160000000003,0.02478097311877683,3415.9999999999995
389,3.7,6.72,2.37,80.37,73.24,297.369,0.03235936204814827,2614.08
734,4.23,5.62,1.38,80.43,76.74,340.2189000000001,0.01798279671842628,4125.08
927,2.68,5.21,2.36,74.72,78.07,200.24960000000002,0.030229277542042073,4829.67
585,1.74,4.6,1.24,86.76,87.8,150.9624,0.014123005225170248,2691.0
966,4.41,8.34,1.14,76.6,89.18,337.806,0.012783133798706681,8056.44
680,4.31,7.83,3.06,77.79,74.38,335.2749,0.0411400858913571,5324.4
985,3.73,6.22,1.57,85.8,84.73,320.034,0.018529444290163545,6126.7
1011,3.08,5.81,3.18,74.25,77.62,228.69,0.04096881719030956,5873.91
1189,3.78,6.07,1.0,75.94,71.17,287.0532,0.014050862153876329,7217.2300000000005
766,2.66,12.27,1.94,75.4,65.91,200.56400000000002,0.029434072305557227,9398.82
770,3.99,2.75,0.96,76.16,80.49,303.8784,0.011926945965095545,2117.5
527,4.0,6.93,1.27,76.98,81.99,307.92,0.015489691975888283,3652.1099999999997
795,2.9,8.7,3.24,81.58,82.32,236.582,0.03935859580191985,6916.499999999999
640,2.39,3.36,1.83,74.59,73.55,178.2701,0.024881029927800148,2150.4
561,4.92,13.95,1.64,77.04,82.83,379.0368,0.019799587130316654,7825.95
529,2.69,9.86,1.76,76.7,80.21,206.323,0.02194239846123944,5215.94
850,2.54,3.81,2.94,72.95,85.85,185.293,0.03424577352990407,3238.5
679,5.07,5.31,2.0,77.52,82.75,393.0264,0.024169181369283217,3605.49
341,4.02,4.87,2.78,78.66,85.01,316.2132,0.03270203120785422,1660.67
1240,4.49,6.63,2.92,79.54,79.66,357.13460000000003,0.0366557824936251,8221.2
647,2.2,5.77,1.7,76.57,67.33,168.454,0.025248770941813315,3733.1899999999996
923,2.62,1.69,1.57,76.27,82.24,199.8274,0.019090464604758682,1559.87
954,2.13,5.76,1.42,85.34,85.64,181.7742,0.01658103496251343,5495.04
1266,4.01,11.88,1.61,76.78,76.87,307.88779999999997,0.020944448946995063,15040.080000000002
1226,4.24,1.82,2.16,77.85,73.29,330.084,0.029471956682773,2231.32
655,2.3,7.07,2.7,76.87,80.55,176.801,0.03351954891129126,4630.85
589,2.29,4.36,5.44,75.32,72.62,172.4828,0.0749104826617347,2568.04
688,3.82,7.31,4.35,80.03,71.5,305.7146,0.060839152330188474,5029.28
586,4.85,7.76,2.72,75.07,79.34,364.08949999999993,0.03428282905434471,4547.36
405,2.41,7.33,1.94,84.48,91.32,203.59680000000003,0.021243974896629995,2968.65
651,3.7,6.03,3.15,75.02,80.0,277.574,0.03937499507812561,3925.53
368,4.47,13.25,3.37,76.5,80.83,341.955,0.041692435767359176,4876.0
1084,2.42,7.46,2.8,74.55,89.3,180.411,0.03135497969149163,8086.64
1222,3.63,2.68,1.65,76.75,76.77,278.60249999999996,0.021492767813889823,3274.96
1266,5.25,10.97,2.89,77.81,80.62,408.5025,0.03584717987507072,13888.02
929,3.13,7.02,2.6,76.6,80.55,239.75799999999998,0.03227808413679899,6521.58
538,4.02,5.89,1.76,74.72,71.33,300.3744,0.024674046730121024,3168.8199999999997
669,4.75,4.91,1.17,77.08,80.05,366.13,0.01461586325848054,3284.79
1038,2.59,4.87,2.79,75.46,85.0,195.44139999999996,0.03282352555017346,5055.06
1145,4.44,5.69,2.97,74.06,71.0,328.82640000000004,0.041830980023805635,6515.05
733,2.02,7.62,3.09,84.37,79.1,170.4274,0.03906447040904293,5585.46
398,4.79,9.86,1.53,82.92,87.43,397.1868,0.017499712055391504,3924.2799999999997
1260,3.56,4.14,2.32,87.15,88.49,310.254,0.026217648749276894,5216.4
797,2.55,5.76,2.79,78.59,70.95,200.40449999999998,0.03932346168802513,4590.72
854,5.33,3.99,5.12,81.89,82.21,436.4737,0.062279520462289205,3407.46
1105,4.23,4.59,2.41,75.84,74.07,320.80320000000006,0.0325367851307162,5071.95
689,4.04,9.43,2.59,75.5,83.37,305.02,0.031066327088121973,6497.2699999999995
948,4.41,4.27,2.04,77.21,85.66,340.49609999999996,0.023815080105640894,4047.9599999999996
471,2.11,4.54,3.0,77.79,68.74,164.1369,0.043642705318198236,2138.34
777,2.43,2.66,1.27,81.97,81.58,199.18710000000002,0.0155675391557319,2066.82
866,4.34,8.02,3.12,85.27,77.65,370.0718,0.04018029102636303,6945.32
520,2.08,8.01,1.7,74.15,73.61,154.23200000000003,0.023094685084270466,4165.2
583,2.14,6.52,4.8,76.6,81.58,163.924,0.05883794326575836,3801.16
605,2.22,8.01,1.82,73.8,88.25,163.836,0.020623227124846783,4846.05
716,3.7,5.75,1.06,80.98,70.51,299.62600000000003,0.015033326473787197,4117.0
1512,2.72,9.8,1.17,76.26,78.2,207.42720000000003,0.014961634915391953,14817.6
695,2.76,8.0,1.37,87.5,73.23,241.49999999999997,0.018708177153055148,5560.0
1452,3.42,7.91,1.04,82.33,90.19,281.5686,0.011531210607471936,11485.32
852,2.59,6.37,2.78,75.71,82.23,196.08889999999997,0.033807608682037124,5427.24
1362,2.45,5.9,1.49,85.37,81.19,209.15650000000002,0.018352011534424,8035.8
639,4.41,7.11,1.95,80.21,71.65,353.7261,0.02721562774380631,4543.29
591,4.59,4.46,2.88,76.52,72.6,351.22679999999997,0.03966941602349641,2635.86
733,2.75,4.72,1.01,77.02,80.42,211.80499999999998,0.012559063347542483,3459.7599999999998
956,1.8,6.07,3.97,80.1,84.41,144.18,0.04703233656766538,5802.92
781,5.76,9.69,1.98,73.11,75.9,421.11359999999996,0.02608695308472291,7567.889999999999
771,4.26,5.68,5.56,85.03,82.47,362.2278,0.06741844702092312,4379.28
779,4.67,6.47,1.34,75.46,72.15,352.3982,0.01857241599827914,5040.13
747,4.39,6.71,1.91,87.33,73.78,383.3787,0.025887770955845626,5012.37
537,2.1,5.74,1.08,74.22,82.07,155.862,0.013159496386073307,3082.38
524,3.75,5.19,2.78,76.02,76.61,285.075,0.03628768616529354,2719.5600000000004
700,3.38,3.99,1.39,81.58,79.53,275.74039999999997,0.017477679180475394,2793.0
879,3.68,5.72,1.99,78.48,81.07,288.80640000000005,0.024546685019528183,5027.88
710,2.5,5.71,1.11,76.58,73.69,191.45,0.015063100140711069,4054.1
459,4.68,6.25,2.37,75.14,71.11,351.6552,0.03332864107317662,2868.75
1673,3.55,3.17,2.23,78.06,81.12,277.113,0.027490134678237833,5303.41
939,3.06,7.77,2.29,87.98,73.36,269.21880000000004,0.031215917227928405,7296.03
692,2.55,6.08,2.44,76.4,79.15,194.82,0.030827538745731044,4207.36
987,2.29,3.53,2.35,83.9,78.85,192.13100000000003,0.029803420443447,3484.1099999999997
1367,2.38,3.81,1.89,85.21,72.93,202.79979999999998,0.025915257655936146,5208.27
1159,2.13,7.29,1.68,73.81,89.19,157.21529999999998,0.018836190286333637,8449.11
627,2.53,7.28,2.31,76.02,82.72,192.33059999999998,0.027925528538983495,4564.56
564,3.34,4.81,0.99,76.91,76.23,256.8794,0.01298701128335153,2712.8399999999997
580,3.44,12.65,2.72,75.49,78.99,259.68559999999997,0.03443473421512417,7337.0
914,1.99,5.03,1.76,75.61,86.9,150.4639,0.020253162226333457,4597.42
653,2.46,5.12,2.75,87.03,77.17,214.0938,0.03563560507508033,3343.36
895,4.05,3.55,1.94,77.47,70.28,313.7535,0.027603866305653625,3177.25
468,5.43,3.97,2.52,76.38,75.76,414.74339999999995,0.033262931195494824,1857.96
1108,2.76,7.59,4.52,76.03,80.05,209.84279999999998,0.0564647025028479,8409.72
1058,4.57,8.47,2.51,75.97,73.18,347.1829,0.03429898410781851,8961.26
894,4.43,6.81,2.68,82.34,82.57,364.76619999999997,0.03245730501909834,6088.139999999999
745,3.96,7.65,2.51,78.27,67.83,309.94919999999996,0.037004269938925256,5699.25
680,0.81,3.78,0.95,77.77,71.92,62.993700000000004,0.013209119409188067,2570.4
438,4.62,7.0,2.82,77.04,71.15,355.92480000000006,0.039634569271318434,3066.0
1667,3.63,4.27,1.82,77.03,68.61,279.6189,0.026526741506086356,7118.089999999999
525,3.61,7.27,1.48,78.08,72.35,281.86879999999996,0.02045611327489796,3816.75
753,2.53,6.1,3.07,76.8,78.24,194.30399999999997,0.03923823629368146,4593.3
959,2.66,11.54,1.96,77.95,75.07,207.347,0.026108961488082925,11066.859999999999
1008,2.31,2.07,1.62,78.27,86.91,180.8037,0.01863997024048208,2086.56
723,3.24,4.5,2.53,76.49,83.95,247.8276,0.030136982711496993,3253.5
549,3.19,7.22,2.4,80.46,70.11,256.6674,0.034231916383979974,3963.7799999999997
826,3.68,9.32,1.47,72.74,75.34,267.6832,0.019511545060851464,7698.320000000001
773,4.2,5.08,1.77,77.12,76.02,323.90400000000005,0.023283343424974557,3926.84
853,2.1,0.92,1.26,77.94,88.5,163.674,0.01423728652686028,784.76
895,2.28,6.08,0.91,77.77,76.54,177.3156,0.01188920670378799,5441.6
462,3.53,6.94,6.0,77.04,65.76,271.95120000000003,0.09124086203758179,3206.28
660,2.64,9.0,2.54,77.84,81.9,205.4976,0.03101342722668776,5940.0
858,3.08,5.82,2.56,76.11,82.82,234.4188,0.030910404381743015,4993.56
1340,5.04,6.16,2.58,77.89,68.55,392.5656,0.03763675599755566,8254.4
407,2.48,4.01,2.57,77.85,84.94,193.06799999999998,0.03025664819205931,1632.07
499,2.37,4.05,3.2,77.18,85.19,182.91660000000002,0.03756308985055877,2020.9499999999998
834,2.86,5.47,1.95,76.0,77.08,217.35999999999999,0.02529838799969019,4561.98
1272,2.69,3.04,1.54,75.34,78.37,202.6646,0.019650373912163593,3866.88
766,4.57,5.78,1.42,76.04,84.96,347.50280000000004,0.01671374567870225,4427.4800000000005
837,3.78,6.86,1.58,78.07,84.11,295.10459999999995,0.018784922270250592,5741.820000000001
1349,2.65,8.53,2.72,78.01,84.74,206.72650000000002,0.03209817888857932,11506.97
530,4.37,10.88,1.07,86.57,75.16,378.3109,0.014236294007943852,5766.400000000001
767,3.71,5.2,3.09,74.14,77.98,275.0594,0.03962553993004104,3988.4
638,4.53,8.09,0.98,74.65,75.09,338.16450000000003,0.013051003722066357,5161.42
685,4.14,7.07,3.12,76.84,75.38,318.1176,0.04139028371049566,4842.95
962,4.39,2.74,1.86,74.77,81.83,328.24029999999993,0.022730047326158215,2635.88
1435,3.74,6.53,1.8,78.47,76.43,293.4778,0.023550958582891718,9370.550000000001
833,2.44,5.63,1.29,75.35,80.03,183.85399999999998,0.016118953377614223,4689.79
958,3.01,7.91,2.74,83.44,86.56,251.15439999999998,0.031654340150838706,7577.78
547,2.71,5.49,2.49,76.7,74.34,207.857,0.03349474932812089,3003.03
392,4.15,12.18,1.55,77.41,69.24,321.2515,0.022385900868587397,4774.5599999999995
487,3.24,1.33,2.57,75.86,72.38,245.78640000000001,0.0355070412397014,647.71
733,1.91,5.47,2.26,78.1,85.19,149.171,0.026528932206957127,4009.5099999999998
663,2.31,2.68,2.54,78.45,71.33,181.2195,0.03560913562187921,1776.8400000000001
1108,3.19,6.99,2.04,76.77,83.28,244.8963,0.024495674292066005,7744.92
453,2.32,6.0,1.29,78.32,76.01,181.70239999999998,0.0169714488920604,2718.0
1022,1.79,7.35,1.47,73.58,82.0,131.7082,0.017926827082094258,7511.7
1171,5.71,7.78,2.52,76.96,78.56,439.44159999999994,0.032077388992185714,9110.380000000001
466,2.65,4.71,4.57,77.07,74.05,204.23549999999997,0.06171504905941269,2194.86
468,3.03,5.14,0.87,76.09,81.79,230.5527,0.010636995887395048,2405.52
829,3.58,5.13,2.3,85.7,66.92,306.80600000000004,0.034369391158190196,4252.7699999999995
554,2.31,9.35,2.8,77.05,80.37,177.9855,0.03483886589039866,5179.9
1087,1.8,6.0,2.78,77.25,75.14,139.05,0.03699759954783077,6522.0
1621,3.56,5.21,1.67,77.51,71.27,275.9356,0.02343201579458176,8445.41
750,2.8,7.63,2.91,76.64,79.4,214.59199999999998,0.03664986943956304,5722.5
467,2.89,4.7,3.1,76.57,81.17,221.2873,0.03819144533800107,2194.9
751,2.7,7.07,4.84,75.17,74.98,202.95900000000003,0.06455053820344915,5309.570000000001
883,2.53,6.25,2.54,77.29,68.18,195.5437,0.03725432131793468,5518.75
725,2.98,10.37,2.88,85.11,86.57,253.6278,0.03326787186463303,7518.249999999999
632,2.16,3.4,1.54,83.51,79.8,180.38160000000002,0.019298243195708872,2148.7999999999997
698,4.71,4.05,2.1,75.69,80.54,356.49989999999997,0.0260739972592504,2826.9
604,3.34,5.35,2.57,75.73,90.98,252.9382,0.02824796348120867,3231.3999999999996
710,3.04,10.31,2.78,79.36,77.44,241.2544,0.03589875569489208,7320.1
800,1.24,11.73,1.64,76.84,68.45,95.2816,0.023959090729132104,9384.0
902,2.13,15.05,1.28,84.77,77.54,180.56009999999998,0.016507606847097386,13575.1
1097,2.17,6.24,3.35,73.82,84.25,160.18939999999998,0.039762606556367174,6845.280000000001
983,4.06,4.42,1.2,77.64,81.76,315.2184,0.014677101923055047,4344.86
645,2.83,10.48,1.93,77.46,80.2,219.21179999999998,0.02406483490463405,6759.6
857,1.99,4.82,3.74,86.43,86.13,171.9957,0.043422728036371996,4130.740000000001
587,5.36,4.37,1.78,75.54,81.03,404.8944000000001,0.02196716994111194,2565.19
573,2.6,7.68,2.26,82.32,73.4,214.03199999999998,0.030790186540846514,4400.639999999999
768,2.61,7.28,2.95,76.71,79.03,200.21309999999997,0.03732759239180154,5591.04
1310,4.0,5.68,0.8,77.7,74.75,310.8,0.010702339705372614,7440.799999999999
1379,2.84,5.1,6.06,78.42,76.39,222.7128,0.07932974481872694,7032.9
625,4.29,1.16,1.07,88.09,78.66,377.90610000000004,0.013602845969635652,725.0
500,4.99,5.81,2.08,74.92,73.66,373.85080000000005,0.028237845745608777,2905.0
422,3.16,8.15,1.68,77.92,73.02,246.2272,0.02300739208334811,3439.3
1256,2.31,5.62,2.51,77.8,83.42,179.718,0.030088704137052964,7058.72
856,2.89,5.04,2.53,78.07,67.31,225.6223,0.037587277137531246,4314.24
659,4.28,5.23,2.59,74.83,76.76,320.2724,0.033741527652224115,3446.57
592,2.57,5.2,2.79,75.89,79.92,195.0373,0.03490990554180361,3078.4
832,3.17,7.25,1.63,76.84,87.1,243.5828,0.018714119550617733,6032.0
814,3.16,5.55,3.18,77.96,85.68,246.3536,0.03711484160657778,4517.7
432,3.02,8.52,1.39,78.64,77.13,237.49280000000002,0.018021519769023754,3680.64
451,4.17,8.22,2.35,77.01,78.98,321.1317,0.029754364427150615,3707.2200000000003
893,2.51,7.6,2.58,83.41,82.27,209.35909999999998,0.031360151773410505,6786.799999999999
746,4.47,5.56,4.1,78.07,76.25,348.9728999999999,0.05377048475141183,4147.759999999999
767,2.29,12.35,2.02,76.6,88.81,175.414,0.022745183791782028,9472.449999999999
590,2.91,5.05,3.0,74.52,65.36,216.8532,0.04589962578035101,2979.5
471,2.62,7.08,2.54,76.2,77.61,199.644,0.03272773705350637,3334.68
571,3.85,6.97,3.03,79.62,85.73,306.53700000000003,0.035343516231947245,3979.87
762,1.72,11.55,2.81,88.64,83.52,152.4608,0.0336446319869933,8801.1
821,4.12,6.84,2.22,78.31,75.82,322.6372,0.02927986952257063,5615.64
1110,1.78,6.42,0.87,76.91,88.89,136.8998,0.009787376556713178,7126.2
1099,2.85,8.1,1.67,82.48,80.06,235.068,0.020859352877922448,8901.9
842,3.2,7.39,1.59,73.92,74.19,236.544,0.021431456876741223,6222.38
793,2.26,5.35,2.55,78.62,71.67,177.6812,0.035579735512803745,4242.549999999999
1145,4.02,5.26,3.17,76.96,67.86,309.37919999999997,0.046713815692040125,6022.7
795,2.76,4.22,1.44,75.5,68.07,208.38,0.02115469058987945,3354.8999999999996
866,2.45,14.9,1.23,76.81,83.69,188.1845,0.014697094671156092,12903.4
466,2.54,11.41,2.33,79.01,67.87,200.68540000000002,0.03433033235150547,5317.06
501,4.4,3.63,2.15,76.59,87.06,336.99600000000004,0.02469560938483696,1818.6299999999999
1572,3.08,11.56,1.65,76.95,77.54,237.006,0.021279336951336474,18172.32
1143,2.98,3.99,2.61,76.34,80.91,227.4932,0.032258060529222525,4560.570000000001
1165,1.76,8.4,2.68,76.8,85.17,135.168,0.031466475112542545,9786.0
582,3.78,11.42,1.75,77.17,69.09,291.7026,0.02532927698230178,6646.44
527,3.06,11.07,2.87,76.24,84.74,233.2944,0.03386829904787597,5833.89
770,2.5,5.93,1.84,73.95,80.53,184.875,0.022848625003275176,4566.099999999999
1005,3.66,11.15,1.35,76.18,80.81,278.8188,0.01670585116868566,11205.75
804,4.36,5.0,1.67,73.86,80.41,322.0296,0.02076855854140548,4020.0
902,2.02,5.85,2.87,77.09,84.31,155.7218,0.034041034985051004,5276.7
698,4.43,6.6,1.33,76.56,78.29,339.1608,0.01698811891836519,4606.8
864,4.18,6.5,2.64,76.27,81.1,318.80859999999996,0.03255240042510476,5616.0
809,3.52,12.6,3.22,82.93,90.52,291.91360000000003,0.035572245296923856,10193.4
1054,2.29,9.0,3.41,74.32,83.04,170.19279999999998,0.04106454226101369,9486.0
844,2.93,8.69,3.15,76.04,76.61,222.79720000000003,0.04111734223765275,7334.36
448,3.99,10.88,2.94,77.07,66.41,307.5093,0.0442704345323845,4874.240000000001
920,2.46,6.56,1.44,77.89,70.73,191.6094,0.020359109238073058,6035.2
797,2.39,6.17,1.15,80.32,82.12,191.9648,0.014003895031186672,4917.49
556,2.96,6.41,2.05,77.03,72.06,228.0088,0.02844851117839145,3563.96
1031,2.01,9.04,2.72,78.34,81.2,157.46339999999998,0.033497532820500886,9320.24
988,4.7,5.16,1.09,76.76,80.42,360.77200000000005,0.013553840642397334,5098.08
620,4.59,6.1,2.19,77.58,69.36,356.0922,0.031574389911420135,3782.0
959,4.34,2.97,1.69,81.85,69.65,355.229,0.024264174549292954,2848.23
1176,2.67,8.94,1.77,77.55,87.39,207.05849999999998,0.0202540313246331,10513.439999999999
622,1.98,5.08,0.11,74.12,81.98,146.7576,0.0013417905169809078,3159.76
1019,2.25,6.27,1.11,74.68,76.55,168.03000000000003,0.01450032468970285,6389.129999999999
571,2.43,3.95,2.53,78.48,70.34,190.70640000000003,0.035968149563811544,2255.4500000000003
940,2.57,8.26,1.82,75.15,77.79,193.1355,0.023396320427263088,7764.4
724,3.36,3.26,2.58,80.25,75.32,269.64,0.03425384569120477,2360.24
1750,2.84,7.85,1.78,73.76,74.35,209.4784,0.023940817223830905,13737.5
818,2.5,8.81,2.66,77.02,86.18,192.54999999999998,0.030865626495053783,7206.580000000001
1082,3.75,4.0,0.99,77.17,84.93,289.3875,0.011656657052083238,4328.0
1503,2.88,8.4,3.36,75.36,83.58,217.0368,0.04020100021524285,12625.2
739,3.14,6.19,1.14,84.3,65.98,264.702,0.017277960400430368,4574.41
1292,3.95,2.16,1.5,79.11,82.25,312.4845,0.018237079849595154,2790.7200000000003
704,4.15,7.56,2.98,76.71,82.24,318.3465,0.03623540415425533,5322.24
579,4.51,10.27,1.33,73.31,77.69,330.6281,0.017119318172310702,5946.33
1264,2.53,3.57,1.49,77.19,85.4,195.2907,0.01744730474855916,4512.48
420,4.75,13.1,3.1,76.2,73.02,361.95,0.042454116344273304,5502.0
484,0.59,5.74,2.06,77.49,92.23,45.7191,0.022335463261903582,2778.1600000000003
464,2.38,14.37,2.69,75.61,81.39,179.9518,0.033050739273775734,6667.679999999999
550,3.91,3.31,2.83,77.01,79.34,301.1091,0.03566926699404247,1820.5
780,2.24,5.07,1.7,81.5,75.53,182.56000000000003,0.022507609889102356,3954.6000000000004
794,4.45,6.49,1.04,77.94,80.18,346.833,0.012970814047042398,5153.06
1194,4.71,4.99,1.38,75.56,74.67,355.8876,0.018481315323246907,5958.06
748,3.65,5.65,3.17,77.65,69.85,283.4225,0.045382956995997564,4226.2
585,2.63,6.03,5.64,81.22,81.72,213.6086,0.06901614427115219,3527.55
498,3.7,5.41,3.17,75.87,78.46,280.71900000000005,0.040402747845685975,2694.1800000000003
761,2.72,7.13,2.52,78.29,86.01,212.94880000000003,0.029298915323925666,5425.93
560,3.36,4.97,2.78,75.22,73.22,252.73919999999998,0.03796776318386189,2783.2
663,2.17,5.38,3.31,75.27,79.59,163.33589999999998,0.04158813398817263,3566.94
734,3.54,3.6,2.98,77.4,86.58,273.99600000000004,0.034419030443632426,2642.4
1454,3.75,6.42,5.09,88.61,87.55,332.2875,0.058138200098435164,9334.68
619,3.86,4.37,3.86,82.48,85.29,318.3728,0.04525735194543885,2705.03
695,3.14,6.84,2.23,78.55,82.62,246.647,0.02699104006402323,4753.8
609,1.99,5.91,2.34,74.81,76.72,148.8719,0.030500517400871036,3599.19
773,3.12,6.71,2.92,75.21,77.22,234.65519999999998,0.03781403291711565,5186.83
1376,4.96,4.65,4.51,83.03,74.83,411.8288,0.060269937154892796,6398.400000000001
1193,3.1,5.82,1.38,76.57,69.94,237.367,0.01973119534869955,6943.26
931,1.82,6.27,1.92,79.55,84.71,144.781,0.022665562192708984,5837.37
755,4.26,8.96,1.58,78.94,78.01,336.28439999999995,0.020253811017329697,6764.800000000001
1045,2.53,5.13,2.72,75.38,70.43,190.71139999999997,0.0386199008064886,5360.849999999999
1254,3.34,7.23,2.17,75.78,74.79,253.1052,0.029014570261456037,9066.42
1127,4.12,7.85,2.41,77.1,73.52,317.652,0.03278019140639399,8846.949999999999
518,3.2,6.63,1.0,75.66,81.43,242.112,0.012280484799154511,3434.34
804,4.43,5.13,0.97,85.9,76.08,380.537,0.012749735442989558,4124.5199999999995
967,3.88,6.82,2.35,82.07,89.24,318.43159999999995,0.026333479792303924,6594.9400000000005
917,4.73,4.24,1.62,75.67,88.03,357.9191,0.01840281513088548,3888.0800000000004
1176,4.01,5.25,2.93,77.7,85.38,311.577,0.034317166278148716,6174.0
860,2.97,8.08,2.03,81.33,69.2,241.55010000000001,0.029335255876408103,6948.8
1047,2.53,4.3,5.14,78.0,77.29,197.33999999999997,0.06650277312682452,4502.099999999999
666,2.35,5.83,3.47,76.52,83.01,179.822,0.04180218747112547,3882.78
863,2.93,9.28,1.03,75.85,69.53,222.2405,0.014813747330109688,8008.639999999999
874,3.06,7.55,5.73,84.94,75.69,259.9164,0.07570351754478563,6598.7
835,2.35,3.63,1.36,76.55,75.54,179.8925,0.018003704262151938,3031.0499999999997
576,2.67,4.52,1.23,77.19,81.68,206.0973,0.015058764072139559,2603.5199999999995
764,5.13,5.2,3.62,76.54,66.76,392.65020000000004,0.054224078156968517,3972.8
984,1.9,6.49,1.26,80.21,83.99,152.39899999999997,0.01500178414075674,6386.16
800,3.49,8.26,1.47,79.5,88.24,277.45500000000004,0.016659109626120848,6608.0
1180,2.77,5.41,1.85,77.91,72.02,215.8107,0.025687305514120313,6383.8
508,5.15,7.19,1.74,75.78,84.97,390.26700000000005,0.020477813289653608,3652.52
426,4.37,8.16,2.58,76.31,76.4,333.47470000000004,0.03376962908774488,3476.16
569,2.16,5.98,1.21,74.24,74.38,160.3584,0.016267811741353624,3402.6200000000003
453,3.14,3.66,2.59,75.45,67.96,236.913,0.03811064771767985,1657.98
893,2.82,6.62,1.57,75.81,74.36,213.7842,0.02111349904337022,5911.66
954,1.17,5.21,3.45,78.88,74.73,92.2896,0.04616619213619803,4970.34
749,4.18,8.33,1.85,76.45,79.23,319.561,0.023349738312540915,6239.17
918,4.96,6.61,5.42,82.46,80.04,409.00159999999994,0.06771613346874893,6067.9800000000005
913,3.96,4.64,2.05,76.18,76.15,301.67280000000005,0.026920548007807216,4236.32
493,2.68,9.61,2.23,77.6,75.87,207.968,0.029392377831504172,4737.73
948,2.47,9.89,2.44,76.4,88.96,188.70800000000003,0.02742805447076726,9375.720000000001
751,3.78,5.15,4.66,78.44,79.29,296.5032,0.05877159051941095,3867.65
450,2.71,3.97,1.36,77.26,73.27,209.37460000000002,0.018561482385494422,1786.5
1342,3.7,2.86,2.8,78.18,91.46,289.266,0.030614472926473547,3838.12
939,3.06,6.07,2.65,74.74,88.09,228.7044,0.030082866377243,5699.7300000000005
958,2.26,9.31,2.04,75.96,81.11,171.66959999999997,0.025151026365303124,8918.980000000001
902,4.12,4.98,4.35,75.95,87.93,312.91400000000004,0.049471164622863106,4491.96
691,2.48,5.56,2.57,75.56,75.15,187.3888,0.03419826557574642,3841.9599999999996
689,4.15,5.46,2.03,86.67,77.1,359.68050000000005,0.02632943886777706,3761.94
509,3.78,6.03,3.5,73.56,83.57,278.0568,0.04188105278436607,3069.27
710,3.55,10.54,1.36,81.98,87.32,291.029,0.01557489514717188,7483.4
1032,4.72,6.92,2.42,74.53,73.39,351.78159999999997,0.03297451519627807,7141.44
690,2.8,7.29,1.67,74.84,72.61,209.552,0.02299958366621902,5030.1
640,4.61,5.07,3.68,77.26,71.71,356.1686,0.051317800680825455,3244.8
598,2.95,7.24,4.16,75.5,74.27,222.72500000000002,0.056011841118642644,4329.52
887,4.26,4.05,2.74,76.57,74.11,326.18819999999994,0.03697206355794582,3592.35
762,4.32,5.08,1.56,83.86,75.99,362.27520000000004,0.02052901427437633,3870.96
776,2.52,5.26,2.81,88.15,85.34,222.138,0.03292711121079081,4081.7599999999998
791,3.94,6.45,1.48,76.98,65.07,303.3012,0.022744732942257116,5101.95
1195,2.06,7.07,1.15,82.28,79.99,169.4968,0.014376795302313375,8448.65
496,2.71,6.78,2.58,74.59,85.73,202.1389,0.030094479167796666,3362.88
795,1.77,3.1,2.79,76.12,85.02,134.7324,0.03281580418539118,2464.5
897,3.59,8.26,1.63,77.88,73.55,279.58919999999995,0.02216179168432472,7409.22
793,3.51,7.14,2.49,77.07,77.99,270.5157,0.031927166056267976,5662.0199999999995
710,3.99,19.08,5.2,76.94,72.72,306.99060000000003,0.07150714088185632,13546.8
402,2.21,5.49,3.13,75.49,88.94,166.8329,0.03519226049108832,2206.98
1391,3.12,8.85,2.22,77.28,80.45,241.11360000000002,0.027594775936012936,12310.35
563,2.22,6.03,2.62,78.6,77.73,174.492,0.033706415321444055,3394.8900000000003
1321,2.91,5.94,2.07,77.51,77.06,225.55410000000003,0.02686218182426916,7846.740000000001
532,3.27,4.59,2.9,75.92,76.68,248.2584,0.03781950471837445,2441.88
767,4.52,4.59,2.72,78.36,81.53,354.18719999999996,0.033361948563479876,3520.5299999999997
471,4.83,7.13,1.37,76.01,76.55,367.1283,0.017896797139543157,3358.23
491,4.49,5.35,2.32,75.82,83.37,340.4318,0.027827752449591882,2626.85
829,1.7,3.94,1.8,79.65,82.65,135.405,0.021778581756977403,3266.2599999999998
926,4.62,5.86,4.65,77.71,75.16,359.0202,0.06186800667003637,5426.360000000001
994,3.71,6.32,2.07,78.38,70.55,290.78979999999996,0.02934088882482086,6282.08
431,2.05,6.05,0.8,76.05,73.48,155.90249999999997,0.010887314794867339,2607.5499999999997
574,1.88,12.0,1.45,88.64,71.62,166.64319999999998,0.020245738586185617,6888.0
1223,4.83,11.2,4.93,78.09,76.54,377.17470000000003,0.06441075719744482,13697.599999999999
704,4.83,4.49,2.21,84.95,89.17,410.30850000000004,0.02478411744038158,3160.96
942,5.04,5.7,0.95,79.65,69.72,401.43600000000004,0.013625930346252101,5369.400000000001
768,2.56,6.79,2.53,74.28,74.34,190.1568,0.03403281759042001,5214.72
1122,2.35,11.42,1.87,74.79,73.73,175.75650000000002,0.02536280681367058,12813.24
625,4.64,5.39,2.8,78.27,73.77,363.17279999999994,0.03795580344912519,3368.75
607,4.05,3.65,3.07,77.94,81.98,315.657,0.03744815351937624,2215.5499999999997
500,1.76,5.36,3.34,76.48,80.76,134.6048,0.04135710235796156,2680.0
972,3.09,5.13,2.48,73.91,80.0,228.38189999999997,0.030999996125000484,4986.36
612,3.52,6.02,2.76,76.15,87.68,268.048,0.03147809859966941,3684.24
628,2.8,5.3,2.99,73.08,83.45,204.624,0.03582983393291385,3328.4
629,2.73,7.7,1.88,76.68,70.03,209.33640000000003,0.026845633750444985,4843.3
949,2.83,7.49,1.1,79.18,70.76,224.07940000000002,0.015545503738622988,7108.01
1017,4.97,4.89,2.47,77.5,78.07,385.17499999999995,0.03163826929188302,4973.13
633,3.37,6.82,1.58,74.92,78.53,252.4804,0.02011969691586694,4317.06
778,2.1,4.65,2.5,77.71,76.77,163.191,0.03256479971801489,3617.7000000000003
540,3.88,7.18,1.51,74.6,74.43,289.448,0.020287515748016155,3877.2
707,2.65,8.62,1.7,84.25,67.73,223.2625,0.025099656710518718,6094.339999999999
830,2.3,9.74,2.46,77.7,78.64,178.70999999999998,0.03128178645958971,8084.2
902,2.66,6.39,5.78,76.35,69.97,203.091,0.08260681969317998,5763.78
508,4.0,6.13,4.91,82.38,82.97,329.52,0.05917800901795721,3114.04
972,2.58,6.9,1.23,74.27,84.0,191.6166,0.01464285539966007,6706.8
420,3.22,4.83,1.19,78.69,72.48,253.3818,0.016418320030584983,2028.6000000000001
610,3.7,2.99,1.46,76.6,82.5,283.42,0.01769696755188272,1823.9
812,4.41,3.11,0.76,77.57,77.71,342.08369999999996,0.009779949841725668,2525.3199999999997
722,2.15,4.91,1.78,74.49,68.1,160.15349999999998,0.02613802846724986,3545.02
578,4.05,6.99,1.61,75.69,67.13,306.54449999999997,0.023983312381452054,4040.2200000000003
882,3.06,7.09,2.75,75.64,75.02,231.4584,0.0366568866093193,6253.38
1056,2.79,3.96,3.09,80.61,80.65,224.9019,0.038313696427315996,4181.76
640,3.3,7.85,2.79,74.24,69.08,244.99199999999996,0.04038795014650403,5024.0
1181,5.05,8.55,2.46,73.29,68.8,370.1145,0.035755808756423146,10097.550000000001
456,2.62,8.35,2.85,75.21,80.98,197.0502,0.03519387068487643,3807.6
856,3.44,5.35,1.55,75.31,71.48,259.0664,0.021684384207556768,4579.599999999999
595,2.87,5.27,2.73,74.23,83.65,213.04010000000002,0.032635979362106465,3135.6499999999996
643,4.29,5.01,1.81,76.58,89.86,328.52819999999997,0.020142441559933055,3221.43
783,3.22,12.7,1.54,75.81,68.75,244.1082,0.022399996741818654,9944.099999999999
505,3.58,9.37,2.05,76.71,78.78,274.6218,0.02602182964942502,4731.849999999999
537,1.98,3.79,1.58,79.22,84.48,156.8556,0.018702649301296247,2035.23
900,0.95,7.8,3.31,78.24,72.53,74.32799999999999,0.045636282140316814,7020.0
685,1.97,7.01,2.96,76.39,75.09,150.4883,0.039419358180935116,4801.849999999999
780,2.22,5.78,1.76,83.75,89.34,185.925,0.01970002018132749,4508.400000000001
603,3.79,4.73,1.61,77.14,69.01,292.3606,0.023329948800181306,2852.19
385,5.43,7.46,1.65,76.21,88.63,413.8202999999999,0.018616719099997844,2872.1
686,5.31,8.06,2.99,75.1,70.37,398.78099999999995,0.04248969127615585,5529.160000000001
915,4.76,6.99,1.99,76.47,66.75,363.99719999999996,0.02981272961607047,6395.85
627,4.09,6.24,2.44,79.56,86.11,325.4004,0.02833584620417533,3912.48
574,5.12,6.04,0.83,76.62,66.08,392.29440000000005,0.012560530786844614,3466.96
866,4.31,7.45,1.04,76.18,71.1,328.3358,0.014627283456078277,6451.7
794,2.32,4.23,1.81,77.8,83.0,180.49599999999998,0.021807226288285988,3358.6200000000003
606,2.48,6.17,1.93,74.36,74.14,184.4128,0.026031828158642006,3739.02
1247,3.52,12.23,1.85,76.19,76.61,268.1888,0.024148280361796063,15250.810000000001
698,4.68,8.79,2.0,74.24,77.96,347.44319999999993,0.025654178340921197,6135.419999999999
576,4.47,3.07,1.25,77.14,77.68,344.81579999999997,0.016091656012917607,1768.32
589,1.88,5.1,2.81,77.2,85.8,145.136,0.03275057893349896,3003.8999999999996
931,4.99,4.48,2.71,78.18,75.47,390.11820000000006,0.035908303178971354,4170.88
512,3.41,5.64,1.21,76.64,76.73,261.3424,0.015769579594737442,2887.68
616,1.94,5.45,2.13,78.13,88.56,151.57219999999998,0.02405148779906416,3357.2000000000003
1270,3.86,14.08,1.83,75.51,82.89,291.46860000000004,0.022077449381415204,17881.6
770,5.2,5.16,0.48,73.95,81.91,384.54,0.005860089627629151,3973.2000000000003
715,3.34,7.75,1.34,76.59,69.51,255.8106,0.019277798981758167,5541.25
1470,6.58,8.04,1.77,79.54,80.18,523.3732,0.022075327753139466,11818.8
646,2.63,6.62,2.27,84.52,71.55,222.28759999999997,0.03172606125421925,4276.52
1097,3.97,10.28,1.3,75.08,81.91,298.0676,0.01587107607482895,11277.16
570,3.05,6.94,2.18,76.32,64.73,232.77599999999995,0.03367835104613764,3955.8
1179,2.77,11.92,1.52,78.6,86.83,217.72199999999998,0.017505468443456358,14053.68
375,3.58,5.83,2.04,76.75,85.24,274.765,0.02393242328338535,2186.25
1064,5.89,3.6,3.65,78.55,74.6,462.6595,0.04892760738235826,3830.4
965,3.48,3.54,4.08,78.72,84.29,273.9456,0.048404312681894324,3416.1
502,1.92,5.42,2.27,77.59,76.46,148.9728,0.029688722248401488,2720.84
584,2.22,5.41,2.35,74.04,80.17,164.36880000000002,0.02931270683388963,3159.44
861,3.1,6.76,2.04,77.86,73.97,241.366,0.027578744412769446,5820.36
485,4.43,19.14,3.03,82.96,78.62,367.51279999999997,0.03853980685069869,9282.9
588,2.94,6.08,1.73,75.71,79.67,222.58739999999997,0.02171456988646041,3575.04
875,3.23,6.22,2.22,78.05,73.71,252.1015,0.03011802603201384,5442.5
979,2.69,6.67,2.38,76.31,84.92,205.2739,0.02802637446698369,6529.93
901,3.71,16.15,1.68,86.04,83.15,319.20840000000004,0.02020444735965756,14551.149999999998
665,1.96,6.48,1.02,74.49,64.31,146.00039999999998,0.01586067238988145,4309.200000000001
404,3.74,4.55,2.15,75.7,83.23,283.11800000000005,0.025832028615639956,1838.1999999999998
980,3.53,9.05,1.02,76.8,80.01,271.104,0.012748404855842412,8869.0
538,4.8,11.91,3.69,75.17,74.96,360.816,0.04922624743513242,6407.58
656,2.76,5.49,1.55,75.95,75.49,209.62199999999999,0.02053251814379148,3601.44
513,2.48,5.18,3.37,75.7,78.27,187.73600000000002,0.043056082399887265,2657.3399999999997
941,2.51,4.23,4.16,82.96,72.33,208.22959999999998,0.05751416320832805,3980.4300000000003
636,4.57,8.88,5.66,74.71,67.36,341.4247,0.08402611579184742,5647.68
563,1.86,7.25,1.54,75.95,82.83,141.26700000000002,0.01859229523212662,4081.75
1571,2.48,4.89,1.75,77.62,88.17,192.4976,0.019848018617668297,7682.19
584,4.04,6.0,1.36,86.7,81.52,350.26800000000003,0.01668302052465401,3504.0
752,3.44,7.37,0.38,75.63,88.23,260.1672,0.004306924594024187,5542.24
955,2.86,3.92,1.91,76.61,81.45,219.10459999999998,0.023449966427260105,3743.6
790,4.01,4.6,2.58,75.91,81.74,304.3991,0.031563490143933184,3633.9999999999995
756,4.08,4.85,1.33,75.48,72.03,307.95840000000004,0.01846452610516089,3666.6
563,3.78,5.17,2.95,75.47,82.82,285.2766,0.03561941129927418,2910.71
1330,4.88,1.68,2.82,76.26,77.71,372.1488,0.036288761254824185,2234.4
844,3.17,4.35,2.57,77.56,80.12,245.86520000000002,0.032076880669385834,3671.3999999999996
764,4.93,7.83,2.96,76.74,81.33,378.3282,0.03639492974364567,5982.12
1419,1.91,7.08,2.95,81.59,75.5,155.8369,0.039072842506908276,10046.52
1068,1.93,4.37,1.6,77.41,78.91,149.4013,0.020276261528797173,4667.16
530,3.85,8.67,3.09,77.88,70.59,299.83799999999997,0.04377389945121129,4595.1
736,2.19,6.63,1.67,77.02,73.13,168.6738,0.022836042275941163,4879.68
1170,1.83,14.75,2.65,87.33,90.14,159.8139,0.02939870985148548,17257.5
729,5.14,14.29,1.3,74.01,63.33,380.4114,0.020527392937408347,10417.41
1377,3.3,11.55,1.6,77.53,71.99,255.849,0.022225305983427424,15904.35
756,2.28,6.89,1.57,76.83,78.76,175.17239999999998,0.019933974106910345,5208.84
1041,4.21,5.42,1.41,77.09,80.05,324.5489,0.017613989055091935,5642.22
514,2.0,6.06,0.87,75.9,74.21,151.8,0.011723485820848159,3114.8399999999997
891,2.32,6.3,1.72,77.14,88.76,178.9648,0.019378096059250102,5613.3
1162,3.8,1.25,1.79,78.68,69.04,298.98400000000004,0.025926995085892947,1452.5
1054,4.15,4.89,1.15,76.63,78.78,318.0145,0.0145976117545555,5154.0599999999995
1174,2.52,3.84,1.74,78.09,78.35,196.7868,0.02220803800790836,4508.16
521,2.83,7.06,2.42,75.59,80.33,213.9197,0.030125727607901453,3678.2599999999998
778,1.95,15.02,1.72,76.66,68.19,149.487,0.02522363613086433,11685.56
483,3.66,9.37,3.06,75.98,73.17,278.08680000000004,0.04182041248866851,4525.71
1132,2.62,4.79,1.21,76.25,73.67,199.775,0.0164245939426369,5422.28
900,2.99,9.28,3.0,84.61,85.79,252.9839,0.034969106542824736,8352.0
570,5.05,7.14,2.4,75.75,67.28,382.53749999999997,0.03567181396078865,4069.7999999999997
788,2.38,4.51,3.14,75.75,70.29,180.285,0.04467206648569263,3553.8799999999997
984,3.24,7.84,2.47,77.75,79.28,251.91000000000003,0.031155394657493108,7714.5599999999995
793,3.19,4.17,3.22,77.55,81.75,247.38449999999997,0.0393883743867432,3306.81
879,4.09,7.44,2.6,74.45,78.94,304.5005,0.03293640322568999,6539.76
822,3.31,5.63,2.06,77.85,78.12,257.6835,0.026369684284474615,4627.86
1041,2.71,5.17,1.01,75.8,75.82,205.41799999999998,0.013321021719728078,5381.97
518,3.19,5.89,3.8,85.06,78.11,271.3414,0.04864933444509865,3051.02
811,3.07,7.09,2.75,76.14,74.83,233.7498,0.03674996167981268,5749.99
666,2.93,8.26,3.95,76.7,72.05,224.73100000000002,0.05482303194683804,5501.16
741,2.35,3.55,2.41,75.54,89.75,177.51900000000003,0.026852364696115356,2630.5499999999997
648,4.13,5.65,1.28,74.64,75.74,308.2632,0.016899918550314426,3661.2000000000003
470,2.31,3.94,2.76,78.94,93.19,182.3514,0.029616908507682314,1851.8
674,4.4,7.89,2.98,75.56,82.98,332.46400000000006,0.03591226368856788,5317.86
450,4.28,4.36,2.5,77.18,81.4,330.33040000000005,0.030712526939493,1962.0000000000002
567,3.97,8.34,1.09,77.84,86.62,309.0248,0.012583697462052937,4728.78
1457,3.83,5.99,4.78,77.76,90.47,297.8208,0.05283518814687873,8727.43
868,4.87,5.29,1.51,76.57,91.61,372.8959,0.01648291491290089,4591.72
766,3.04,6.94,1.33,76.47,80.78,232.4688,0.016464469365626472,5316.04
493,4.91,6.49,2.33,84.12,79.77,413.02920000000006,0.029208972143791884,3199.57
697,2.06,5.37,0.02,79.99,91.89,164.77939999999998,0.00021765151619855086,3742.89
850,5.05,6.56,2.64,74.36,74.94,375.518,0.03522817784518577,5576.0
638,4.65,6.67,1.06,83.01,81.5,385.9965,0.013006133373480567,4255.46
779,4.43,5.83,2.59,75.98,75.95,336.5914,0.0341013779985019,4541.57
453,5.25,6.86,1.02,73.74,72.36,387.135,0.014096183789913794,3107.58
761,4.05,3.63,2.92,74.67,72.43,302.4135,0.04031478112456424,2762.43
914,3.6,5.89,1.84,75.84,78.17,273.024,0.023538438846304355,5383.46
797,2.21,6.45,1.61,77.81,79.4,171.9601,0.020277075531854465,5140.650000000001
786,3.27,6.78,1.69,83.72,82.59,273.7644,0.020462523251904192,5329.08
397,5.07,5.45,1.88,78.58,71.59,398.4006,0.026260647260700196,2163.65
654,2.62,6.21,2.34,76.14,91.96,199.48680000000002,0.025445843252953102,4061.34
615,2.78,3.2,1.59,76.4,83.59,212.392,0.01902141176918151,1968.0
478,3.68,6.43,3.05,74.08,70.08,272.6144,0.043521683287431036,3073.54
466,1.99,2.17,1.88,79.6,80.44,158.404,0.023371454081122067,1011.2199999999999
1138,3.43,5.93,2.73,74.69,72.42,256.18670000000003,0.037696763643087036,6748.339999999999
514,3.68,3.94,2.22,78.24,76.14,287.9232,0.02915681256149034,2025.16
2020,2.48,11.09,2.47,78.89,71.33,195.6472,0.034627781490567576,22401.8
1078,4.79,8.03,2.73,76.49,77.16,366.3871,0.03538102185315943,8656.34
1206,2.61,7.53,1.84,74.99,73.08,195.7239,0.025177883801603202,9081.18
721,3.06,4.16,2.45,76.05,77.07,232.713,0.03178927834575343,2999.36
458,2.42,5.02,2.75,76.77,90.17,185.78339999999997,0.030497944937568487,2299.16
567,5.68,9.43,3.18,80.55,66.96,457.52399999999994,0.04749103233407522,5346.8099999999995
659,4.5,5.98,5.87,76.96,83.5,346.32,0.07029939277851584,3940.82
984,1.97,11.85,2.6,78.26,84.16,154.1722,0.030893532450863542,11660.4
1159,3.93,6.2,2.32,85.65,80.35,336.60450000000003,0.028873674066748716,7185.8
523,2.48,7.77,1.83,79.09,70.08,196.1432,0.026113009972458624,4063.7099999999996
757,2.95,7.67,3.55,75.48,73.46,222.66600000000003,0.04832561280620572,5806.19
797,2.75,6.83,1.65,76.01,85.73,209.0275,0.019246469235218798,5443.51
776,5.19,1.25,1.85,74.62,70.79,387.27780000000007,0.026133631002453594,970.0
476,1.18,6.52,1.52,77.56,73.65,91.5208,0.02063815062618457,3103.52
1006,4.09,3.36,3.7,76.02,88.07,310.92179999999996,0.042012031110249676,3380.16
770,2.96,7.77,1.67,77.78,71.47,230.2288,0.023366444191066992,5982.9
981,2.76,5.0,2.17,75.38,83.84,208.04879999999997,0.025882630500640443,4905.0
672,2.5,7.8,0.78,75.48,81.24,188.70000000000002,0.009601180502070348,5241.599999999999
443,3.06,5.07,2.75,75.17,85.56,230.02020000000002,0.03214118371421415,2246.01
660,3.87,5.99,1.63,77.46,88.02,299.7702,0.01851851641461981,3953.4
553,4.37,8.06,2.34,76.51,80.11,334.3487,0.029209832828631526,4457.18
1464,3.14,10.76,2.22,76.65,71.95,240.68100000000004,0.030854755961812932,15752.64
848,4.94,13.08,2.83,76.97,73.55,380.2318,0.03847722114517728,11091.84
1092,2.63,6.14,4.25,76.65,75.56,201.58950000000002,0.056246683927119644,6704.879999999999
667,3.13,5.39,2.57,76.38,79.78,239.06939999999997,0.032213583327452576,3595.1299999999997
1062,3.42,5.91,2.61,76.65,81.87,262.14300000000003,0.03187980556005795,6276.42
837,0.89,4.48,1.26,77.07,79.32,68.5923,0.01588502069023945,3749.76
641,3.86,6.19,6.09,81.42,75.22,314.2812,0.08096249920732528,3967.7900000000004
506,3.05,12.32,1.77,75.51,71.6,230.3055,0.02472066693845434,6233.92
865,2.17,4.97,1.36,76.14,73.06,165.22379999999998,0.01861483457229201,4299.05
935,2.49,6.2,2.51,77.74,79.83,193.5726,0.03144180991584493,5797.0
536,2.96,6.63,4.64,75.77,78.73,224.27919999999997,0.058935595206961094,3553.68
744,5.89,5.85,1.16,77.97,77.17,459.2433,0.015031746140761157,4352.4
753,2.62,5.98,1.59,75.52,74.36,197.8624,0.021382460814623343,4502.9400000000005
835,3.52,3.7,1.36,89.28,73.34,314.2656,0.018543766219830077,3089.5
1023,2.76,4.44,1.43,77.97,78.13,215.19719999999998,0.01830282627635655,4542.120000000001
733,2.94,5.15,2.17,75.33,84.78,221.47019999999998,0.02559565633455339,3774.9500000000003
871,4.55,7.42,2.96,75.44,87.41,343.25199999999995,0.0338633984826223,6462.82
472,2.06,4.06,1.72,77.52,76.96,159.6912,0.022349269445261246,1916.3199999999997
621,4.75,11.07,1.17,75.27,80.74,357.53249999999997,0.014490956837880004,6874.47
558,2.38,4.23,5.01,74.23,88.03,176.66740000000001,0.05691240975662731,2360.34
582,3.34,5.85,4.18,75.47,75.3,252.0698,0.05551128080859484,3404.7
1194,3.54,5.8,1.2,75.06,87.35,265.7124,0.013737834718049832,6925.2
594,3.6,12.22,2.78,75.77,89.78,272.772,0.030964576635712112,7258.68
633,5.0,5.83,2.56,76.95,73.28,384.75,0.03493449304933228,3690.39
750,2.42,7.54,2.88,75.16,71.73,181.88719999999998,0.04015055901985793,5655.0
879,4.53,4.72,0.76,76.81,81.2,347.94930000000005,0.009359604758669364,4148.88
551,3.7,12.14,1.29,81.73,82.01,302.401,0.01572978713208302,6689.14
1076,4.97,7.3,5.12,76.28,67.95,379.1116,0.07534951061817356,7854.8
672,4.14,16.47,4.64,78.18,69.48,323.6652,0.06678179810279243,11067.84
405,2.7,4.44,1.86,75.96,81.95,205.09199999999998,0.022696763551340628,1798.2
827,3.98,3.32,2.73,75.59,80.23,300.8482,0.034027167639640074,2745.64
1104,2.09,8.99,2.6,75.97,76.88,158.7773,0.0338189342066943,9924.960000000001
669,3.55,7.33,1.37,76.92,79.5,273.066,0.017232702234880222,4903.77
780,5.14,6.7,1.9,79.62,81.39,409.2468,0.023344388334637135,5226.0
1462,2.46,6.56,2.86,77.69,83.74,191.1174,0.034153327662607154,9590.72
987,4.49,4.16,1.13,76.63,82.25,344.0687,0.013738600153361681,4105.92
1059,3.6,7.09,0.78,80.94,75.75,291.384,0.010297028343626622,7508.3099999999995
941,2.83,6.61,1.65,79.62,81.54,225.32460000000003,0.020235464773673682,6220.01
775,2.59,7.78,1.86,75.05,69.94,194.37949999999998,0.026594219817812438,6029.5
1066,4.3,4.38,2.06,77.2,77.75,331.96,0.026495173441135247,4669.08
947,1.96,5.61,1.61,73.01,77.41,143.0996,0.020798343780087356,5312.67
897,3.54,3.01,3.18,78.24,71.39,276.96959999999996,0.04454404754951008,2699.97
589,2.13,5.12,2.64,77.5,75.83,165.075,0.034814712539270404,3015.68
868,2.27,3.16,4.9,75.79,83.58,172.04330000000002,0.058626458647229165,2742.88
1006,5.02,11.84,1.68,80.75,87.87,405.36499999999995,0.01911915111879468,11911.039999999999
471,3.2,5.76,3.1,77.82,67.73,249.024,0.04576996223682825,2712.96
573,3.3,6.06,2.54,75.04,78.83,247.632,0.03222123148278175,3472.3799999999997
887,3.84,6.05,2.46,74.62,83.97,286.5408,0.029296173717259292,5366.349999999999
775,5.42,11.31,2.69,76.44,83.08,414.3048,0.032378426531243794,8765.25
775,4.12,6.47,1.43,76.28,86.94,314.2736,0.016448123251883683,5014.25
538,2.23,4.56,1.74,81.42,82.5,181.5666,0.02109090653443557,2453.2799999999997
1122,2.2,1.34,1.32,76.24,80.28,167.728,0.016442449371892206,1503.48
1439,2.4,8.62,1.72,75.99,79.88,182.37599999999998,0.021532295752091167,12404.179999999998
705,2.93,4.75,1.62,75.96,80.63,222.56279999999998,0.02009177476227524,3348.75
591,3.1,6.76,1.89,75.85,74.91,235.135,0.025230272963519828,3995.16
946,4.33,8.46,3.14,75.29,82.76,326.00570000000005,0.03794102973163004,8003.160000000001
1117,4.41,3.18,3.3,85.93,84.23,378.95130000000006,0.03917843533438972,3552.0600000000004
1237,1.94,7.96,2.58,75.89,77.87,147.2266,0.03313213906098124,9846.52
555,3.1,5.18,3.35,74.29,80.45,230.29900000000004,0.04164076548902853,2874.8999999999996
868,3.62,6.7,1.0,78.23,74.71,283.1926,0.013385087219236085,5815.6
631,3.81,5.91,1.58,76.97,74.89,293.2557,0.02109760701060128,3729.21
1019,2.42,4.4,1.14,77.21,76.09,186.8482,0.014982255883525312,4483.6
950,2.35,4.77,1.62,76.08,87.68,178.788,0.01847627526502335,4531.5
456,4.4,4.92,1.52,77.86,86.68,342.584,0.017535761705611247,2243.52
948,2.08,4.37,1.48,77.52,73.41,161.2416,0.020160738297134138,4142.76
1160,2.17,7.0,2.0,76.11,88.07,165.15869999999998,0.022709206005540366,8120.0
499,3.0,7.1,1.48,75.9,76.58,227.70000000000002,0.019326192305276532,3542.8999999999996
739,3.92,6.29,2.31,75.3,82.04,295.176,0.02815699315492526,4648.31
907,2.22,5.44,1.54,88.13,81.57,195.64860000000002,0.018879487694067956,4934.08
541,4.57,7.81,1.43,75.81,73.53,346.4517,0.019447841772359337,4225.21
1062,4.68,2.87,3.62,73.88,78.48,345.75839999999994,0.04612639575351736,3047.94
1433,2.27,5.0,2.4,75.57,75.49,171.54389999999998,0.031792286158128735,7165.0
753,1.71,5.19,3.28,77.57,80.2,132.64469999999997,0.04089775051150243,3908.07
637,4.46,3.91,1.96,76.78,76.56,342.4388,0.025600832601772126,2490.67
1400,5.88,4.59,1.86,77.04,74.61,452.9952,0.02492963075598033,6426.0
957,2.86,6.21,2.55,76.02,84.54,217.41719999999998,0.030163232769903854,5942.97
782,3.13,18.05,2.43,84.11,77.68,263.2643,0.03128217928911183,14115.1
479,2.2,3.76,2.08,76.73,83.53,168.806,0.02490123010879563,1801.04
725,4.38,4.75,2.5,75.99,72.49,332.83619999999996,0.03448751076182773,3443.75
382,3.56,8.72,2.47,76.56,67.43,272.5536,0.03663057442821082,3331.0400000000004
923,1.77,5.02,2.43,77.89,86.41,137.8653,0.028121741913928723,4633.46
762,4.51,7.36,2.05,85.28,75.91,384.6128,0.027005661045229737,5608.320000000001
460,3.58,6.66,2.7,77.06,80.27,275.8748,0.03363647270007815,3063.6
812,3.03,7.36,2.84,77.21,77.55,233.94629999999998,0.03662152977156289,5976.320000000001
1294,2.69,8.94,3.72,81.26,68.8,218.5894,0.054069759582883785,11568.359999999999
496,2.35,4.83,1.51,77.8,77.61,182.83,0.0194562531302341,2395.68
636,4.25,6.51,2.72,75.95,63.76,322.7875,0.042659968215186916,4140.36
388,3.76,4.98,1.27,76.61,85.17,288.05359999999996,0.014911352012286954,1932.2400000000002
995,3.69,6.73,1.68,77.52,77.72,286.04879999999997,0.02161605486154724,6696.35
852,2.16,8.22,1.34,78.28,76.68,169.0848,0.01747521942159371,7003.4400000000005
824,2.36,12.05,3.29,76.09,84.45,179.5724,0.03895795867874971,9929.2
784,2.64,3.26,1.87,75.08,78.34,198.2112,0.02387030586286624,2555.8399999999997
597,5.0,8.33,2.18,74.98,67.06,374.90000000000003,0.032508196762869555,4973.01
558,3.02,8.0,3.49,74.17,76.52,223.9934,0.04560898515303383,4464.0
803,0.25,5.02,2.17,76.58,83.53,19.145,0.02597868718081082,4031.0599999999995
1220,4.6,5.2,2.32,73.85,69.46,339.7099999999999,0.03340051347530759,6344.0
777,2.4,3.57,5.15,75.78,72.4,181.87199999999999,0.07113258686013993,2773.89
458,2.03,5.92,1.03,75.72,82.42,153.71159999999998,0.012496965239387862,2711.36
382,2.16,7.77,2.73,77.0,71.62,166.32000000000002,0.038117838855370165,2968.14
814,4.29,4.95,1.08,75.66,76.35,324.5814,0.014145381251423544,4029.3
914,3.22,5.19,1.15,77.22,75.72,248.6484,0.015187531010627177,4743.660000000001
828,0.83,4.88,2.63,78.54,76.62,65.18820000000001,0.03432523697138645,4040.64
1043,3.97,3.98,3.07,85.17,81.31,338.1249,0.0377567288455628,4151.14
1111,2.15,5.47,0.66,74.73,78.38,160.6695,0.008420514363292376,6077.17
832,2.55,13.38,1.61,75.52,74.66,192.57599999999996,0.02156442250677438,11132.16
885,2.07,5.72,3.19,76.54,80.66,158.4378,0.039548718131822695,5062.2
374,3.59,6.76,0.83,77.05,79.66,276.60949999999997,0.010419280640311243,2528.24
398,0.7,7.05,1.61,75.64,74.88,52.948,0.0215010655046654,2805.9
599,3.83,6.32,2.26,75.82,78.05,290.3906,0.028955793855759915,3785.6800000000003
418,3.23,6.64,2.73,78.39,81.79,253.1997,0.033378159508722395,2775.52
1314,3.08,10.89,1.3,76.9,65.47,236.85200000000003,0.01985641975616011,14309.460000000001
1488,3.58,5.19,3.05,78.69,79.48,281.7102,0.03837442899164204,7722.72
611,5.06,3.36,0.94,75.37,70.4,381.3722,0.013352270830643345,2052.96
808,1.99,6.13,2.74,78.16,87.87,155.5384,0.031182425038986567,4953.04
1390,3.4,4.74,1.6,75.5,83.55,256.7,0.01915020716335043,6588.6
1239,4.39,6.62,1.45,76.76,84.16,336.9764,0.017229085405289283,8202.18
1142,4.91,5.6,2.09,76.25,81.43,374.3875,0.025666213230232927,6395.2
580,3.64,7.12,1.51,82.24,77.99,299.3536,0.019361454114443632,4129.6
1055,4.04,4.45,2.83,76.47,81.21,308.9388,0.034847920841285455,4694.75
461,4.76,7.64,3.21,84.12,67.98,400.4112,0.047219763574615534,3522.04
530,2.75,3.8,2.31,76.02,73.19,209.05499999999998,0.0315616844429998,2014.0
500,3.55,6.31,1.81,73.94,90.63,262.48699999999997,0.019971309724008637,3155.0
511,3.21,6.08,3.57,76.8,75.52,246.528,0.04727223950314625,3106.88
462,4.77,5.53,1.18,77.84,78.45,371.29679999999996,0.01504142574360411,2554.86
1155,3.72,7.47,2.34,76.32,73.68,283.9104,0.031758953344333145,8627.85
728,4.91,5.72,2.62,75.46,89.46,370.5086,0.029286828829999015,4164.16
1005,3.95,6.08,2.12,76.83,69.52,303.4785,0.03049481724758095,6110.4
934,2.3,4.85,1.27,76.57,87.32,176.11099999999996,0.014544203556550213,4529.9
1008,3.98,9.16,5.58,81.18,77.28,323.0964,0.0722049596008075,9233.28
1474,3.74,8.64,2.24,77.4,73.75,289.47600000000006,0.03037287723757597,12735.36
939,3.85,5.11,2.55,86.53,90.82,333.14050000000003,0.02807751287409019,4798.29
1298,2.1,6.2,2.09,75.85,78.97,159.285,0.026465743134640604,8047.6
414,3.44,11.13,3.02,76.64,68.16,263.6416,0.04430750523657494,4607.820000000001
1294,4.42,12.57,2.45,77.41,72.18,342.1522,0.033942915774048794,16265.58
790,2.57,16.21,1.3,77.56,82.98,199.3292,0.0156664237567578,12805.900000000001
1152,2.45,4.51,1.66,78.19,73.25,191.56550000000001,0.022662112947151813,5195.5199999999995
1098,2.95,9.63,1.31,77.64,69.1,229.038,0.0189580290943518,10573.740000000002
773,2.14,6.82,1.71,77.34,83.51,165.50760000000002,0.02047658717799219,5271.860000000001
489,2.13,5.67,3.37,76.29,74.7,162.4977,0.04511378244795416,2772.63
392,1.07,4.44,3.15,77.81,75.84,83.25670000000001,0.04153480464994664,1740.4800000000002
545,2.79,7.48,1.47,77.37,90.25,215.8623,0.016288086837885116,4076.6000000000004
758,2.68,18.73,3.27,75.31,73.45,201.8308,0.04452007562694681,14197.34
1376,3.09,4.06,2.5,77.64,90.1,239.9076,0.027746944756165955,5586.5599999999995
862,2.86,6.72,0.78,76.1,76.68,217.646,0.010172142648390368,5792.639999999999
511,2.7,4.82,1.27,85.79,75.76,231.63300000000004,0.016763461356459692,2463.02
728,2.98,5.23,4.89,75.74,70.57,225.7052,0.06929289084697593,3807.4400000000005
411,3.94,6.08,3.95,86.06,89.37,339.0764,0.04419827188113775,2498.88
584,2.65,4.18,2.84,82.87,86.65,219.6055,0.0327755299739723,2441.12
802,2.28,3.75,2.3,85.16,78.85,194.16479999999999,0.029169305114863014,3007.5
956,2.71,6.44,2.23,73.64,75.07,199.5644,0.029705604142053532,6156.64
676,2.04,6.55,2.04,76.02,77.2,155.08079999999998,0.026424867043411,4427.8
586,2.5,6.58,1.64,78.26,76.98,195.65,0.02130423209869679,3855.88
662,2.55,3.8,1.88,83.42,81.63,212.721,0.023030745677968187,2515.6
396,2.73,14.27,1.95,76.24,81.45,208.1352,0.023941065200605866,5650.92
548,3.98,9.83,5.97,76.73,90.24,305.3854,0.06615690756239943,5386.84
405,2.47,8.68,2.42,76.65,86.16,189.32550000000003,0.028087276220139713,3515.4
726,3.13,6.0,1.99,77.44,77.74,242.38719999999998,0.02559814437893692,4356.0
441,3.31,6.56,2.7,82.42,81.16,272.8102,0.03326761541798726,2892.96
1435,3.73,5.77,1.48,73.73,77.64,275.0129,0.019062336545294108,8279.949999999999
939,3.75,4.11,2.22,75.7,80.18,283.875,0.027687699215802043,3859.2900000000004
519,5.23,8.36,2.42,80.06,69.34,418.71380000000005,0.03490048530422767,4338.84
647,2.53,5.47,4.55,76.27,82.29,192.96309999999997,0.05529225236453367,3539.0899999999997
949,3.43,5.3,2.03,77.55,79.67,265.9965,0.02548010223671366,5029.7
517,3.91,3.81,3.6,83.38,81.26,326.0158,0.04430223427242994,1969.77
823,5.82,5.73,2.77,78.04,75.67,454.19280000000003,0.03660631206471361,4715.79
619,4.44,2.45,2.09,76.6,84.03,340.104,0.02487206653908526,1516.5500000000002
776,3.11,0.63,1.45,82.26,88.46,255.8286,0.016391587565952118,488.88
1420,4.08,8.95,4.68,76.64,92.78,312.6912,0.05044190014637851,12708.999999999998
685,2.18,9.31,0.28,76.44,81.05,166.63920000000002,0.0034546571925160776,6377.35
665,4.1,6.16,2.8,77.0,78.16,315.7,0.035823946286598476,4096.400000000001
510,2.33,5.64,1.33,77.29,83.51,180.08570000000003,0.015926234471771706,2876.3999999999996
582,2.26,5.8,3.66,75.86,88.17,171.44359999999998,0.0415107132232377,3375.6
1410,3.23,5.12,3.81,74.28,88.42,239.9244,0.04308979381477111,7219.2
494,3.74,4.74,1.98,84.1,79.72,314.534,0.024836926136863252,2341.56
629,3.2,4.88,2.04,82.21,77.81,263.072,0.026217706436485484,3069.52
639,4.27,6.9,2.98,76.35,76.87,326.01449999999994,0.03876674401369272,4409.1
978,2.97,5.61,1.96,76.87,76.87,228.30390000000003,0.02549759002242877,5486.58
736,3.2,4.58,3.71,75.75,86.95,242.4,0.04266819520779813,3370.88
572,4.08,10.82,3.52,79.89,65.89,325.95120000000003,0.05342236250988579,6189.04
728,2.99,5.2,3.03,75.46,84.67,225.62539999999998,0.03578598845092849,3785.6
869,3.74,5.92,1.73,75.87,71.15,283.7538,0.024314824411127978,5144.48
721,4.92,15.32,2.87,76.45,76.11,376.134,0.0377085747328111,11045.72
651,4.67,5.26,2.72,79.45,75.24,371.0315,0.0361509787146493,3424.2599999999998
1507,2.53,5.81,4.22,79.57,83.16,201.31209999999996,0.0507455446433929,8755.67
870,5.03,6.13,1.99,77.2,75.49,388.31600000000003,0.026361103939448412,5333.099999999999
815,4.07,7.54,1.04,77.67,92.86,316.11690000000004,0.011199654189139114,6145.1
639,3.33,4.76,2.7,75.88,74.5,252.6804,0.03624160587360995,3041.64
782,3.83,3.5,2.75,85.65,85.49,328.03950000000003,0.032167501208620754,2737.0
805,1.37,0.58,1.58,76.13,80.9,104.2981,0.019530281887480606,466.9
544,2.83,16.17,1.33,76.55,73.16,216.63649999999998,0.01817933048396248,8796.480000000001
656,2.77,8.6,2.94,77.84,93.54,215.6168,0.03143040074509292,5641.599999999999
1046,2.98,6.29,1.12,77.7,83.56,231.54600000000002,0.013403540760705988,6579.34
768,3.36,4.83,1.85,76.83,67.26,258.1488,0.02750519959779964,3709.44
525,3.21,10.07,1.89,76.98,68.6,247.10580000000002,0.027551016391980116,5286.75
626,5.13,4.25,1.55,78.26,78.96,401.47380000000004,0.01963019001643997,2660.5
734,2.53,6.36,2.38,85.39,79.49,216.0367,0.02994086929917357,4668.24
1183,2.82,8.62,1.01,76.13,72.37,214.68659999999997,0.013956057212096556,10197.46
1092,3.42,5.56,0.91,74.05,77.98,253.25099999999998,0.011669657390400436,6071.5199999999995
605,4.71,6.23,2.2,76.11,75.81,358.4781,0.02901991438861438,3769.15
664,2.48,9.23,1.89,75.02,82.62,186.0496,0.022875814224665426,6128.72
726,3.85,2.71,1.71,82.09,82.21,316.04650000000004,0.020800386716897372,1967.46
673,3.92,8.22,2.71,76.46,75.24,299.72319999999996,0.03601807070466897,5532.06
1091,4.93,5.94,1.44,78.54,83.44,387.2022,0.017257907807058027,6480.540000000001
810,2.28,7.93,1.62,76.76,77.0,175.0128,0.021038958306628792,6423.3
1009,4.16,7.46,3.04,82.52,87.01,343.2832,0.03493850879916,7527.14
740,2.37,5.84,1.64,78.09,87.11,185.07330000000002,0.01882676858836315,4321.599999999999
1004,5.75,10.43,2.38,75.17,81.56,432.2275,0.02918096748639437,10471.72
1077,2.11,4.88,3.04,74.96,82.94,158.16559999999998,0.03665299775102511,5255.76
1366,4.15,5.55,2.26,80.93,78.23,335.8595000000001,0.02888916925870263,7581.3
853,2.15,6.26,2.93,77.49,89.55,166.60349999999997,0.03271914765838664,5339.78
638,3.24,4.16,0.97,76.55,75.24,248.02200000000002,0.012892076968091843,2654.08
865,3.22,10.65,2.96,77.42,80.15,249.29240000000001,0.03693075022698063,9212.25
946,3.85,6.71,4.28,77.63,79.41,298.8755,0.053897487231143786,6347.66
924,2.3,5.99,1.09,74.67,76.79,171.74099999999999,0.014194554734398393,5534.76
505,2.82,8.47,4.13,75.49,74.33,212.88179999999997,0.05556302225709373,4277.35
501,3.54,6.1,3.05,76.0,70.43,269.04,0.043305403477864046,3056.1
953,2.4,2.54,4.23,85.6,75.35,205.43999999999997,0.056138015111079624,2420.62
625,3.21,9.51,5.04,75.06,71.49,240.9426,0.07049936067990478,5943.75
717,4.12,16.8,2.69,75.57,67.76,311.34839999999997,0.039698931567454014,12045.6
393,2.53,5.84,3.25,83.57,72.64,211.43209999999996,0.04474118326800891,2295.12
916,2.95,4.94,1.48,75.93,81.2,223.99350000000004,0.018226598740566657,4525.04
676,2.42,3.38,1.17,85.09,89.84,205.9178,0.013023150821109657,2284.88
1150,2.24,9.36,1.45,75.85,76.11,169.904,0.01905137050960839,10764.0
867,3.71,5.77,1.29,77.51,74.56,287.56210000000004,0.01730149982544262,5002.589999999999
846,3.59,4.69,2.68,84.82,88.39,304.50379999999996,0.03032016853488307,3967.7400000000002
1069,2.37,10.01,3.09,76.05,85.4,180.2385,0.036182665552381074,10700.69
669,3.83,10.15,2.17,81.12,72.27,310.68960000000004,0.030026286145525646,6790.35
801,2.06,6.43,3.16,74.48,76.42,153.42880000000002,0.04135042641318681,5150.429999999999
876,4.21,6.62,1.77,76.09,79.82,320.3389,0.022174890732286304,5799.12
513,3.17,8.61,3.11,79.87,84.51,253.1879,0.03680037429885524,4416.929999999999
1218,5.52,7.49,2.46,76.2,69.33,420.62399999999997,0.035482470001086105,9122.82
618,4.71,5.27,3.86,84.88,67.81,399.78479999999996,0.05692374916328724,3256.8599999999997
1163,2.73,3.7,2.95,76.78,81.4,209.6094,0.036240781788601746,4303.1
609,3.21,5.93,1.91,74.94,76.54,240.5574,0.024954269015642926,3611.37
1036,3.51,15.56,1.21,81.78,79.77,287.0478,0.015168607851497073,16120.16
1177,4.04,5.4,1.53,86.24,75.01,348.40959999999995,0.020397277643343866,6355.8
599,3.77,5.15,1.76,77.87,75.28,293.5699,0.023379380528775168,3084.8500000000004
1522,3.19,3.34,3.24,76.6,79.45,244.35399999999998,0.040780359876606685,5083.48
632,2.59,4.56,1.57,75.05,76.06,194.37949999999998,0.02064159602398159,2881.9199999999996
549,3.41,14.68,1.54,77.6,71.29,264.616,0.021601904670794685,8059.32
1200,1.86,4.24,4.83,76.52,81.68,142.3272,0.059133195502791926,5088.0
892,3.71,6.73,1.35,83.09,82.88,308.26390000000004,0.016288608073285707,6003.160000000001
610,2.54,4.57,1.74,81.35,79.57,206.629,0.02186753526862696,2787.7000000000003
787,3.47,6.33,3.73,75.18,74.08,260.87460000000004,0.05035096512540967,4981.71
1481,2.33,5.84,2.71,76.46,86.31,178.15179999999998,0.03139844381897302,8649.039999999999
698,2.66,13.03,2.17,76.25,90.86,202.82500000000002,0.02388289413571493,9094.939999999999
580,4.72,2.67,2.03,77.96,68.34,367.97119999999995,0.029704414734501788,1548.6
971,5.27,6.74,1.63,75.99,78.35,400.46729999999997,0.020804081582121048,6544.54
643,5.37,6.53,1.79,77.64,76.61,416.9268,0.023365092890602675,4198.79
496,2.62,8.19,1.67,74.75,67.06,195.845,0.02490306816238172,4062.24
724,3.93,5.78,1.76,73.15,75.42,287.47950000000003,0.023335982055690523,4184.72
780,2.71,7.9,2.18,80.0,83.88,216.8,0.025989505723711767,6162.0
276,4.66,7.29,2.61,76.73,71.45,357.5618,0.03652903617508241,2012.04
1119,4.36,5.44,2.61,75.83,81.97,330.6188,0.03184091352434872,6087.360000000001
996,2.32,3.18,3.64,83.0,77.67,192.55999999999997,0.04686493538497034,3167.28
709,2.81,7.39,2.66,75.83,85.68,213.0823,0.03104574801053361,5239.51
817,3.18,5.35,3.37,78.0,72.69,248.04000000000002,0.04636125376788365,4370.95
543,2.25,6.33,3.24,75.15,77.41,169.0875,0.04185505207918201,3437.19
1196,2.89,5.23,1.99,80.66,84.14,233.1074,0.02365105494995781,6255.080000000001
574,4.75,6.82,1.4,76.47,86.0,363.2325,0.01627906787452699,3914.6800000000003
663,2.5,3.86,3.09,76.45,70.9,191.125,0.04358250443124055,2559.18
816,1.91,9.22,2.17,77.28,79.92,147.60479999999998,0.02715214875473614,7523.52
912,4.1,8.04,2.4,79.93,75.97,327.713,0.031591413506461295,7332.48
683,4.88,5.69,1.72,77.14,72.16,376.4432,0.023835916874180033,3886.2700000000004
600,4.57,13.75,0.97,74.9,83.86,342.29300000000006,0.011566895830324846,8250.0
1689,2.29,4.07,2.18,76.76,77.58,175.78040000000001,0.02810002215776977,6874.2300000000005
498,5.64,5.9,2.61,80.01,66.59,451.2564,0.0391950684494566,2938.2000000000003
724,2.23,4.25,2.3,77.22,75.12,172.2006,0.03061767430542141,3077.0
950,5.31,10.11,1.06,76.37,77.36,405.5247,0.013702169893721576,9604.5
884,4.25,7.55,1.08,86.54,91.26,367.795,0.011834318229857744,6674.2
421,4.1,5.18,3.09,76.71,81.28,314.51099999999997,0.038016727606209694,2180.7799999999997
737,2.25,6.71,2.82,75.31,72.86,169.4475,0.038704359222569415,4945.2699999999995
1426,2.44,2.58,3.08,75.29,74.57,183.7076,0.04130346770772862,3679.08
1134,3.44,7.62,3.52,76.1,86.91,261.784,0.04050166373240551,8641.08
396,2.64,6.47,2.76,75.23,65.44,198.6072,0.04217603267481163,2562.12
705,3.45,5.25,1.83,76.71,69.18,264.6495,0.026452728179715494,3701.25
1106,3.16,5.5,4.04,76.19,89.87,240.7604,0.04495381718551049,6083.0
515,2.22,3.94,2.66,85.78,81.16,190.43160000000003,0.0327747618562393,2029.1
743,6.18,5.92,1.26,76.04,67.93,469.9272,0.018548503084277478,4398.56
945,4.56,3.84,3.93,78.06,84.26,355.9536,0.04664134267252045,3628.7999999999997
565,3.56,4.63,3.48,83.92,70.11,298.7552,0.049636278756770964,2615.95
643,2.63,8.45,2.91,83.81,68.86,220.4203,0.04225965113859263,5433.349999999999
1010,3.13,10.37,1.36,74.6,68.52,233.49799999999996,0.01984821660125269,10473.699999999999
858,5.52,5.06,1.27,78.29,75.09,432.1608,0.016913035435739052,4341.48
982,1.78,1.1,1.61,75.49,78.78,134.3722,0.020436656456377704,1080.2
452,2.9,3.61,1.82,76.04,87.24,220.51600000000002,0.02086198752155118,1631.72
870,4.88,4.92,2.53,78.98,76.43,385.42240000000004,0.033102180674842246,4280.4
815,2.92,7.1,1.1,77.07,78.19,225.04439999999997,0.014068293379166982,5786.5
545,2.55,7.3,1.67,75.47,75.42,192.4485,0.022142664791479076,3978.5
566,4.47,5.38,1.38,75.49,75.07,337.4403,0.018382840231405323,3045.08
670,1.74,12.01,1.6,76.43,87.81,132.9882,0.018221157246195507,8046.7
539,2.85,8.63,2.1,73.88,81.97,210.558,0.025619125824188627,4651.570000000001
752,1.91,5.18,1.36,75.25,74.7,143.7275,0.01820615552795776,3895.3599999999997
480,3.23,7.31,2.58,82.07,79.58,265.0861,0.03242020200801684,3508.7999999999997
702,3.74,5.91,2.34,75.47,76.11,282.25780000000003,0.03074497033964389,4148.82
618,2.35,4.87,1.65,82.55,77.67,193.9925,0.021243720710220067,3009.66
433,2.97,14.03,2.93,81.42,77.62,241.81740000000002,0.037747998228807235,6074.99
668,4.04,4.74,2.11,81.29,72.6,328.4116,0.029063356878325498,3166.32
538,4.83,0.62,2.11,75.65,74.46,365.38950000000006,0.02833735853648153,333.56
498,4.25,9.33,2.05,78.17,85.65,332.2225,0.023934614835421496,4646.34
895,2.97,2.96,2.58,78.03,91.34,231.74910000000003,0.028246110329963835,2649.2
726,3.03,7.22,0.91,75.95,72.67,230.1285,0.012522359636389205,5241.72
683,4.35,6.02,3.33,79.95,80.58,347.78249999999997,0.04132538578736836,4111.66
797,3.93,4.94,2.81,78.28,72.06,307.6404,0.03899527629818536,3937.1800000000003
841,2.66,6.86,1.94,74.03,83.96,196.9198,0.023106238315121687,5769.26
437,3.57,11.63,1.59,75.84,84.03,270.7488,0.018921811386194053,5082.31
708,4.65,10.25,2.39,77.12,79.42,358.60800000000006,0.030093171733420833,7257.0
1587,2.35,6.52,2.75,77.4,72.44,181.89000000000001,0.0379624464436159,10347.24
493,3.61,5.96,2.84,74.36,75.25,268.4396,0.0377408587719789,2938.28
787,3.83,8.17,1.27,76.63,88.12,293.49289999999996,0.01441216359371725,6429.79
623,2.53,5.54,4.43,74.0,81.86,187.22,0.054116778143564845,3451.42
606,5.49,6.66,2.76,83.05,72.12,455.9445,0.03826954544238138,4035.96
583,2.9,5.88,3.35,76.63,78.16,222.22699999999998,0.042860792878608896,3428.04
434,4.86,7.39,1.44,84.73,82.68,411.78780000000006,0.017416543611932313,3207.2599999999998
543,4.32,18.79,1.51,77.95,88.26,336.744,0.017108541002884545,10202.97
754,2.22,6.12,1.53,77.04,68.67,171.02880000000002,0.022280468577185294,4614.4800000000005
717,2.05,3.68,6.18,76.14,71.39,156.087,0.08656673391697241,2638.56
838,2.19,2.3,1.8,82.05,79.71,179.68949999999998,0.02258185640674239,1927.3999999999999
927,3.48,5.06,2.28,75.75,74.36,263.61,0.03066164192285611,4690.62
663,3.77,5.9,4.47,76.43,77.04,288.14110000000005,0.05802179932219634,3911.7000000000003
871,3.54,2.14,3.42,77.15,79.31,273.11100000000005,0.0431219211799368,1863.94
528,2.54,5.84,5.52,83.78,83.83,212.8012,0.06584754075539297,3083.52
701,4.73,11.17,3.29,75.68,74.7,357.9664000000001,0.044042832122780165,7830.17
603,2.58,8.25,1.58,76.15,70.63,196.467,0.022370094524976,4974.75
854,2.87,5.84,2.12,81.57,73.06,234.1059,0.02901724212739637,4987.36
581,2.51,7.46,1.95,77.22,81.39,193.82219999999998,0.023958714343443377,4334.26
1560,4.66,7.98,3.36,77.01,92.38,358.86660000000006,0.03637150504746644,12448.800000000001
604,2.9,6.29,1.98,74.96,70.18,217.384,0.028213162124086328,3799.16
1016,2.0,4.93,3.37,78.42,89.14,156.84,0.037805694659446415,5008.88
512,2.49,13.16,4.08,77.67,82.54,193.39830000000003,0.04943057312447623,6737.92
786,2.72,6.91,2.78,75.15,71.74,204.40800000000004,0.038751040040278774,5431.26
624,5.65,8.62,1.15,73.9,76.19,417.5350000000001,0.01509384235544791,5378.879999999999
589,2.05,8.37,3.14,75.23,77.64,154.2215,0.04044306537312398,4929.929999999999
534,3.96,6.39,3.21,76.21,76.08,301.79159999999996,0.04219242347628503,3412.2599999999998
644,3.13,13.05,2.67,77.18,72.34,241.57340000000002,0.036909035539254134,8404.2
361,1.92,10.39,2.56,84.98,72.71,163.1616,0.035208357143672514,3750.7900000000004
426,4.95,11.62,3.16,76.46,85.78,378.477,0.036838419580505995,4950.12
761,2.96,5.74,2.69,86.63,89.29,256.4248,0.03012655055139987,4368.14
565,4.44,5.11,2.34,75.29,82.58,334.28760000000005,0.028336155444883087,2887.15
583,2.55,6.34,1.84,77.63,80.99,197.95649999999998,0.02271885137438556,3696.22
723,3.82,7.01,3.04,76.01,77.38,290.3582,0.039286632296894254,5068.23
641,2.3,5.15,3.35,77.29,77.1,177.767,0.04345005921529712,3301.15
501,3.56,5.9,2.22,75.98,76.08,270.4888,0.029179806890141054,2955.9
813,2.29,4.93,0.72,75.98,69.05,173.9942,0.010427225137259213,4008.0899999999997
554,2.13,6.64,3.16,78.5,76.65,167.20499999999998,0.04122634817660167,3678.56
445,4.27,4.06,2.37,76.11,86.1,324.98969999999997,0.027526129207185925,1806.6999999999998
1308,1.96,3.71,2.21,77.99,87.12,152.8604,0.025367306546452414,4852.68
799,5.87,7.15,3.43,78.06,74.64,458.2122,0.04595390595472857,5712.85
1409,2.27,11.48,1.95,77.38,75.78,175.65259999999998,0.02573237981889947,16175.32
424,3.05,7.7,2.6,74.99,80.58,228.71949999999998,0.032266066981128445,3264.8
656,2.97,4.52,2.79,79.12,80.75,234.98640000000003,0.03455107931255984,2965.12
513,3.13,11.59,2.57,75.43,72.24,236.0959,0.035575853325601696,5945.67
671,3.25,8.24,2.72,73.98,76.12,240.435,0.035733048379788704,5529.04
519,3.24,8.64,2.62,77.16,77.17,249.9984,0.033951012835167445,4484.16
645,5.61,6.25,1.61,76.85,79.48,431.1285,0.0202566657955881,4031.25
801,3.51,6.68,1.21,74.3,77.53,260.79299999999995,0.01560685984691605,5350.679999999999
1062,2.62,7.51,0.11,74.77,87.49,195.8974,0.0012572864033276484,7975.62
927,3.62,5.93,1.26,82.89,84.74,300.0618,0.014869009338091889,5497.11
918,4.25,3.39,1.07,82.36,89.55,350.03,0.011948630714837441,3112.02
377,2.03,4.9,2.22,76.18,81.86,154.6454,0.02711946895682031,1847.3000000000002
839,4.37,12.53,2.84,83.46,69.32,364.7202,0.04096941128542826,10512.67
1223,2.58,5.32,2.94,76.53,84.01,197.44740000000002,0.034995829663631746,6506.360000000001
1075,3.59,9.13,3.39,82.52,76.46,296.24679999999995,0.044336902388581956,9814.75
608,4.22,4.5,2.06,76.45,86.94,322.61899999999997,0.023694499229986288,2736.0
652,4.55,8.08,1.98,75.34,92.59,342.797,0.021384596459164438,5268.16
809,0.8,6.58,4.07,77.55,77.7,62.04,0.05238094563951794,5323.22
428,3.78,4.41,1.45,77.55,91.44,293.13899999999995,0.015857391091711383,1887.48
790,3.79,8.99,2.43,76.66,89.95,290.5414,0.027015005334629756,7102.1
606,2.46,4.19,3.04,85.14,80.95,209.4444,0.03755404106806163,2539.1400000000003
1147,1.97,9.99,2.03,76.19,90.82,150.0943,0.02235190240564827,11458.53
603,1.27,6.76,1.27,77.8,70.68,98.806,0.017968305324235236,4076.2799999999997
533,2.8,4.23,2.25,74.96,84.57,209.88799999999998,0.026605175995604118,2254.59
596,3.66,6.24,2.05,77.06,83.74,282.0396,0.02448053206585478,3719.04
803,3.11,7.01,1.2,78.01,84.71,242.6111,0.014165976370443116,5629.03
423,2.56,7.25,1.77,76.48,86.27,195.7888,0.02051697919126241,3066.75
1246,3.49,7.18,2.08,75.45,87.2,263.32050000000004,0.023853208273714645,8946.279999999999
1321,4.69,9.6,1.7,76.99,80.3,361.0831,0.0211706075752668,12681.6
753,2.91,8.75,2.02,74.84,80.87,217.78440000000003,0.02497835724269108,6588.75
750,4.87,13.06,2.02,77.4,78.44,376.93800000000005,0.025752163978561452,9795.0
904,1.59,7.53,1.35,77.89,81.59,123.8451,0.016546143332988927,6807.12
903,2.23,3.95,1.56,86.74,74.92,193.43019999999999,0.020822207578456008,3566.8500000000004
917,2.81,4.44,4.27,76.98,76.25,216.31380000000001,0.05599999265573866,4071.4800000000005
704,3.91,7.39,2.94,78.47,79.35,306.8177,0.03705103502822495,5202.5599999999995
1315,4.21,6.7,6.51,78.64,82.9,331.0744,0.07852833793385548,8810.5
858,4.89,6.1,1.52,77.78,77.63,380.3442,0.019580056733214384,5233.799999999999
950,2.97,5.71,2.1,75.88,83.81,225.3636,0.025056672824642308,5424.5
771,3.62,8.28,2.03,76.94,85.01,278.5228,0.0238795407740806,6383.879999999999
604,4.04,6.07,2.65,84.05,75.04,339.562,0.0353144942278126,3666.28
743,3.11,5.52,2.58,74.12,82.99,230.5132,0.031088079155551375,4101.36
691,0.03,6.37,1.8,74.0,70.2,2.2199999999999998,0.025641021988458405,4401.67
629,2.55,3.46,1.66,86.26,83.72,219.963,0.019827995720497406,2176.34
614,2.74,11.87,3.3,75.4,85.72,206.59600000000003,0.03849742901336572,7288.179999999999
925,1.99,3.34,1.91,86.34,78.69,171.8166,0.024272458473445356,3089.5
697,2.51,7.64,2.39,76.57,64.38,192.19069999999996,0.037123324460496356,5325.08
546,2.5,9.64,2.77,76.79,89.88,191.97500000000002,0.030818866175026015,5263.4400000000005
903,4.73,6.54,2.46,75.19,78.06,355.6487,0.031514215793720754,5905.62
486,2.07,1.91,2.24,85.11,78.58,176.1777,0.028505977538053257,928.26
673,2.43,11.44,1.83,84.52,86.07,205.3836,0.021261761210437876,7699.12
759,3.98,1.72,1.29,78.45,74.01,312.231,0.017430074661522136,1305.48
1218,2.67,4.42,2.62,76.56,79.82,204.4152,0.03282384955852549,5383.5599999999995
860,2.99,10.92,2.09,85.17,76.67,254.65830000000003,0.02725968080609354,9391.2
1168,4.02,6.32,1.94,76.2,83.84,306.32399999999996,0.023139310217162423,7381.76
820,2.08,8.9,6.22,74.21,79.04,154.3568,0.07869432202754022,7298.0
943,3.14,15.88,1.6,82.01,72.7,257.51140000000004,0.02200825006764098,14974.84
827,2.67,10.96,2.27,77.34,80.39,206.4978,0.02823733944055984,9063.92
614,3.39,4.13,2.34,76.46,82.59,259.19939999999997,0.028332724502636575,2535.8199999999997
595,3.58,13.86,2.49,76.79,78.52,274.9082,0.03171166177895291,8246.699999999999
1132,5.01,8.08,3.35,75.27,71.36,377.10269999999997,0.046945060685950016,9146.56
645,3.49,4.57,2.91,76.55,88.6,267.1595,0.03284424008530022,2947.65
1451,2.17,1.96,1.96,74.24,72.03,161.1008,0.027210880576026573,2843.96
541,2.83,5.3,2.44,76.78,78.41,217.28740000000002,0.03111847581705448,2867.2999999999997
1237,2.6,6.69,2.07,80.18,82.18,208.46800000000002,0.02518860730243279,8275.53
605,5.47,6.42,5.73,73.22,74.91,400.5134,0.07649177993702044,3884.1
1047,4.53,9.85,1.44,77.49,85.09,351.0297,0.016923255738247062,10312.949999999999
756,2.59,5.02,2.33,76.47,77.96,198.0573,0.029887117767173198,3795.12
988,4.39,3.79,2.79,81.67,81.29,358.5313,0.03432156054600067,3744.52
522,2.65,5.82,3.16,76.14,81.68,201.771,0.038687556478017075,3038.04
771,1.82,12.07,2.3,84.84,85.69,154.4088,0.02684093513351206,9305.97
631,4.9,6.93,1.84,77.53,75.69,379.89700000000005,0.02430968102659783,4372.83
787,2.82,4.96,2.83,78.42,82.96,221.1444,0.034112821346091934,3903.52
748,2.0,8.13,2.05,76.36,76.12,152.72,0.026931157786237805,6081.240000000001
1082,2.23,3.66,2.25,75.94,82.12,169.34619999999998,0.027398925061017404,3960.1200000000003
555,4.8,7.08,2.28,74.63,74.5,358.224,0.030604022737715064,3929.4
551,4.16,8.57,1.34,74.82,65.23,311.2512,0.02054269192968083,4722.07
714,2.3,7.51,4.94,83.34,71.82,191.682,0.06878305920592326,5362.139999999999
601,3.93,9.0,1.72,77.61,74.79,305.0073,0.022997723893872987,5409.0
538,2.51,4.79,1.45,77.01,85.2,193.2951,0.017018777345213926,2577.02
573,2.27,10.93,1.76,77.34,81.8,175.5618,0.02151588979023352,6262.889999999999
825,4.05,4.38,1.91,84.57,74.4,342.50849999999997,0.025672039560209733,3613.5
1269,3.4,8.49,1.59,76.37,74.23,259.658,0.021419908201548134,10773.81
597,3.92,8.48,1.49,76.8,85.73,301.056,0.017380144945743036,5062.56
736,4.97,9.07,2.76,75.93,73.74,377.3721,0.037428798829834714,6675.52
1180,4.76,7.08,2.11,85.97,77.67,409.2172,0.027166212544584453,8354.4
483,2.05,6.77,1.77,78.39,83.47,160.6995,0.021205220893108796,3269.91
769,3.84,7.11,1.89,85.93,84.96,329.9712,0.02224576009348398,5467.59
667,2.92,4.93,1.29,82.28,82.12,240.2576,0.015708717034983312,3288.31
711,3.47,12.18,1.3,74.62,87.76,258.93140000000005,0.014813125021293866,8659.98
1048,3.68,7.84,1.62,77.12,82.88,283.8016,0.01954632968794285,8216.32
1411,1.9,4.62,2.56,75.59,77.7,143.621,0.03294722870692037,6518.82
947,3.99,6.78,1.26,78.32,90.41,312.4968,0.013936509906369882,6420.66
615,3.33,5.72,2.71,75.06,82.32,249.9498,0.03292030698247,3517.7999999999997
531,3.75,6.85,2.3,81.12,88.88,304.20000000000005,0.02587758484725643,3637.35
466,2.41,7.45,1.36,76.75,88.5,184.9675,0.015367229902007921,3471.7000000000003
1025,1.93,5.96,4.16,75.3,85.98,145.32899999999998,0.04838333933666674,6109.0
574,3.81,7.19,2.01,72.76,75.04,277.21560000000005,0.02678571071618993,4127.06
547,3.06,6.48,3.08,74.77,71.02,228.7962,0.043368059227251586,3544.5600000000004
1713,5.09,4.36,1.63,81.85,71.05,416.6165,0.02294158720033959,7468.68
916,1.95,7.01,1.72,76.02,80.84,148.23899999999998,0.021276593112742066,6421.16
770,2.78,8.67,1.89,76.69,83.41,213.19819999999999,0.022659150862108755,6675.9
1103,4.17,6.04,1.95,78.55,79.75,327.5535,0.024451407592299988,6662.12
1333,2.65,11.89,2.82,76.53,66.47,202.8045,0.04242514782230362,15849.37
496,1.95,2.81,2.6,77.23,69.17,150.5985,0.03758854451517355,1393.76
1505,3.85,7.5,2.18,76.52,73.37,294.602,0.029712412469345445,11287.5
1182,3.42,5.76,1.62,86.14,71.01,294.5988,0.022813685000185185,6808.32
622,2.54,14.24,1.94,78.28,72.38,198.8312,0.02680298054670067,8857.28
1277,2.72,5.31,1.39,81.07,73.53,220.5104,0.018903846198307327,6780.87
746,2.89,6.41,0.69,74.82,66.49,216.22979999999998,0.010377498815235552,4781.86
526,4.01,6.69,2.1,77.72,74.34,311.6572,0.028248583770704362,3518.94
624,4.69,5.34,1.96,84.21,75.4,394.9449,0.02599469151264038,3332.16
633,4.78,7.24,1.39,76.92,78.16,367.67760000000004,0.01778403047798996,4582.92
677,3.68,4.73,2.33,83.9,67.34,308.752,0.034600529462350836,3202.2100000000005
937,3.93,4.62,2.25,76.78,77.59,301.7454,0.02899857855412056,4328.9400000000005
1158,2.75,5.58,1.32,74.77,78.65,205.61749999999998,0.016783214649305194,6461.64
868,2.53,4.29,1.6,76.14,82.91,192.6342,0.019298031685197,3723.7200000000003
527,4.63,7.94,2.42,75.51,83.12,349.6113,0.029114529702294306,4184.38
815,2.07,7.65,2.33,75.83,68.83,156.9681,0.033851513315194925,6234.75
702,3.5,6.87,2.91,75.48,74.64,264.18,0.038987133040309076,4822.74
769,3.43,5.65,1.49,78.2,82.42,268.226,0.018078134181250403,4344.85
855,1.93,4.64,1.94,80.26,79.04,154.9018,0.024544531307625083,3967.2
949,3.35,3.17,2.0,76.47,71.4,256.1745,0.02801120055865538,3008.33
584,2.72,12.48,2.62,76.02,82.13,206.7744,0.03190064143423336,7288.320000000001
755,3.25,7.13,2.52,80.11,82.94,260.3575,0.030383406030455026,5383.15
646,4.29,5.05,2.43,76.14,88.29,326.6406,0.027522932662483558,3262.2999999999997
774,3.75,4.6,1.45,78.69,74.04,295.0875,0.01958400599891869,3560.3999999999996
530,2.92,5.63,2.73,80.29,80.29,234.44680000000002,0.03400173944429699,2983.9
628,5.94,5.23,2.0,75.24,86.53,446.9256,0.023113368414033466,3284.44
675,3.05,6.41,3.25,74.69,77.18,227.8045,0.042109349299125506,4326.75
614,2.6,12.32,2.7,84.75,88.31,220.35,0.03057411045474913,7564.4800000000005
936,3.37,5.64,1.85,84.53,79.68,284.8661,0.023217868572054646,5279.04
855,2.13,3.55,1.55,76.3,85.39,162.51899999999998,0.0181520063061241,3035.25
706,2.11,4.54,1.82,87.33,87.7,184.26629999999997,0.02075256319811138,3205.2400000000002
919,2.91,7.81,1.64,77.5,71.17,225.525,0.02304341393235718,7177.389999999999
691,3.79,5.53,3.16,77.93,77.15,295.35470000000004,0.04095916513815098,3821.23
1223,2.55,7.43,3.55,74.66,87.61,190.38299999999998,0.040520483903608726,9086.89
1092,4.42,8.27,2.74,81.46,88.39,360.05319999999995,0.03099897827820135,9030.84
610,4.5,9.98,1.89,75.37,70.15,339.165,0.02694226273096753,6087.8
753,3.58,7.61,1.78,74.55,77.1,266.889,0.023086897135292203,5730.33
660,4.04,3.89,2.17,76.58,72.2,309.3832,0.03005539749925242,2567.4
478,2.61,7.0,2.24,75.2,84.21,196.272,0.026600163092249964,3346.0
694,3.29,5.94,2.94,76.14,69.69,250.5006,0.042186821324892904,4122.360000000001
617,4.53,3.12,2.91,80.52,72.23,364.7556,0.04028796341022242,1925.04
1345,2.91,17.44,2.69,85.89,80.0,249.93990000000002,0.03362499579687552,23456.800000000003
425,3.01,2.77,1.34,77.8,73.65,234.17799999999997,0.018194159104662714,1177.25
1060,0.31,6.54,1.5,74.83,74.97,23.1973,0.020008000532479586,6932.4
846,3.89,6.32,1.45,78.08,89.36,303.7312,0.016226497736515473,5346.72
451,2.76,8.19,2.78,76.03,75.69,209.84279999999998,0.03672875720322933,3693.6899999999996
610,2.36,9.93,3.29,74.7,69.94,176.292,0.04704031354871124,6057.3
735,2.24,11.87,2.89,78.09,79.91,174.9216,0.036165681871395086,8724.449999999999
1613,3.85,4.8,1.72,76.87,70.6,295.9495,0.024362602781501024,7742.4
933,4.66,9.26,2.04,77.72,78.36,362.1752,0.026033687336180788,8639.58
724,2.59,7.62,1.88,85.82,73.54,222.27379999999997,0.025564315261855413,5516.88
1257,3.03,4.49,1.05,77.33,79.37,234.30989999999997,0.013229178124079862,5643.93
731,3.63,5.81,2.13,76.8,66.74,278.784,0.03191488883504812,4247.11
1354,4.19,7.9,3.18,76.04,71.88,318.60760000000005,0.04424039451302247,10696.6
630,3.32,6.52,1.15,78.04,83.13,259.0928,0.013833752696529207,4107.599999999999
707,1.87,5.97,3.33,76.19,86.34,142.4753,0.03856844584567456,4220.79
556,3.88,5.59,1.71,75.67,78.17,293.5996,0.02187539697129372,3108.04
696,2.99,11.7,2.27,80.16,88.18,239.6784,0.025742795901247912,8143.2
581,3.0,3.92,3.13,74.29,77.53,222.87,0.04037146390152664,2277.52
395,2.66,10.09,2.62,75.27,74.18,200.2182,0.03531948836350925,3985.5499999999997
598,3.59,6.92,3.23,75.32,77.94,270.39879999999994,0.04144212965843858,4138.16
1062,3.51,10.68,2.83,78.64,64.57,276.02639999999997,0.043828396495524787,11342.16
898,5.39,5.01,2.51,77.02,75.11,415.13779999999997,0.03341764965814809,4498.98
376,1.76,6.66,1.28,77.12,74.73,135.7312,0.017128326357777817,2504.16
560,2.6,13.45,1.91,78.27,82.71,203.502,0.02309273085567273,7532.0
772,1.81,7.97,2.94,75.47,73.87,136.6007,0.0397996426425284,6152.84
794,3.94,6.24,3.01,76.74,75.48,302.3556,0.039878108124256996,4954.56
724,2.06,5.0,1.2,83.07,81.69,171.1242,0.014689678701226746,3620.0
701,4.82,3.73,1.74,76.95,64.13,370.89900000000006,0.02713238310737828,2614.73
782,0.57,4.97,2.24,77.98,86.59,44.4486,0.025869035007618085,3886.54
358,4.49,4.39,2.99,75.86,71.69,340.6114,0.041707345277256905,1571.62
893,4.69,3.99,1.52,75.47,85.88,353.95430000000005,0.017699112983335704,3563.07
745,3.74,6.03,1.91,74.76,68.69,279.60240000000005,0.027806081262762954,4492.35
724,2.58,6.44,2.39,75.14,73.0,193.8612,0.032739721542503895,4662.56
749,4.71,4.48,0.03,75.94,78.21,357.6774,0.00038358261301846145,3355.5200000000004
510,2.41,4.65,1.34,77.81,72.24,187.52210000000002,0.018549277609457696,2371.5
849,4.95,11.57,2.64,77.72,77.24,384.714,0.034179177346041256,9822.93
672,2.57,6.84,1.79,75.32,84.89,193.57239999999996,0.021086108954398757,4596.48
594,3.65,3.25,1.37,76.62,83.85,279.663,0.01633869811106761,1930.5
773,4.37,6.72,1.61,89.12,87.45,389.4544,0.018410518192050522,5194.5599999999995
930,4.71,6.56,1.7,78.18,86.74,368.2278,0.01959879875503819,6100.799999999999
881,4.51,1.82,2.61,73.63,86.22,332.07129999999995,0.030271395236442213,1603.42
1517,3.83,12.32,1.24,78.8,82.59,301.804,0.015013922386012544,18689.44
663,2.39,4.79,2.82,76.61,68.3,183.0979,0.04128842733697989,3175.77
577,4.6,4.86,4.8,75.98,69.56,349.508,0.06900516546791755,2804.2200000000003
893,2.4,4.4,1.48,76.49,82.33,183.576,0.017976434109506362,3929.2000000000003
419,2.52,4.7,2.91,78.31,81.58,197.34120000000001,0.03567050310486601,1969.3000000000002
709,1.75,3.01,1.79,74.44,94.01,130.26999999999998,0.019040525578074077,2134.0899999999997
697,5.78,5.95,1.58,75.06,79.9,433.84680000000003,0.01977471592306434,4147.150000000001
737,2.66,3.54,1.75,75.26,69.94,200.19160000000002,0.025021443376974067,2608.98
721,4.0,4.8,2.79,76.72,83.99,306.88,0.03321823631167564,3460.7999999999997
730,2.5,12.15,1.23,78.15,78.89,195.375,0.015591327723244045,8869.5
859,2.51,4.9,1.63,76.26,72.71,191.4126,0.022417821150072733,4209.1
804,1.68,6.2,1.84,77.37,87.05,129.98160000000001,0.021137274998589892,4984.8
496,2.12,6.3,2.07,75.67,89.77,160.4204,0.02305892580384028,3124.7999999999997
445,2.49,7.48,1.64,73.86,78.76,183.91140000000001,0.02082275002250507,3328.6000000000004
960,2.9,6.07,1.82,77.79,68.99,225.591,0.02638063105078547,5827.200000000001
489,4.02,7.33,3.13,75.32,70.01,302.78639999999996,0.04470789248566026,3584.37
1010,2.04,5.23,2.81,77.27,77.11,157.6308,0.03644144255719847,5282.3
839,3.07,5.85,1.0,77.23,75.79,237.0961,0.013194351076085091,4908.15
547,1.99,5.16,3.16,86.21,86.72,171.5579,0.036439110189217,2822.52
1578,3.42,1.77,1.63,77.78,85.87,266.0076,0.018982180158125053,2793.06
771,5.48,5.82,2.38,76.7,81.7,420.31600000000003,0.029130963386662986,4487.22
653,2.05,4.94,2.21,76.87,78.95,157.5835,0.02799239670773949,3225.82
494,0.54,10.58,1.48,81.49,76.21,44.0046,0.01942002107072286,5226.52
553,3.97,4.02,1.37,76.34,87.8,303.06980000000004,0.01560364286974455,2223.06
619,4.11,7.1,0.53,77.74,65.39,319.5114,0.008105213625139376,4394.9
562,3.32,5.0,1.78,76.57,83.53,254.21239999999997,0.021309706535411643,2810.0
1207,4.04,10.29,1.22,78.04,79.73,315.2816,0.01530164112609543,12420.029999999999
664,2.32,5.76,1.19,76.52,68.57,177.52639999999997,0.017354525688416847,3824.64
734,2.79,4.78,2.88,77.02,79.54,214.8858,0.0362081925813185,3508.52
694,3.12,8.34,1.75,75.43,74.58,235.34160000000003,0.023464732707866358,5787.96
909,3.82,6.75,1.74,76.43,76.7,291.9626,0.022685785829754126,6135.75
1047,2.72,4.75,2.97,76.66,81.69,208.5152,0.0363569547855362,4973.25
749,3.95,8.57,1.11,76.33,74.61,301.50350000000003,0.01487736028985923,6418.93
796,4.92,7.96,3.06,75.31,82.82,370.5252,0.036947592737552194,6336.16
651,2.36,3.52,3.86,88.16,68.28,208.05759999999998,0.05653191907851214,2291.52
797,0.87,9.15,1.76,76.42,79.72,66.4854,0.02207726767721178,7292.55
864,3.06,8.64,1.3,75.95,72.52,232.407,0.017926086882778976,7464.960000000001
1721,3.22,4.17,1.48,77.77,78.56,250.4194,0.018839101471601134,7176.57
971,2.54,8.87,2.93,76.56,81.7,194.4624,0.035862908707110314,8612.769999999999
381,3.93,6.99,3.58,84.11,83.26,330.5523,0.042997832933241296,2663.19
843,4.97,5.52,1.46,76.47,88.36,380.05589999999995,0.016523311846614774,4653.36
760,2.72,8.15,2.14,74.85,74.53,203.592,0.028713265971653565,6194.0
593,2.38,12.81,3.21,73.39,70.91,174.66819999999998,0.04526864401796023,7596.33
590,3.97,9.84,1.79,76.49,82.05,303.6653,0.021815963215604726,5805.6
771,2.35,10.03,2.13,75.3,71.19,176.955,0.029919928371972413,7733.129999999999
1109,2.13,8.78,2.14,76.84,81.77,163.6692,0.02617096414687977,9737.019999999999
822,2.3,5.51,1.52,75.99,81.12,174.777,0.01873767027395583,4529.22
811,3.74,4.01,2.01,78.51,84.3,293.6274,0.023843413541706576,3252.1099999999997
517,4.17,7.39,1.9,72.65,81.79,302.95050000000003,0.023230220903506425,3820.6299999999997
510,2.66,6.0,5.03,75.35,73.95,200.43099999999998,0.06801892251265415,3060.0
923,3.13,7.98,2.49,77.21,72.95,241.66729999999998,0.03413296310720177,7365.54
578,2.6,6.08,2.51,74.59,69.52,193.93400000000003,0.036104712873315174,3514.2400000000002
1682,2.48,7.79,2.36,76.67,80.15,190.1416,0.029444787343133202,13102.78
558,2.52,4.46,3.69,77.08,71.93,194.2416,0.05129986774643851,2488.68
813,3.8,7.19,2.95,76.07,78.32,289.066,0.03766598089045188,5845.47
516,4.37,1.43,1.46,84.07,72.22,367.3859,0.020216003847133224,737.88
776,3.99,5.54,2.32,85.93,90.63,342.86070000000007,0.02559858483961328,4299.04
594,3.02,4.34,2.0,76.85,82.47,232.087,0.024251239935583854,2577.96
933,2.12,8.15,3.01,77.16,73.01,163.57920000000001,0.0412272234999009,7603.950000000001
575,4.17,4.64,1.27,75.52,76.04,314.91839999999996,0.016701733732018182,2668.0
806,3.44,7.24,1.08,75.98,85.21,261.3712,0.012674567225141741,5835.4400000000005
530,2.61,14.0,1.38,76.93,77.03,200.78730000000002,0.017915095688031193,7420.0
1171,4.27,5.52,1.99,75.23,69.34,321.2321,0.02869915940306325,6463.919999999999
558,2.05,2.19,3.5,87.12,81.08,178.596,0.04316723690586619,1222.02
783,4.42,7.74,5.0,82.65,71.97,365.31300000000005,0.06947338203787938,6060.42
881,2.65,6.6,1.56,84.75,84.28,224.5875,0.018509727276966387,5814.599999999999
1297,1.65,3.44,1.28,77.83,72.39,128.4195,0.017681997833678985,4461.68
480,2.26,10.92,3.27,84.38,85.48,190.69879999999998,0.038254557995489234,5241.6
967,2.0,6.24,0.82,82.85,73.82,165.7,0.011108099280940222,6034.08
798,5.58,9.22,2.24,74.9,72.28,417.94200000000006,0.030990587854096866,7357.56
602,2.41,6.67,5.76,75.31,79.88,181.49710000000002,0.0721081532163053,4015.34
880,4.14,5.6,1.86,77.56,83.32,321.09839999999997,0.022323569092226467,4928.0
683,3.01,5.1,2.43,76.83,80.66,231.2583,0.030126452996968388,3483.2999999999997
830,3.67,6.42,1.72,77.14,82.43,283.1038,0.020866186962733593,5328.6
499,2.43,4.82,2.44,75.09,69.42,182.4687,0.03514836716387681,2405.1800000000003
901,3.09,6.69,1.52,75.83,67.52,234.3147,0.02251184500713196,6027.6900000000005
771,3.41,5.95,1.14,77.02,69.43,262.6382,0.016419412873482225,4587.45
589,4.85,4.74,2.58,86.18,72.38,417.973,0.0356452009332411,2791.86
524,3.93,8.35,3.21,75.74,72.84,297.65819999999997,0.04406918670110012,4375.4
1323,3.64,7.24,2.7,75.75,75.71,275.73,0.035662391274284604,9578.52
839,2.1,5.69,2.48,76.01,80.44,159.621,0.030830428787863153,4773.910000000001
716,4.73,3.14,2.26,77.9,72.78,368.46700000000004,0.03105248268034038,2248.2400000000002
883,2.26,5.19,3.77,75.48,83.8,170.5848,0.044988061457271904,4582.77
823,2.14,6.72,1.19,74.51,75.38,159.4514,0.015786678722913408,5530.5599999999995
630,4.64,7.64,4.3,76.31,70.09,354.0784,0.061349684498546934,4813.2
1346,2.23,7.68,1.68,76.61,82.54,170.84029999999998,0.020353765404196096,10337.279999999999
506,2.19,6.6,1.29,76.1,77.79,166.659,0.016583106236906255,3339.6
633,2.84,6.86,2.3,77.25,80.6,219.39,0.028535976608439626,4342.38
753,3.2,15.52,2.36,76.15,78.17,243.68000000000004,0.030190606346346887,11686.56
1356,3.87,2.36,4.91,80.8,75.0,312.69599999999997,0.06546665793777894,3200.16
939,2.43,5.98,0.96,78.57,84.02,190.9251,0.011425849627963624,5615.22
446,2.54,7.98,2.96,76.51,76.64,194.33540000000002,0.038622124396904434,3559.0800000000004
1004,4.6,4.72,2.61,81.92,73.0,376.832,0.03575341975980551,4738.88
496,4.85,15.46,2.55,76.19,82.93,369.52149999999995,0.030748820601854496,7668.160000000001
1242,1.88,6.01,2.35,87.2,80.34,163.936,0.029250680949628956,7464.42
719,4.75,2.88,4.24,78.72,72.89,373.92,0.058169836991379203,2070.72
618,3.96,5.34,2.01,73.67,67.34,291.7332,0.029848525416019386,3300.12
678,4.21,7.78,0.71,74.63,70.17,314.1923,0.010118282725055902,5274.84
993,2.43,4.95,1.68,75.96,77.69,184.5828,0.021624401901866146,4915.35
953,2.48,7.4,1.86,79.64,79.31,197.5072,0.02345227292242177,7052.200000000001
437,3.15,7.88,2.23,76.81,91.38,241.9515,0.024403586736311367,3443.56
986,3.02,6.16,5.74,82.49,73.66,249.1198,0.07792559354797807,6073.76
766,2.39,6.22,2.78,76.56,87.6,182.97840000000002,0.03173515619461687,4764.5199999999995
1068,2.58,1.1,2.17,78.18,87.61,201.70440000000002,0.024768859174881957,1174.8000000000002
954,2.01,6.44,1.85,75.66,69.62,152.07659999999998,0.026572820084340695,6143.76
642,4.64,5.95,1.14,77.88,81.23,361.36319999999995,0.014034222081223428,3819.9
512,4.01,7.32,3.59,76.48,70.58,306.6848,0.05086426029126377,3747.84
731,3.23,10.18,2.2,74.62,82.95,241.0226,0.02652199800819795,7441.58
885,2.89,7.68,1.62,76.65,83.29,221.51850000000002,0.019450111724083115,6796.8
621,6.36,15.13,3.24,75.61,79.7,480.87960000000004,0.04065244157434861,9395.730000000001
1075,2.93,6.87,2.36,77.58,77.51,227.3094,0.030447680241558472,7385.25
718,3.82,1.42,1.29,83.4,70.7,318.588,0.018246107744539216,1019.56
976,3.91,14.72,2.58,76.39,74.41,298.6849,0.03467275437807359,14366.720000000001
960,2.83,4.8,2.12,75.23,79.7,212.9009,0.02659974572148736,4608.0
652,2.47,6.69,1.48,75.66,76.43,186.8802,0.019364121501488744,4361.88
1053,1.98,8.66,1.64,80.98,83.75,160.34040000000002,0.019582087214079138,9118.98
1272,2.49,6.2,2.19,73.85,84.74,183.8865,0.02584375432573114,7886.400000000001
755,2.85,7.04,1.04,75.79,73.03,216.00150000000002,0.014240721040569487,5315.2
466,3.94,4.92,2.27,74.98,88.97,295.4212,0.025514215408090884,2292.72
463,3.22,8.18,1.86,76.59,74.77,246.61980000000003,0.02487628395395427,3787.3399999999997
519,4.12,5.07,2.93,76.3,86.23,314.356,0.0339788897160049,2631.33
674,2.62,6.31,1.69,77.6,70.87,203.31199999999998,0.023846476104631562,4252.94
1116,2.41,1.9,1.77,76.48,78.26,184.31680000000003,0.022616915075783915,2120.4
724,2.06,5.27,2.12,82.48,73.63,169.9088,0.0287926077967394,3815.4799999999996
895,4.8,6.35,4.46,76.82,71.31,368.73599999999993,0.06254381397506464,5683.25
616,2.33,4.56,1.58,77.08,80.72,179.5964,0.019573833055768947,2808.9599999999996
752,2.54,7.93,3.67,76.23,71.92,193.6242,0.051028913928126536,5963.36
962,2.57,6.56,3.04,76.17,78.55,195.7569,0.038701459108662115,6310.719999999999
1000,3.32,2.01,5.5,83.49,82.13,277.18679999999995,0.06696699537720743,2009.9999999999998
663,2.34,6.62,0.94,74.59,82.36,174.54059999999998,0.011413306045008979,4389.06
719,2.69,3.78,0.84,76.8,75.85,206.59199999999998,0.011074487663218502,2717.8199999999997
757,2.79,5.39,0.58,79.99,80.4,223.1721,0.0072139294510037985,4080.2299999999996
512,2.73,9.03,4.97,76.11,74.98,207.7803,0.06628433365106245,4623.36
677,3.23,8.62,2.02,76.7,82.02,247.741,0.024628136475477142,5835.74
739,2.06,1.02,2.67,75.73,76.06,156.0038,0.03510386075415977,753.78
761,4.12,9.35,2.74,75.06,87.75,309.2472,0.031225067666658956,7115.349999999999
549,2.79,5.79,1.52,75.57,67.44,210.84029999999998,0.022538549445648065,3178.71
685,0.98,4.67,3.97,82.54,71.08,80.8892,0.0558525526375137,3198.95
1117,4.05,4.5,2.68,76.28,84.06,308.93399999999997,0.031881985262671275,5026.5
1657,2.0,8.3,4.17,76.69,70.55,153.38,0.05910700792246521,13753.1
923,3.3,5.48,0.15,77.37,85.01,255.321,0.0017644980867547243,5058.04
1112,4.01,8.66,1.56,76.61,85.05,307.2061,0.018342149518853674,9629.92
777,2.41,5.06,1.58,79.98,75.46,192.75180000000003,0.020938242653294113,3931.62
489,4.47,7.38,1.21,80.63,70.11,360.4161,0.017258591176923237,3608.82
642,2.4,7.87,2.68,82.98,81.46,199.15200000000002,0.032899578578495146,5052.54
990,3.46,6.25,1.19,75.89,68.08,262.5794,0.017479433390212486,6187.5
532,3.44,4.1,2.06,74.57,72.14,256.52079999999995,0.028555582401499528,2181.2
728,2.33,4.43,3.07,76.78,72.83,178.8974,0.04215295315763378,3225.04
612,3.0,7.53,2.64,75.51,79.51,226.53000000000003,0.033203366469203056,4608.360000000001
574,1.69,5.05,2.2,75.63,82.84,127.81469999999999,0.02655721552906621,2898.7
759,2.87,6.89,1.78,76.66,89.85,220.0142,0.01981079356585492,5229.509999999999
602,3.38,6.29,0.54,75.43,71.4,254.95340000000002,0.007563024150836953,3786.58
626,4.71,6.51,2.19,83.42,79.96,392.9082,0.027388690921874573,4075.2599999999998
967,3.03,7.56,2.97,78.96,75.57,239.24879999999996,0.03930130484301908,7310.5199999999995
1367,3.43,9.4,3.16,74.9,77.66,256.90700000000004,0.0406901827594408,12849.800000000001
1396,2.43,7.52,1.11,77.28,74.42,187.7904,0.014915343333063245,10497.92
820,5.4,7.43,1.32,77.89,73.2,420.60600000000005,0.018032784421750762,6092.599999999999
734,5.37,8.63,1.48,75.19,72.13,403.7703,0.02051850540433864,6334.420000000001
783,2.8,7.61,1.24,76.33,70.02,213.724,0.017709223406280575,5958.63
1068,2.93,4.41,1.36,75.47,85.97,221.1271,0.015819470068690233,4709.88
554,4.93,6.88,4.46,80.62,85.46,397.4566,0.05218815209593353,3811.52
425,1.99,9.95,1.61,77.28,80.52,153.7872,0.019995029806876577,4228.75
900,4.56,4.97,1.74,75.29,73.58,343.3224,0.023647727147631536,4473.0
626,5.03,5.87,2.43,75.04,83.75,377.45120000000003,0.02901492190866604,3674.62
894,3.0,7.38,2.24,83.48,76.27,250.44,0.029369341894671316,6597.72
660,2.11,6.7,1.29,77.33,71.3,163.16629999999998,0.01809256408238933,4422.0
768,4.31,6.62,5.86,76.49,84.05,329.67189999999994,0.06972039622600879,5084.16
1009,3.21,7.49,2.16,75.91,71.98,243.6711,0.030008331479809462,7557.41
484,3.06,6.56,1.6,75.03,74.78,229.5918,0.021396092351418514,3175.04
1038,2.39,5.53,1.73,76.06,73.28,181.78340000000003,0.02360807538099408,5740.14
428,2.32,6.12,1.14,79.05,81.15,183.396,0.014048057418600438,2619.36
460,1.96,4.28,1.41,77.76,73.43,152.4096,0.01920195843633958,1968.8000000000002
1025,2.58,6.22,2.15,75.67,80.67,195.2286,0.026651787944491388,6375.5
632,2.83,17.63,1.95,73.53,74.76,208.0899,0.026083463605743228,11142.16
670,3.51,6.83,2.38,87.53,74.86,307.2303,0.0317926754217639,4576.1
404,3.87,4.36,1.92,75.68,73.06,292.88160000000005,0.02627976645500048,1761.44
967,3.63,2.25,1.34,79.69,76.55,289.2747,0.01750489647225389,2175.75
595,2.31,11.9,1.59,75.79,69.55,175.0749,0.022861247611610697,7080.5
717,5.5,7.34,2.13,76.24,72.97,419.32,0.029190074114009302,5262.78
435,2.07,5.46,1.74,77.99,89.64,161.43929999999997,0.01941097507686579,2375.1
759,2.54,5.71,2.17,75.11,75.6,190.7794,0.028703699906918,4333.89
1563,4.22,4.08,1.26,75.24,86.77,317.51279999999997,0.014521146188642827,6377.04
855,4.56,6.37,2.77,75.4,75.4,343.824,0.03673739565817033,5446.35
753,3.02,7.62,3.17,73.36,65.48,221.5472,0.04841172137878415,5737.86
757,2.74,6.73,3.19,81.08,69.97,222.1592,0.04559096104173774,5094.610000000001
814,3.27,7.75,0.19,75.34,74.25,246.36180000000002,0.00255892221428657,6308.5
638,2.09,5.2,2.7,76.58,72.11,160.0522,0.03744279053629309,3317.6
748,0.32,6.21,1.19,86.28,77.29,27.6096,0.015396556424303733,4645.08
523,1.51,6.05,1.24,77.24,77.84,116.63239999999999,0.015930111005895295,3164.15
1155,3.47,13.0,2.4,75.74,78.35,262.8178,0.030631776562632218,15015.0
703,2.68,3.02,1.35,77.96,85.89,208.9328,0.015717776723975233,2123.06
435,2.71,6.9,1.18,77.67,73.3,210.4857,0.016098224270365037,3001.5
1581,4.1,9.7,2.12,77.21,78.5,316.5609999999999,0.027006365986450193,15335.699999999999
763,3.54,4.71,1.32,77.21,90.2,273.3234,0.014634144719052692,3593.73
916,4.43,5.39,2.72,75.72,76.68,335.4396,0.035472087184130516,4937.24
469,3.42,7.15,1.8,77.61,82.6,265.4262,0.021791764916251222,3353.3500000000004
798,5.15,4.92,1.82,75.43,75.33,388.46450000000004,0.024160357870654736,3926.16
686,2.42,4.29,3.2,77.4,82.35,187.30800000000002,0.038858525943105536,2942.94
876,2.21,10.52,1.35,77.83,87.99,172.0043,0.01534265083047496,9215.52
562,2.75,6.87,3.19,76.63,82.67,210.7325,0.03858714907618857,3860.94
586,5.07,6.7,1.33,76.8,78.08,389.37600000000003,0.017033809293825655,3926.2000000000003
741,4.48,14.29,2.63,75.97,81.92,340.34560000000005,0.03210448826849508,10588.89
766,2.86,5.01,2.7,75.91,76.36,217.10259999999997,0.03535882198024856,3837.66
859,2.98,10.49,1.86,76.02,78.78,226.53959999999998,0.023610050316063683,9010.91
834,2.24,7.62,2.82,81.29,83.01,182.08960000000002,0.03397180653273021,6355.08
554,4.03,4.15,2.39,76.73,82.35,309.22190000000006,0.029022461563756947,2299.1000000000004
889,4.18,5.7,2.31,74.82,80.04,312.7476,0.028860566109374545,5067.3
565,5.25,9.79,1.95,76.21,74.09,400.10249999999996,0.026319337789264704,5531.349999999999
944,2.61,5.39,1.31,75.33,83.92,196.6113,0.015610103001655981,5088.16
498,3.85,8.13,3.2,76.4,75.03,294.14000000000004,0.04264960113959734,4048.7400000000002
1159,3.42,8.81,1.63,77.28,80.55,264.2976,0.02023587582422398,10210.79
474,2.03,19.23,4.5,82.53,80.01,167.5359,0.05624296259930476,9115.02
961,2.2,3.05,1.41,76.51,80.22,168.32200000000003,0.01757666198246547,2931.0499999999997
477,3.86,8.34,2.88,73.46,73.79,283.55559999999997,0.039029673528977696,3978.18
514,2.51,17.76,1.71,73.11,68.76,183.50609999999998,0.0248691063308455,9128.640000000001
859,2.11,5.1,1.44,74.41,82.56,157.00509999999997,0.017441858352488085,4380.9
448,4.53,13.41,2.53,76.62,77.05,347.08860000000004,0.0328358166338979,6007.68
971,2.44,7.76,3.15,73.84,68.91,180.1696,0.04571179136383814,7534.96
836,3.59,5.48,2.0,75.12,73.7,269.68080000000003,0.027137038380320434,4581.280000000001
956,2.17,7.68,5.17,77.79,74.61,168.8043,0.06929365107979478,7342.08
1257,4.78,6.49,1.45,76.84,73.73,367.2952,0.019666347529316758,8157.93
659,2.18,13.81,2.79,78.34,86.79,170.7812,0.03214655695972382,9100.79
1182,2.17,3.86,1.58,77.39,84.03,167.9363,0.018802806283136228,4562.5199999999995
561,3.35,7.18,4.34,76.43,78.66,256.0405,0.05517416028805488,4027.98
885,3.19,7.63,2.92,81.05,86.78,258.54949999999997,0.03364830218387852,6752.55
725,2.92,4.71,2.91,86.32,83.09,252.0544,0.03502226079886138,3414.75
454,4.58,10.49,3.54,76.12,66.71,348.62960000000004,0.05306549946552249,4762.46
1148,4.29,5.11,2.85,76.61,75.08,328.6569,0.03795950480027906,5866.280000000001
794,2.66,5.04,2.07,77.01,73.7,204.84660000000002,0.02808683472363165,4001.76
395,2.42,4.98,2.61,76.93,86.84,186.1706,0.03005527060625626,1967.1000000000001
1078,2.38,3.72,3.42,76.32,84.64,181.64159999999998,0.04040642244725633,4010.1600000000003
612,3.57,11.02,2.55,76.98,77.01,274.8186,0.03311257848168049,6744.24
551,3.75,3.91,2.34,77.17,84.34,289.3875,0.027744839015314316,2154.41
667,2.29,8.13,1.61,77.56,81.71,177.6124,0.01970382820905297,5422.710000000001
968,2.37,7.3,3.14,75.84,77.3,179.7408,0.0406209520542106,7066.4
889,2.12,3.99,1.83,78.12,87.91,165.61440000000002,0.0208167420297188,3547.11
568,2.44,5.91,4.02,76.19,76.56,185.90359999999998,0.052507830132206085,3356.88
1331,4.21,3.23,2.08,83.73,74.45,352.5033,0.027938209813537968,4299.13
625,2.29,5.76,1.77,76.41,76.84,174.97889999999998,0.02303487467011001,3600.0
537,3.24,10.18,2.88,76.83,74.56,248.9292,0.038626604261453285,5466.66
513,4.83,10.26,1.16,75.81,65.91,366.1623,0.017599754574456897,5263.38
595,4.0,7.34,3.2,74.64,79.54,298.56,0.040231325090353896,4367.3
1047,1.95,5.48,1.28,77.2,73.79,150.54,0.017346521568434532,5737.56
1054,4.2,4.58,2.74,76.92,71.35,323.064,0.03840223708447974,4827.32
884,2.51,7.84,3.39,77.86,69.6,195.4286,0.04870688955360783,6930.5599999999995
927,2.54,6.64,3.78,89.21,79.81,226.59339999999997,0.04736247996961784,6155.28
439,4.18,4.91,1.92,76.61,85.65,320.22979999999995,0.022416809992199648,2155.4900000000002
464,2.09,6.89,1.63,74.11,80.11,154.88989999999998,0.020347020303704867,3196.96
761,2.97,6.08,2.29,77.57,84.38,230.3829,0.0271391292795533,4626.88
715,3.08,10.51,2.95,76.56,77.03,235.8048,0.03829676252151597,7514.65
763,1.88,2.41,2.55,77.94,83.18,146.5272,0.030656404104784304,1838.8300000000002
523,3.9,17.67,1.53,79.96,81.06,311.844,0.018874905147433365,9241.410000000002
1441,2.35,4.6,1.34,86.82,75.22,204.027,0.017814408692580604,6628.599999999999
1240,4.46,7.43,1.53,74.95,85.78,334.277,0.0178363234044855,9213.199999999999
880,3.69,5.57,2.62,77.47,86.85,285.8643,0.030166951045831777,4901.6
650,2.83,4.03,1.68,78.19,76.5,221.2777,0.021960781443035104,2619.5
610,2.45,7.25,2.78,77.68,90.35,190.31600000000003,0.030769227363671568,4422.5
488,4.49,6.7,1.63,74.25,75.83,333.3825,0.0214954475147768,3269.6
1229,2.29,3.56,1.99,77.08,73.98,176.5132,0.026899158299654186,4375.24
599,2.0,5.55,2.43,77.25,68.12,154.5,0.03567233768756053,3324.45
822,3.91,7.81,2.04,85.86,75.98,335.7126,0.026849167300715016,6419.82
458,4.3,5.8,2.42,81.3,66.99,349.59,0.036124789352919934,2656.4
741,5.27,9.67,1.38,75.76,78.21,399.2552,0.017644800198849227,7165.47
965,2.55,6.44,2.64,76.63,82.17,195.40649999999997,0.032128510146220014,6214.6
525,3.08,12.34,1.38,74.28,74.37,228.7824,0.018555866807063757,6478.5
1047,3.39,5.84,2.07,76.69,79.32,259.9791,0.02609681970539338,6114.48
456,2.11,4.52,2.1,73.82,70.3,155.76019999999997,0.029871972991184496,2061.12
1125,2.69,6.61,3.64,76.17,81.67,204.8973,0.04456960394641803,7436.25
1306,4.94,5.13,1.92,77.33,83.87,382.0102,0.022892569107837234,6699.78
390,2.61,4.95,0.41,76.79,70.85,200.4219,0.0057868728600038305,1930.5
758,4.81,4.63,1.52,76.0,71.72,365.55999999999995,0.021193527440947095,3509.54
721,3.21,7.1,2.82,78.04,79.42,250.50840000000002,0.035507424388387755,5119.099999999999
670,4.08,6.38,2.51,77.04,78.44,314.32320000000004,0.03199897603276695,4274.6
339,5.27,6.49,2.51,85.53,80.79,450.74309999999997,0.031068197664537972,2200.11
1048,3.09,6.5,2.57,73.23,79.17,226.2807,0.032461786982217126,6812.0
704,4.73,8.06,1.54,74.11,73.08,350.5403,0.02107279405134181,5674.240000000001
850,3.19,7.08,1.71,79.22,72.06,252.71179999999998,0.023730221519536285,6018.0
561,3.64,5.43,4.13,86.36,67.99,314.35040000000004,0.06074421815793232,3046.23
778,2.65,16.95,3.67,75.14,68.25,199.12099999999998,0.05377288589408265,13187.099999999999
959,4.11,5.39,2.53,82.35,76.06,338.4585,0.03326320887940982,5169.009999999999
553,1.94,5.55,2.75,77.35,87.96,150.059,0.03126420745063581,3069.15
1048,2.41,10.29,3.13,76.22,86.77,183.6902,0.03607237108766036,10783.919999999998
1305,2.82,6.79,1.09,78.21,78.85,220.55219999999997,0.013823714163130735,8860.95
985,2.31,1.87,3.35,81.59,69.88,188.4729,0.047939317696148016,1841.95
890,2.05,4.96,1.58,74.93,72.64,153.6065,0.02175109832721664,4414.4
603,3.19,6.25,2.1,76.69,73.4,244.6411,0.02861035032556535,3768.75
731,2.57,8.3,3.73,80.69,77.54,207.37329999999997,0.048104198077869725,6067.3
639,2.85,4.88,2.44,77.92,81.1,222.072,0.030086309483808943,3118.3199999999997
872,2.82,7.14,2.12,74.18,88.64,209.1876,0.023916964810811733,6226.08
937,3.19,3.38,2.93,80.49,79.33,256.76309999999995,0.03693432031585525,3167.06
879,2.16,5.69,2.64,77.2,82.7,166.752,0.03192260799001113,5001.51
532,3.46,4.0,0.2,77.12,77.58,266.8352,0.002577983684199061,2128.0
1098,4.5,5.88,1.18,77.64,85.45,349.38,0.013809243556554293,6456.24
916,2.23,6.42,2.66,80.91,78.62,180.42929999999998,0.033833625816124924,5880.72
728,2.44,7.56,2.75,76.2,66.91,185.928,0.04109997891197446,5503.679999999999
577,4.08,4.97,2.36,76.27,76.51,311.1816,0.030845637061085205,2867.69
1391,4.23,9.16,4.73,76.9,87.55,325.28700000000003,0.054026264531551745,12741.56
713,5.11,8.2,1.68,76.55,89.83,391.1705,0.01870199057085711,5846.599999999999
511,2.07,7.4,0.22,77.82,72.64,161.08739999999997,0.0030286339442959875,3781.4
839,5.53,6.23,2.47,75.69,79.13,418.5657,0.031214453277587102,5226.97
913,4.63,6.65,1.43,77.85,89.74,360.4455,0.015934921335533616,6071.450000000001
799,2.55,7.24,1.9,81.73,86.32,208.4115,0.022011118858767508,5784.76
508,3.17,3.84,2.84,84.27,86.72,267.1359,0.032749073714359575,1950.72
844,2.37,6.59,1.73,75.33,76.68,178.5321,0.022561290745788894,5561.96
600,4.28,2.0,1.99,79.88,86.59,341.8864,0.022981865921946423,1200.0
612,4.6,9.79,2.08,75.4,81.47,346.84,0.02553086712521577,5991.48
1062,3.14,13.63,1.96,77.04,78.15,241.90560000000002,0.02507997119898001,14475.060000000001
911,3.17,10.67,1.49,73.7,73.2,233.629,0.020355188476067147,9720.37
1027,1.82,3.28,2.4,78.01,76.89,141.97820000000002,0.0312134177118718,3368.56
843,5.38,4.5,2.39,78.06,77.63,419.9628,0.030787062889725252,3793.5
641,3.42,10.32,1.92,77.31,77.23,264.4002,0.0248608021674476,6615.12
787,2.44,11.36,1.89,74.62,75.23,182.0728,0.02512295292796053,8940.32
679,4.01,6.07,4.07,75.22,82.38,301.63219999999995,0.049405189438554334,4121.53
1438,2.37,6.32,3.16,77.3,74.54,183.201,0.04239334016724709,9088.16
634,3.28,6.98,2.17,76.32,68.91,250.32959999999997,0.03149034516175516,4425.320000000001
702,3.56,5.35,1.26,76.0,76.0,270.56,0.016578945186980897,3755.7
832,0.13,2.91,2.37,76.6,83.39,9.958,0.028420670533556718,2421.12
834,3.69,7.43,1.32,74.99,68.28,276.7131,0.019332158855864257,6196.62
667,3.27,4.78,1.41,75.28,80.04,246.1656,0.017616189703124722,3188.26
1001,2.38,8.55,2.69,76.4,83.87,181.832,0.032073443177126126,8558.550000000001
970,2.32,4.16,2.85,77.5,82.66,179.79999999999998,0.03447858281168851,4035.2000000000003
1086,2.52,10.56,3.04,74.83,80.2,188.5716,0.037905232181392495,11468.16
764,2.43,10.39,1.91,84.9,72.65,206.30700000000002,0.026290429966905712,7937.96
751,2.32,3.23,1.78,78.15,75.31,181.308,0.023635636218877144,2425.73
447,4.9,7.18,3.21,77.12,67.11,377.88800000000003,0.04783191061959311,3209.46
1343,2.35,8.41,2.37,83.08,84.97,195.238,0.027892193963493708,11294.630000000001
862,2.77,7.18,2.89,76.0,91.35,210.52,0.03163655920782056,6189.16
871,3.63,8.68,2.63,77.24,81.5,280.3812,0.03226993469080556,7560.28
426,2.16,4.69,2.82,76.96,82.12,166.2336,0.03433998607647514,1997.94
708,1.86,3.34,4.46,76.7,80.27,142.662,0.05556246971938835,2364.72
993,5.2,6.55,2.57,76.01,74.07,395.25200000000007,0.03469690364561852,6504.15
865,3.61,2.94,2.0,76.48,75.37,276.0928,0.02653575341173498,2543.1
763,2.48,5.5,2.45,74.51,75.24,184.78480000000002,0.032562462445180435,4196.5
650,3.03,11.27,2.64,74.63,80.47,226.12889999999996,0.03280725328603787,7325.5
745,4.4,8.66,2.61,74.98,78.21,329.91200000000003,0.03337168733260615,6451.7
670,5.19,6.61,1.23,76.08,88.63,394.8552,0.013877917874543849,4428.7
1106,2.02,5.06,1.82,77.56,90.54,156.6712,0.020101610326749467,5596.36
893,3.75,6.26,1.39,76.94,79.86,288.525,0.01740545737472359,5590.179999999999
913,3.07,5.14,1.95,77.71,85.15,238.56969999999995,0.022900760669317594,4692.82
1215,2.37,6.24,2.43,81.29,87.49,192.65730000000002,0.027774599637147148,7581.6
221,5.18,4.49,2.04,74.23,65.77,384.5114,0.03101717636959459,992.2900000000001
921,2.37,4.79,1.54,79.91,82.53,189.3867,0.018659878994319763,4411.59
694,2.54,3.34,1.65,73.28,68.8,186.1312,0.02398255465369845,2317.96
683,2.74,4.7,2.79,86.67,80.69,237.47580000000002,0.034576771027788944,3210.1
686,4.21,3.66,2.36,77.54,70.25,326.4434,0.03359430126771512,2510.76
678,3.52,5.65,2.93,86.63,79.25,304.9376,0.03697160416762093,3830.7000000000003
659,4.95,5.94,1.62,75.81,64.8,375.2595,0.024999996141975907,3914.46
862,5.44,5.68,3.2,74.38,77.47,404.6272,0.04130630678891096,4896.16
489,1.94,3.61,3.14,74.82,72.34,145.15079999999998,0.043406131682868165,1765.29
737,5.08,7.02,1.21,76.62,85.33,389.2296,0.01418023975386854,5173.74
666,4.87,8.25,1.45,82.23,71.85,400.4601,0.020180929689501782,5494.5
765,2.01,3.35,3.05,81.95,91.22,164.71949999999998,0.03343564641135207,2562.75
776,3.57,3.69,1.84,76.79,86.92,274.1403,0.021168888498747297,2863.44
1384,0.26,12.14,3.79,77.79,86.35,20.225400000000004,0.04389113562349327,16801.760000000002
715,3.02,13.77,3.18,86.19,64.74,260.2938,0.049119547556449254,9845.55
876,2.94,16.19,2.46,77.64,82.45,228.2616,0.029836260783958665,14182.44
559,2.86,6.08,5.5,81.96,71.34,234.40559999999996,0.07709558773540962,3398.7200000000003
763,3.9,2.79,1.17,86.71,80.15,338.169,0.014597627623502477,2128.77
906,5.22,5.91,1.27,80.0,85.46,417.59999999999997,0.014860751830007977,5354.46
582,2.76,6.32,2.88,77.4,82.53,213.624,0.03489639708028631,3678.2400000000002
496,2.29,3.07,1.19,74.84,65.22,171.3836,0.018245934031595516,1522.72
874,4.35,3.84,3.15,76.8,86.94,334.08,0.03623187989051301,3356.16
1348,2.28,6.47,1.3,75.19,81.3,171.43319999999997,0.015990157934789924,8721.56
829,4.08,7.48,2.07,84.31,71.35,343.9848,0.029011909038274837,6200.92
536,2.54,7.48,1.26,83.64,67.56,212.4456,0.018650086049424797,4009.28
803,3.7,5.0,1.61,75.22,86.85,278.314,0.01853770655869815,4015.0
1080,2.65,5.83,1.47,77.49,75.13,205.34849999999997,0.019566082847586472,6296.4
732,2.58,4.7,2.21,81.91,83.36,211.3278,0.02651151313441541,3440.4
511,4.3,4.67,1.61,76.73,76.95,329.939,0.020922674344031923,2386.37
561,3.9,1.39,5.34,82.5,66.85,321.75,0.07988031714580147,779.79
405,3.74,5.17,1.64,76.69,70.06,286.8206,0.023408503652797077,2093.85
828,3.32,7.3,2.48,75.54,83.4,250.7928,0.029736207465682556,6044.4
984,2.49,7.56,2.03,75.95,74.48,189.11550000000003,0.027255635438287396,7439.04
1342,3.59,5.59,3.18,76.4,71.63,274.276,0.04439480044746608,7501.78
1468,2.82,5.7,2.79,82.06,82.61,231.4092,0.0337731468619844,8367.6
693,4.78,7.65,2.48,77.08,76.57,368.4424,0.03238865973767014,5301.45
727,3.21,7.5,1.57,75.39,88.6,242.0019,0.01772008829344376,5452.5
769,3.85,5.26,0.55,77.71,77.84,299.1835,0.00706577504293743,4044.94
805,3.17,12.02,2.59,75.5,76.95,239.335,0.03365821524909483,9676.1
795,0.55,4.96,2.0,77.5,82.17,42.625,0.02433978041380304,3943.2
596,2.99,7.56,3.95,77.2,71.84,230.82800000000003,0.05498328856023266,4505.76
922,2.19,11.4,2.66,77.04,86.13,168.7176,0.030883544539237837,10510.800000000001
1246,1.9,6.23,2.88,85.66,81.78,162.754,0.03521643002978356,7762.580000000001
733,4.66,5.12,2.79,77.81,80.46,362.5946,0.03467561090285721,3752.96
1450,2.53,6.09,2.71,76.54,78.43,193.6462,0.034553100273734504,8830.5
658,3.96,8.16,2.22,73.56,71.02,291.2976,0.031258795936525495,5369.28
762,3.63,10.4,1.84,86.75,81.05,314.9025,0.022702032979391367,7924.8
1073,1.88,3.58,2.11,75.93,79.57,142.7484,0.02651752840046143,3841.34
547,2.49,4.11,1.75,77.94,90.46,194.0706,0.019345564962904602,2248.17
623,2.96,6.11,3.46,86.11,81.99,254.88559999999998,0.04220026317840429,3806.53
1403,3.34,7.31,2.35,77.52,76.33,258.91679999999997,0.03078736659408272,10255.93
983,4.37,9.91,2.42,76.8,78.69,335.616,0.030753586128658517,9741.53
552,3.64,7.61,1.63,76.47,80.39,278.3508,0.020276151228243406,4200.72
702,0.8,4.29,1.08,76.22,79.1,60.976,0.013653601308015007,3011.58
989,2.53,3.9,1.08,88.66,69.43,224.30979999999997,0.015555233248562112,3857.1
738,2.29,5.84,1.54,84.38,76.82,193.2302,0.020046860186558164,4309.92
547,2.9,6.98,1.15,76.83,93.61,222.807,0.012285010972651321,3818.0600000000004
965,3.48,10.51,1.16,77.18,80.38,268.5864,0.01443144881420144,10142.15
570,2.63,5.86,2.21,77.74,85.19,204.45619999999997,0.02594200892804215,3340.2000000000003
371,3.58,3.97,1.7,86.19,91.63,308.5602,0.01855287367097308,1472.8700000000001
835,2.47,4.75,0.91,79.25,74.95,195.7475,0.012141425998475517,3966.25
694,2.93,4.66,3.32,77.9,82.37,228.24700000000004,0.040305931734134784,3234.04
474,4.89,5.21,3.51,76.37,84.88,373.4493,0.04135249277185523,2469.54
660,3.68,5.83,2.8,74.3,68.58,273.424,0.04082822385123595,3847.8
493,4.99,5.49,4.3,77.87,79.19,388.57130000000006,0.0542997784695317,2706.57
486,1.71,7.59,3.27,73.74,91.3,126.09539999999998,0.03581598731478781,3688.74
1198,3.45,7.82,1.9,82.83,80.86,285.7635,0.023497400012688595,9368.36
718,2.95,6.17,2.81,76.06,68.37,224.377,0.04109989160452075,4430.06
788,3.43,3.31,1.95,74.63,85.36,255.9809,0.02284442094137524,2608.28
624,4.37,7.72,3.55,78.05,68.59,341.0785,0.05175680831654638,4817.28
647,2.76,8.13,1.97,76.29,66.19,210.5604,0.02976279955237958,5260.110000000001
954,2.16,4.68,2.48,76.28,81.13,164.7648,0.030568220070477003,4464.719999999999
863,2.15,8.29,1.98,76.67,85.69,164.8405,0.023106544158414732,7154.2699999999995
426,2.45,7.66,1.52,76.84,78.99,188.258,0.01924293970845174,3263.16
631,2.52,6.83,1.72,77.09,69.11,194.26680000000002,0.024887856332244777,4309.7300000000005
1355,2.23,3.92,1.9,77.86,71.18,173.6278,0.02669288751153589,5311.599999999999
623,2.19,5.14,3.02,76.02,74.93,166.48379999999997,0.04030427861947435,3202.22
794,2.82,5.08,2.74,73.99,76.14,208.65179999999998,0.03598633622454213,4033.52
538,2.22,7.2,1.46,76.11,81.8,168.9642,0.017848408575989173,3873.6
1436,3.7,4.25,1.63,78.07,76.66,288.859,0.02126271572362174,6103.0
447,3.29,6.29,2.65,75.54,75.83,248.52660000000003,0.034946586450404,2811.63
503,3.95,12.57,1.58,76.7,87.66,302.96500000000003,0.01802418229247293,6322.71
1289,4.29,4.88,3.86,85.89,73.2,368.4681,0.052732233233301465,6290.32
700,2.73,6.78,2.56,74.54,71.29,203.4942,0.03590965971248987,4746.0
797,3.02,6.77,1.91,75.58,69.25,228.2516,0.02758122345397495,5395.69
539,2.75,4.71,1.8,75.94,66.84,208.83499999999998,0.026929978017657386,2538.69
1250,4.1,2.72,1.84,82.84,69.73,339.644,0.026387490837875973,3400.0000000000005
929,2.47,6.6,3.54,75.61,75.88,186.75670000000002,0.04665260323502857,6131.4
1172,5.0,8.12,2.44,77.1,70.1,385.5,0.03480741300892824,9516.64
758,2.92,5.26,1.61,76.32,76.21,222.85439999999997,0.021125833732340414,3987.08
753,3.05,10.15,1.77,75.78,74.91,231.129,0.023628350870597933,7642.95
377,3.15,6.46,1.39,75.66,78.54,238.32899999999998,0.01769798603285128,2435.42
904,2.14,3.98,1.49,77.72,81.75,166.32080000000002,0.01822629746467309,3597.92
925,5.44,5.53,2.03,77.85,81.06,423.504,0.025043174803457337,5115.25
1339,3.58,5.79,1.04,76.95,72.99,275.481,0.014248525243386047,7752.81
1157,2.14,6.39,2.11,75.79,71.27,162.19060000000002,0.029605720554830846,7393.23
1023,2.01,6.64,3.41,86.49,77.35,173.84489999999997,0.04408532073880792,6792.719999999999
704,3.68,6.16,1.66,76.99,81.52,283.3232,0.02036309858156298,4336.64
658,3.55,9.31,1.89,79.64,86.92,282.722,0.02174413003403934,6125.9800000000005
544,4.79,5.09,2.08,76.36,79.23,365.7644,0.026252678751397356,2768.96
1450,5.16,6.38,3.56,81.51,75.77,420.5916,0.04698428837478047,9251.0
685,2.92,3.56,2.84,76.14,69.71,222.3288,0.040740203594863925,2438.6
710,2.62,12.29,3.03,79.15,79.58,207.37300000000002,0.03807488840476396,8725.9
546,4.85,3.74,1.74,74.44,76.4,361.03399999999993,0.02277486612894422,2042.0400000000002
467,2.5,4.69,3.17,75.73,74.54,189.32500000000002,0.042527496307016854,2190.23
463,2.53,4.72,2.2,77.21,71.1,195.34129999999996,0.030942330387857896,2185.3599999999997
424,2.89,5.54,1.23,73.99,76.9,213.8311,0.015994796359584347,2348.96
604,4.67,4.97,3.02,86.25,81.78,402.78749999999997,0.03692833982289804,3001.8799999999997
760,3.11,7.26,2.12,77.79,88.02,241.92690000000002,0.02408543239202086,5517.599999999999
1051,2.03,1.58,2.24,77.35,76.79,157.02049999999997,0.029170461105552662,1660.5800000000002
1050,2.58,8.29,3.95,84.84,80.47,218.8872,0.04908661003024605,8704.5
495,4.8,4.83,2.64,76.34,86.67,366.432,0.0304603633944429,2390.85
1409,2.78,7.0,2.95,84.64,81.16,235.29919999999998,0.03634795017891201,9863.0
456,4.43,4.44,2.39,77.94,94.53,345.27419999999995,0.025282976273883817,2024.64
450,2.22,5.95,4.03,77.12,73.42,171.20640000000003,0.054889668361527054,2677.5
429,3.42,5.68,1.06,82.42,77.99,281.8764,0.013591484345238576,2436.72
489,2.67,7.13,3.11,75.04,71.64,200.35680000000002,0.043411495894542726,3486.57
481,1.92,2.63,2.98,77.39,70.78,148.5888,0.04210228283381141,1265.03
538,2.35,4.29,2.3,78.54,77.0,184.56900000000002,0.029870125990892726,2308.02
805,5.02,7.64,5.63,76.35,80.53,383.27699999999993,0.06991182541763002,6150.2
655,3.05,8.56,2.14,74.36,79.55,226.79799999999997,0.026901316542889187,5606.8
580,3.86,8.73,2.27,77.52,85.33,299.2272,0.026602598546513707,5063.400000000001
977,4.1,3.69,1.22,76.49,89.7,313.6089999999999,0.013600890345497173,3605.13
392,2.5,8.66,3.95,76.05,72.48,190.125,0.05449778497547116,3394.7200000000003
1055,4.31,4.89,2.31,83.11,79.43,358.2041,0.029082207090242087,5158.95
562,2.64,4.61,1.8,80.68,81.0,212.99520000000004,0.022222219478738335,2590.82
528,3.59,5.31,1.18,81.81,74.54,293.6979,0.015830424492832774,2803.68
825,5.03,4.67,1.74,77.86,77.9,391.6358,0.022336325759136615,3852.75
516,1.79,4.0,2.6,76.91,81.14,137.6689,0.03204337786007175,2064.0
761,2.15,6.03,1.81,76.54,73.4,164.561,0.024659397185368227,4588.83
529,2.21,2.03,1.6,78.47,75.27,173.4187,0.02125680599750153,1073.87
787,2.5,14.21,2.11,88.23,86.62,220.57500000000002,0.024359267564157516,11183.27
897,3.3,7.35,2.54,75.06,85.07,247.698,0.029857760684405706,6592.95
933,3.08,13.35,1.65,74.03,67.86,228.0124,0.024314762110998804,12455.55
1101,1.99,4.91,1.17,77.9,93.32,155.02100000000002,0.012537504014412343,5405.91
911,3.24,5.67,2.64,76.27,73.59,247.1148,0.03587443458697723,5165.37
631,2.68,4.41,1.95,76.52,68.5,205.0736,0.028467149128883335,2782.71
865,6.73,3.97,1.14,74.81,80.42,503.47130000000004,0.014175576451681613,3434.05
408,4.55,5.69,2.34,78.32,89.4,356.35599999999994,0.02617449371649958,2321.52
912,3.22,6.06,1.78,78.04,81.3,251.28880000000004,0.021894216249173894,5526.719999999999
529,2.32,4.04,1.54,77.68,72.31,180.2176,0.021297189697525972,2137.16
525,4.57,8.39,1.51,78.14,78.71,357.0998,0.01918434516778743,4404.75
403,2.62,4.35,1.44,75.55,74.12,197.941,0.019427952046957356,1753.05
549,3.72,7.49,2.15,77.52,86.71,288.3744,0.0247952918007967,4112.01
690,1.87,1.79,0.91,77.43,76.3,144.79410000000001,0.011926603941467374,1235.1000000000001
1021,4.72,5.86,2.4,82.43,75.94,389.06960000000004,0.03160389365237112,5983.06
599,4.49,3.51,0.81,74.75,71.33,335.6275,0.011355669233748882,2102.49
981,2.65,5.4,2.56,83.44,78.02,221.11599999999999,0.03281209525607597,5297.400000000001
450,3.08,6.61,3.09,75.06,68.07,231.18480000000002,0.04539444022411632,2974.5
841,5.27,2.98,1.46,77.07,81.14,406.1588999999999,0.017993589106040285,2506.18
649,2.92,6.59,1.29,77.88,76.99,227.40959999999998,0.016755420605868217,4276.91
560,2.25,3.6,2.03,74.23,71.17,167.0175,0.028523250172368945,2016.0
890,3.36,4.03,1.59,77.26,86.69,259.5936,0.018341213710783975,3586.7000000000003
856,3.69,7.75,3.02,89.26,68.54,329.36940000000004,0.044061855257972675,6634.0
1105,3.98,3.07,1.92,75.69,65.38,301.2462,0.02936677433974085,3392.35
517,2.91,7.71,1.34,76.98,77.21,224.01180000000002,0.017355262614264656,3986.07
697,4.48,5.16,1.83,77.71,75.35,348.1408,0.024286659019686928,3596.52
938,3.45,6.97,2.63,76.38,76.61,263.511,0.03432971748731008,6537.86
696,4.44,4.25,1.87,77.05,83.35,342.10200000000003,0.022435510205697638,2958.0
451,4.03,5.91,1.75,73.54,75.08,296.36620000000005,0.023308467859820478,2665.41
634,4.28,7.3,3.12,75.87,81.69,324.72360000000003,0.03819316462318954,4628.2
699,3.05,8.43,1.29,74.46,77.15,227.10299999999998,0.016720671844371763,5892.57
791,3.91,12.14,1.49,78.12,88.58,305.4492,0.01682095091206244,9602.74
939,2.92,1.04,2.25,75.62,86.31,220.81040000000002,0.026068818668889042,976.5600000000001
1405,4.1,3.59,5.44,75.7,83.38,310.37,0.06524345583551741,5043.95
1047,4.41,7.5,2.34,78.0,82.49,343.98,0.02836707135809536,7852.5
568,3.49,6.27,1.53,75.56,64.36,263.7044,0.023772525827761678,3561.3599999999997
744,2.93,3.69,4.92,76.22,76.54,223.3246,0.06428010657432628,2745.36
1229,3.91,3.91,1.52,76.31,80.87,298.37210000000005,0.01879559554895566,4805.39
684,3.71,6.43,1.34,77.68,84.04,288.19280000000003,0.01594478629881172,4398.12
538,3.72,5.26,3.37,74.33,83.63,276.5076,0.04029653948385275,2829.88
688,3.44,7.34,4.74,76.94,79.27,264.67359999999996,0.05979562762764885,5049.92
432,4.68,6.71,2.48,74.45,83.6,348.426,0.029665068221881793,2898.72
521,3.9,6.66,0.38,77.4,75.03,301.86,0.005064640135327184,3469.86
981,5.38,2.64,2.21,76.33,77.06,410.6554,0.028678947744751132,2589.84
603,3.94,6.87,3.54,76.76,66.55,302.43440000000004,0.053193079910882055,4142.61
623,3.57,7.72,4.36,82.23,80.0,293.5611,0.05449999318750085,4809.5599999999995
713,4.79,3.37,2.03,77.4,83.36,370.74600000000004,0.024352204372336324,2402.81
487,3.25,9.44,1.56,76.97,85.63,250.1525,0.018217912154862532,4597.28
900,2.77,5.41,2.37,77.91,82.24,215.8107,0.02881808988106884,4869.0
538,3.07,6.69,1.6,77.87,78.86,239.0609,0.02028911738661966,3599.2200000000003
468,4.8,12.4,2.57,76.24,74.38,365.95199999999994,0.03455229435973456,5803.2
550,3.16,8.52,2.13,78.02,69.01,246.54319999999998,0.030865087543097004,4686.0
768,1.74,6.51,1.37,82.98,83.58,144.3852,0.01639147925442938,4999.68
1102,3.95,6.1,1.65,77.67,74.59,306.79650000000004,0.02212092477263376,6722.2
685,3.16,6.47,1.84,76.81,69.47,242.7196,0.026486249246257487,4431.95
494,3.24,6.73,3.11,73.52,84.58,238.2048,0.03676991762001447,3324.6200000000003
452,2.66,12.89,1.47,76.94,84.2,204.6604,0.01745843023059023,5826.280000000001
700,2.68,5.65,1.47,75.71,78.03,202.90279999999998,0.018838905697948775,3955.0000000000005
691,2.66,12.82,1.79,86.31,79.58,229.58460000000002,0.022493085889283,8858.62
1292,2.84,7.67,1.79,86.08,72.81,244.4672,0.0245845317148013,9909.64
1271,2.21,6.37,1.51,76.25,89.81,168.5125,0.016813270591997484,8096.27
862,2.23,6.67,1.71,76.1,84.62,169.70299999999997,0.02020798626707796,5749.54
1432,2.18,8.25,1.65,75.61,66.88,164.8298,0.024671048942725936,11814.0
1139,3.65,4.07,2.13,75.41,80.95,275.24649999999997,0.02631253535360897,4635.7300000000005
1163,2.58,8.25,2.85,76.5,83.57,197.37,0.03410314298155523,9594.75
400,4.35,3.81,1.6,75.75,79.41,329.5125,0.02014859335743693,1524.0
487,2.67,3.84,1.48,79.12,72.91,211.2504,0.02029899598148457,1870.08
466,4.35,4.53,1.03,76.93,72.72,334.6455,0.014163914443906155,2110.98
744,5.07,4.85,1.97,81.12,84.58,411.27840000000003,0.023291555534221384,3608.3999999999996
917,2.43,4.87,1.57,78.05,83.83,189.66150000000002,0.018728376627892566,4465.79
763,4.63,3.65,1.05,76.79,74.44,355.53770000000003,0.014105317825723022,2784.95
573,2.15,9.43,5.04,75.55,86.24,162.43249999999998,0.05844155166494067,5403.389999999999
1560,4.55,5.48,1.21,77.43,75.38,352.3065,0.016052001054390946,8548.800000000001
1081,3.69,4.69,1.72,81.15,80.94,299.44350000000003,0.0212503062453291,5069.89
879,3.17,1.96,2.09,75.79,74.13,240.2543,0.028193709942842312,1722.84
688,2.5,5.62,0.89,86.14,74.97,215.35,0.011871413649271221,3866.56
619,4.99,4.15,2.79,77.31,69.96,385.7769,0.03987992568897575,2568.8500000000004
519,3.05,13.36,0.23,78.53,70.23,239.51649999999998,0.0032749532571617174,6933.84
616,2.71,9.58,1.7,76.6,69.45,207.58599999999998,0.024478038232103923,5901.28
594,2.82,5.79,2.62,74.72,72.34,210.7104,0.036217855098444135,3439.26
785,1.83,4.67,2.18,77.43,69.08,141.69690000000003,0.03155760979189204,3665.95
617,2.33,6.26,5.27,73.5,70.04,171.255,0.07524270770378244,3862.42
508,3.38,6.94,1.31,75.86,79.39,256.4068,0.016500816664464457,3525.52
1128,2.32,5.77,3.84,72.94,82.0,169.2208,0.046829262581797246,6508.5599999999995
801,4.66,4.33,3.05,75.93,74.04,353.83380000000005,0.041193943652897934,3468.33
463,4.9,3.44,2.43,78.09,78.78,382.641,0.030845388316147714,1592.72
580,3.2,4.06,1.51,76.36,78.84,244.352,0.019152711928879764,2354.7999999999997
556,2.84,5.77,3.04,76.46,85.71,217.14639999999997,0.03546843595048,3208.12
365,2.56,5.6,1.72,74.61,73.67,191.0016,0.023347356678789646,2043.9999999999998
673,1.92,5.57,1.84,75.13,73.06,144.2496,0.025184776186042132,3748.61
701,1.84,8.03,3.27,76.78,78.84,141.2752,0.041476402653931675,5629.03
1107,1.97,6.7,1.77,76.83,81.55,151.3551,0.02170447312023628,7416.900000000001
1112,2.87,5.24,2.19,77.42,72.71,222.1954,0.030119649275251098,5826.88
675,4.85,5.04,4.55,77.86,89.33,377.621,0.050934730668898386,3402.0
1262,3.79,7.32,1.71,80.15,73.99,303.7685,0.023111228123904835,9237.84
701,3.52,1.73,1.94,78.16,78.4,275.1232,0.024744894802947087,1212.73
642,3.31,6.65,2.19,73.83,70.4,244.3773,0.031107950126711626,4269.3
593,4.45,6.69,1.11,75.73,80.54,336.99850000000004,0.013781969979889497,3967.17
345,1.99,8.95,3.53,74.55,69.7,148.3545,0.05064561683707075,3087.7499999999995
818,4.59,8.83,2.39,75.28,83.94,345.5352,0.02847271521649807,7222.9400000000005
820,3.15,5.14,2.76,77.45,76.18,243.9675,0.03622997686663469,4214.8
404,3.71,11.1,1.45,74.33,85.14,275.7643,0.017030770844400887,4484.4
1024,2.26,7.61,1.93,76.64,85.25,173.20639999999997,0.022639293532047678,7792.64
536,3.82,5.6,3.28,76.78,80.78,293.2996,0.04060410490169535,3001.6
1216,2.81,7.58,2.6,75.57,88.5,212.3517,0.029378527753838674,9217.28
1186,2.8,7.69,2.57,75.03,76.26,210.084,0.03370049387614819,9120.34
816,2.43,3.11,2.85,76.68,75.86,186.33240000000004,0.03756920148046382,2537.7599999999998
618,3.66,6.97,2.62,77.13,79.49,282.2958,0.03296011662345998,4307.46
971,4.18,10.08,1.89,78.08,76.51,326.3744,0.024702650019258914,9787.68
764,3.83,4.98,2.9,77.34,79.24,296.2122,0.03659767332184839,3804.7200000000003
858,3.36,11.2,4.39,74.67,82.3,250.8912,0.053341427297517945,9609.599999999999
1048,3.94,4.23,3.14,74.81,79.56,294.7514,0.03946706391816693,4433.040000000001
1193,3.67,7.85,1.23,85.32,67.01,313.1244,0.01835546659372234,9365.05
526,3.99,6.7,1.32,77.54,70.47,309.38460000000003,0.01873137239515079,3524.2000000000003
1019,4.48,4.03,2.01,77.8,79.45,348.54400000000004,0.025298926960487477,4106.570000000001
645,2.89,6.71,0.99,77.6,70.12,224.26399999999998,0.014118651722953261,4327.95
699,3.78,5.44,1.65,75.15,75.59,284.067,0.021828281276851262,3802.5600000000004
452,1.77,5.66,1.48,80.13,85.15,141.8301,0.017381090149020534,2558.32
638,5.08,5.13,2.23,78.19,74.5,397.2052,0.029932881888203772,3272.94
792,4.27,6.72,2.22,76.86,90.04,328.19219999999996,0.02465570583566128,5322.24
1071,3.68,14.93,1.79,86.82,71.92,319.4976,0.02488876183415436,15990.029999999999
1100,1.79,6.78,3.65,81.92,93.34,146.6368,0.03910434549985584,7458.0
894,4.44,5.95,2.37,76.61,70.28,340.14840000000004,0.03372224904350469,5319.3
870,3.49,5.49,2.82,74.86,82.5,261.26140000000004,0.034181814038567994,4776.3
322,3.31,7.17,2.89,81.64,66.84,270.2284,0.043237575817238805,2308.74
568,2.77,1.24,3.39,74.97,78.8,207.6669,0.043020299109099096,704.32
433,2.27,7.85,1.56,76.28,79.32,173.1556,0.019667168473629797,3399.0499999999997
649,3.03,10.63,2.1,76.63,79.54,232.18889999999996,0.026401807090544745,6898.870000000001
710,2.47,7.27,1.2,84.63,70.14,209.0361,0.017108637423918244,5161.7
1287,2.61,5.18,2.95,75.6,82.93,197.31599999999997,0.03557216500998854,6666.66
807,3.62,12.45,2.76,78.34,73.7,283.5908,0.0374491129648422,10047.15
846,4.88,5.59,2.26,81.51,85.11,397.7688,0.026553868340515995,4729.14
482,4.77,13.67,3.03,76.46,69.77,364.71419999999995,0.04342840140054444,6588.94
1518,4.46,3.06,2.42,77.02,67.9,343.50919999999996,0.03564064276279193,4645.08
785,4.4,3.92,4.02,86.41,74.97,380.204,0.05362144142704529,3077.2
793,2.09,8.58,1.61,80.33,79.8,167.88969999999998,0.020175436068241095,6803.9400000000005
525,2.32,5.21,0.92,74.55,73.04,172.956,0.012595836172530643,2735.25
768,3.19,4.49,2.58,78.1,84.97,249.13899999999998,0.030363654188107075,3448.32
636,5.41,7.94,2.33,80.55,64.36,435.7755,0.036202604691950795,5049.84
1411,0.01,6.93,2.17,78.11,82.26,0.7811,0.026379768249481125,9778.23
880,2.99,6.82,1.51,76.25,86.94,227.9875,0.01736829797926179,6001.6
845,5.15,6.7,3.09,77.74,71.35,400.361,0.04330763233249722,5661.5
661,5.27,6.01,2.88,81.01,76.62,426.9227,0.03758809219680342,3972.6099999999997
1221,2.64,4.24,2.03,73.9,82.46,195.09600000000003,0.024617993618967545,5177.04
590,4.06,4.32,5.03,76.55,78.52,310.79299999999995,0.0640601039149129,2548.8
826,3.16,5.46,4.45,87.23,76.86,275.64680000000004,0.05789746839741499,4509.96
678,3.03,3.98,1.94,75.92,72.04,230.0376,0.026929479882082188,2698.44
898,2.59,7.09,2.65,77.73,75.35,201.3207,0.03516920568424609,6366.82
733,5.27,5.2,1.6,83.99,75.07,442.62729999999993,0.02131343794945545,3811.6
974,2.61,7.94,2.03,77.57,71.49,202.45769999999996,0.02839557582940609,7733.56
495,2.0,8.8,2.75,74.25,78.19,148.5,0.03517073344791745,4356.0
895,3.38,4.36,0.77,82.63,73.46,279.2894,0.010481893481909409,3902.2000000000003
537,0.44,13.89,2.02,78.59,78.01,34.5796,0.025894112819624043,7458.93
1034,2.51,4.45,2.79,77.38,78.03,194.22379999999998,0.03575547407978033,4601.3
913,3.58,3.16,2.81,78.06,70.21,279.45480000000003,0.04002278307608844,2885.08
907,3.8,4.84,1.92,82.89,82.28,314.98199999999997,0.023334950980195553,4389.88
909,2.82,7.54,2.07,74.37,78.75,209.7234,0.026285710947846225,6853.86
875,4.18,5.39,4.16,75.35,87.3,314.96299999999997,0.04765177002843413,4716.25
915,2.79,5.12,2.12,74.31,74.68,207.3249,0.02838778409376217,4684.8
686,2.28,4.58,2.44,74.08,69.07,168.90239999999997,0.03532647526763063,3141.88
428,3.85,6.39,3.67,74.91,74.05,288.4035,0.04956110066696817,2734.92
1211,3.79,5.56,1.92,75.95,66.11,287.8505,0.029042500522991902,6733.16
645,3.36,5.27,3.18,73.51,73.93,246.99360000000001,0.04301365575359722,3399.1499999999996
1047,3.14,6.67,1.94,75.1,71.46,235.814,0.027148051056807856,6983.49
587,2.53,5.61,2.09,77.3,65.64,195.569,0.03184033640458007,3293.07
930,3.18,3.9,2.41,75.87,80.96,241.26660000000004,0.029767782884414173,3627.0
587,3.46,6.1,4.6,78.23,88.37,270.67580000000004,0.05205385854318676,3580.7
1128,3.07,8.67,1.46,77.66,71.67,238.41619999999998,0.020371142685762147,9779.76
965,4.99,6.79,1.77,74.95,83.48,374.00050000000005,0.02120268073758017,6552.35
980,3.05,5.81,1.49,80.12,82.29,244.36599999999999,0.018106693631462674,5693.799999999999
1045,2.18,15.07,2.16,77.51,82.61,168.97180000000003,0.026146952409278248,15748.15
832,2.09,5.76,1.14,75.68,84.81,158.1712,0.01344180952224861,4792.32
499,0.58,6.82,1.36,81.29,79.57,47.1482,0.017091866646742913,3403.1800000000003
810,2.77,7.71,2.15,78.34,68.99,217.0018,0.031163932285268547,6245.1
687,1.99,4.28,1.11,76.23,80.96,151.6977,0.013710472614813167,2940.36
610,4.72,6.25,2.26,76.27,66.7,359.9944,0.03388305339084656,3812.5
797,3.24,5.09,1.42,83.1,70.92,269.24399999999997,0.020022557808437983,4056.73
932,3.47,4.32,1.6,76.58,87.52,265.7326,0.018281533560153846,4026.2400000000002
952,3.63,3.05,2.29,75.02,83.58,272.32259999999997,0.02739889598003159,2903.6
825,3.89,6.17,2.65,77.64,83.54,302.0196,0.031721327301732424,5090.25
742,3.21,5.4,3.09,75.32,85.34,241.77719999999997,0.03620810449869879,4006.8
554,2.61,5.58,2.02,74.01,81.98,193.1661,0.024640153130013033,3091.32
518,2.55,10.43,2.14,74.37,83.55,189.6435,0.0256134020809812,5402.74
833,4.02,7.73,3.0,75.08,71.62,301.8216,0.04188773500590128,6439.09
1436,4.41,13.03,2.88,77.14,83.5,340.1874,0.034491013833411514,18711.079999999998
902,2.3,14.13,3.17,74.23,83.21,170.72899999999998,0.03809637806797524,12745.26
838,2.01,5.75,1.68,77.16,83.22,155.09159999999997,0.02018745251292327,4818.5
1084,5.17,6.1,2.69,86.37,79.64,446.53290000000004,0.03377699224296933,6612.4
534,2.05,4.14,1.88,83.86,71.64,171.91299999999998,0.026242319061652836,2210.7599999999998
527,2.6,7.07,2.63,82.47,81.09,214.422,0.03243309502613207,3725.8900000000003
685,4.61,7.06,2.39,88.03,82.78,405.8183,0.028871704654299994,4836.099999999999
568,3.0,5.42,1.81,76.64,77.04,229.92000000000002,0.02349428563158286,3078.56
726,2.6,12.25,2.79,77.69,70.49,201.994,0.03958007666618291,8893.5
1079,4.55,8.19,2.31,77.5,88.97,352.625,0.025963805106911868,8837.01
844,3.35,4.81,2.96,82.49,85.44,276.3415,0.03464419070175671,4059.64
516,5.29,7.29,1.44,76.52,75.1,404.7908,0.0191744315346962,3761.64
640,4.77,6.67,1.58,76.22,79.25,363.5694,0.019936906001652238,4268.8
775,1.97,3.14,3.03,77.22,87.75,152.1234,0.03452991059488198,2433.5
489,2.81,14.66,2.79,76.46,81.68,214.8526,0.03415768435875558,7168.74
1502,4.93,6.6,1.05,77.26,78.57,380.8918,0.013363877642372709,9913.199999999999
982,4.4,7.67,2.45,76.33,73.05,335.85200000000003,0.03353866755117488,7531.94
815,3.42,7.18,2.43,76.96,75.12,263.2032,0.032348238505293066,5851.7
626,4.63,9.46,0.46,86.21,79.93,399.15229999999997,0.0057550349361897984,5921.960000000001
850,2.91,7.24,2.62,76.24,87.18,221.8584,0.03005276094829537,6154.0
737,2.85,8.19,1.85,75.66,74.76,215.631,0.024745850087499986,6036.03
740,3.06,3.68,2.12,81.96,76.28,250.7976,0.02779234035234133,2723.2000000000003
469,0.79,3.32,2.49,74.67,81.49,58.98930000000001,0.030555892679360333,1557.08
433,2.62,5.23,2.05,75.07,69.27,196.68339999999998,0.02959433671223665,2264.59
711,4.02,6.26,0.94,76.41,74.0,307.16819999999996,0.012702700986121487,4450.86
758,2.3,7.8,1.98,75.37,80.31,173.351,0.024654460882273577,5912.4
454,4.26,3.85,1.9,78.41,67.52,334.0266,0.02813980625891495,1747.9
765,1.71,6.7,2.76,76.57,79.75,130.9347,0.03460814613063998,5125.5
557,3.91,6.81,1.62,83.72,74.31,327.34520000000003,0.021800562266106546,3793.1699999999996
469,4.32,8.82,2.03,76.62,67.28,330.99840000000006,0.030172409308500396,4136.58
617,3.26,5.6,3.46,74.26,75.95,242.0876,0.04555628103274772,3455.2
1337,3.68,7.09,1.82,78.23,90.2,287.88640000000004,0.0201773813550575,9479.33
462,2.5,4.61,2.85,77.42,77.2,193.55,0.036917093663588904,2129.82
577,4.33,4.67,2.88,82.04,77.05,355.2332,0.037378320911314614,2694.59
477,2.09,6.34,1.13,74.15,80.32,154.9735,0.01406872334801751,3024.18
945,3.06,4.35,3.3,85.92,77.41,262.9152,0.042630145636203896,4110.75
1118,4.64,6.79,3.81,76.06,77.69,352.91839999999996,0.04904105431316073,7591.22
784,3.67,4.72,2.97,78.33,68.33,287.4711,0.04346552854302231,3700.48
912,4.17,5.22,2.76,74.52,73.13,310.7484,0.03774100400095665,4760.639999999999
936,2.69,4.31,4.11,76.45,80.99,205.6505,0.05074699953735035,4034.16
878,3.24,3.56,1.77,74.44,84.8,241.18560000000002,0.02087263904803785,3125.68
963,4.32,5.15,1.45,74.92,72.89,323.6544,0.019892986706957508,4959.450000000001
1264,3.66,8.16,2.24,75.15,73.32,275.04900000000004,0.03055100510760978,10314.24
1356,2.77,6.2,1.46,77.01,71.45,213.3177,0.020433866979164873,8407.2
442,2.13,0.31,2.67,76.91,83.67,163.8183,0.031911075425950106,137.02
611,4.91,5.19,1.9,76.15,75.63,373.89650000000006,0.025122302641504345,3171.09
1303,3.58,3.6,1.5,83.73,73.41,299.7534,0.02043318070655487,4690.8
1168,2.67,8.07,0.27,76.97,85.47,205.5099,0.003159002789399463,9425.76
570,2.01,4.64,2.32,75.83,83.3,152.4183,0.02785113711270863,2644.7999999999997
936,2.94,5.48,1.36,77.77,77.45,228.64379999999997,0.01755971367853923,5129.280000000001
779,3.03,5.77,2.99,72.66,73.58,220.15979999999996,0.04063603688012546,4494.83
539,2.99,5.3,1.47,77.66,71.15,232.20340000000002,0.020660573343559613,2856.7
522,4.87,6.08,2.47,75.09,74.33,365.6883,0.03323018522397616,3173.76
1573,2.5,7.22,2.4,77.34,70.34,193.35000000000002,0.03411998377594771,11357.06
1183,3.95,6.5,2.88,76.31,75.17,301.4245,0.03831315174761849,7689.5
818,3.97,2.8,2.96,77.65,77.53,308.2705,0.03817876458419133,2290.3999999999996
803,2.48,6.71,1.49,76.51,76.78,189.7448,0.019406092809834224,5388.13
1429,3.27,7.0,5.32,84.85,81.96,277.4595,0.06490970413497998,10003.0
860,4.99,10.9,2.75,76.95,74.72,383.9805,0.036804063596886566,9374.0
1030,4.38,6.87,1.65,76.03,80.55,333.0114,0.020484168779122434,7076.1
784,2.51,10.21,1.59,77.15,73.78,193.6465,0.021550552785232747,8004.64
568,4.42,5.45,1.66,80.26,71.65,354.74920000000003,0.023168175412676142,3095.6
816,4.82,7.79,1.89,75.03,74.22,361.6446,0.025464830845482234,6356.64
675,4.43,6.1,1.68,78.51,80.49,347.7993,0.0208721554389172,4117.5
625,3.64,5.29,3.08,85.64,82.28,311.7296,0.03743315053073037,3306.25
551,4.59,3.72,1.62,76.57,83.56,351.45629999999994,0.01938726431459259,2049.7200000000003
498,3.16,7.16,2.03,75.32,82.06,238.0112,0.024737993573239872,3565.6800000000003
646,2.46,2.73,1.7,78.15,78.07,192.24900000000002,0.02177532704299641,1763.58
1229,2.24,7.27,1.59,83.81,84.16,187.73440000000002,0.018892583306489626,8934.83
1281,2.06,7.65,1.96,75.42,84.96,155.36520000000002,0.023069677133983387,9799.65
583,5.19,6.4,5.18,74.51,69.8,386.7069000000001,0.07421202375185906,3731.2000000000003
653,3.31,6.21,2.81,74.7,74.95,247.257,0.03749165610518264,4055.13
594,3.03,4.56,2.25,77.86,73.74,235.9158,0.03051260774171308,2708.64
1357,3.31,7.5,3.08,73.91,79.49,244.6421,0.03874700732834227,10177.5
1221,4.7,17.71,1.69,85.25,92.65,400.675,0.01824068880294778,21623.91
2239,5.31,1.97,1.16,77.11,76.49,409.4541,0.015165379112906378,4410.83
863,3.79,5.33,2.43,77.13,76.79,292.3227,0.03164474128861293,4599.79
1064,5.04,8.36,2.15,77.37,74.58,389.94480000000004,0.028828100183950094,8895.039999999999
553,4.76,3.78,1.2,77.12,84.26,367.0912,0.014241631350387923,2090.3399999999997
511,2.75,4.14,5.91,75.88,86.89,208.67,0.06801702520232188,2115.54
1251,4.6,4.79,5.97,84.71,89.03,389.66599999999994,0.06705604099112197,5992.29
587,5.0,5.89,2.06,77.46,81.02,387.29999999999995,0.025425817646776396,3457.43
589,4.1,8.32,0.89,74.76,86.25,306.516,0.01031883938332297,4900.4800000000005
932,5.39,4.18,2.9,76.93,72.86,414.65270000000004,0.039802355228883445,3895.7599999999998
612,2.42,6.02,1.09,83.6,76.92,202.31199999999998,0.01417056498042577,3684.24
569,4.97,8.0,6.69,78.54,70.43,390.3438,0.09498791779242967,4552.0
555,4.65,5.76,1.58,76.76,69.53,356.934,0.022724000758809038,3196.7999999999997
907,2.61,6.16,0.97,78.16,87.96,203.99759999999998,0.011027738628042448,5587.12
486,2.43,7.0,4.22,85.38,71.82,207.4734,0.058757997945140916,3402.0
948,2.91,6.47,2.58,77.68,74.59,226.04880000000003,0.034589082371754606,6133.5599999999995
745,2.97,6.75,2.73,75.68,68.87,224.76960000000003,0.03963989550749302,5028.75
682,2.32,6.27,2.91,85.74,89.84,198.91679999999997,0.03239091358070864,4276.139999999999
1057,1.97,7.03,1.92,75.39,83.77,148.5183,0.022919896989387966,7430.71
827,4.31,5.88,3.27,88.09,75.5,379.6679,0.043311252541555954,4862.76
1131,3.91,6.52,2.34,81.55,77.12,318.8605,0.030342319717022854,7374.12
862,2.58,4.45,2.13,76.49,80.7,197.3442,0.026394048773971647,3835.9
472,4.05,6.09,3.78,74.22,80.44,300.591,0.046991540652468834,2874.48
688,4.25,8.06,1.48,76.16,76.52,323.68,0.019341346139395435,5545.280000000001
771,3.66,5.7,1.7,76.3,75.79,279.258,0.022430396829344657,4394.7
644,3.62,18.09,4.59,75.97,65.75,275.0114,0.0698098753140874,11649.96
597,4.15,9.56,2.13,75.52,80.37,313.408,0.026502422980910413,5707.320000000001
590,2.94,4.9,1.38,81.63,87.97,239.99219999999997,0.015687164296105,2891.0
604,3.62,6.72,1.31,76.26,74.05,276.06120000000004,0.017690747104558122,4058.8799999999997
471,2.78,7.68,1.78,78.56,86.58,218.39679999999998,0.020559018184451584,3617.2799999999997
486,3.69,6.78,1.26,79.63,73.44,293.8347,0.017156860408924238,3295.08
581,1.73,3.74,0.98,76.15,87.5,131.73950000000002,0.011199998720000146,2172.94
685,2.63,3.73,2.75,76.46,79.8,201.08979999999997,0.034461148563765844,2555.05
787,2.65,5.74,4.12,74.66,85.16,197.849,0.04837951522081785,4517.38
490,4.16,2.61,2.68,75.75,74.97,315.12,0.0357476276180302,1278.8999999999999
738,4.13,3.62,1.63,78.46,72.57,324.03979999999996,0.022461068973257687,2671.56
918,2.41,4.86,0.37,76.48,75.87,184.31680000000003,0.004876762241101589,4461.4800000000005
572,3.42,1.73,5.62,78.46,77.54,268.3332,0.07247871131303696,989.56
1131,2.39,3.28,0.95,74.22,83.97,177.38580000000002,0.011313563020892816,3709.68
836,2.83,7.38,3.13,77.39,69.85,219.0137,0.044810301387215264,6169.68
623,4.62,7.08,3.14,76.65,83.81,354.12300000000005,0.037465691747322304,4410.84
759,4.46,6.28,2.88,77.36,80.53,345.0256,0.03576306522251767,4766.52
977,1.79,6.91,2.75,77.51,69.82,138.74290000000002,0.03938698948911638,6751.07
662,3.11,4.04,2.88,76.79,85.35,238.8169,0.033743405536800754,2674.48
479,2.37,4.47,1.79,83.82,84.97,198.6534,0.02106625620027584,2141.1299999999997
930,2.44,9.39,1.24,78.15,81.13,190.686,0.015284110035238501,8732.7
568,2.87,6.74,2.64,78.63,87.69,225.66809999999998,0.03010605198927449,3828.32
964,3.01,7.12,3.32,77.31,83.19,232.70309999999998,0.039908638068441145,6863.68
656,2.12,4.42,6.36,75.45,83.77,159.954,0.07592215877734765,2899.52
670,0.93,4.9,1.21,77.31,79.4,71.8983,0.015239292791021057,3283.0000000000005
757,3.84,5.3,1.55,78.06,80.87,299.7504,0.019166561250579788,4012.1
642,5.4,5.51,2.0,75.28,65.6,406.51200000000006,0.03048780023051826,3537.42
630,1.96,6.49,2.88,72.39,72.19,141.8844,0.039894716734351465,4088.7000000000003
724,4.34,18.4,3.03,75.67,64.52,328.4078,0.04696217499036345,13321.599999999999
453,3.01,5.53,6.19,74.72,73.66,224.9072,0.0840347428679415,2505.09
449,4.72,5.25,3.37,77.17,67.32,364.2424,0.05005941027043817,2357.25
872,2.59,4.78,0.98,77.15,75.89,199.8185,0.012913425627431066,4168.16
1081,4.22,4.24,3.69,74.2,73.29,313.12399999999997,0.050347925999737204,4583.4400000000005
521,2.73,15.32,3.18,77.46,73.85,211.46579999999997,0.04306025144749473,7981.72
1101,2.62,10.6,2.55,78.06,68.75,204.5172,0.03709090369586855,11670.6
701,2.78,9.6,0.65,74.84,81.94,208.05519999999999,0.007932632666264015,6729.599999999999
876,5.83,8.35,1.78,76.39,72.19,445.3537,0.024657151314981116,7314.599999999999
749,3.6,6.44,2.38,79.65,74.57,286.74,0.031916315955972115,4823.56
708,2.97,7.78,1.34,76.25,74.34,226.4625,0.018025286787020877,5508.24
620,2.87,10.74,4.37,74.36,82.63,213.41320000000002,0.052886354485495043,6658.8
621,4.89,2.69,3.01,85.67,80.52,418.92629999999997,0.03738201224763881,1670.49
799,1.84,1.06,2.53,77.54,82.82,142.67360000000002,0.03054817308039446,846.94
1209,4.13,4.56,2.43,77.54,79.01,320.2402,0.030755596664270766,5513.04
854,1.09,9.66,2.15,76.35,80.92,83.2215,0.02656944802651408,8249.64
990,3.3,6.26,1.36,84.1,79.27,277.53,0.017156551386835955,6197.4
729,2.44,3.57,3.35,75.71,85.5,184.73239999999998,0.03918128196710152,2602.5299999999997
541,1.93,6.89,1.54,73.61,79.43,142.0673,0.01938813806016139,3727.49
1620,1.54,6.4,2.42,75.16,77.34,115.7464,0.03129040195365891,10368.0
765,2.65,9.61,3.6,74.56,89.77,197.584,0.04010247965885266,7351.65
714,2.81,4.88,2.98,73.78,85.1,207.3218,0.03501762220709492,3484.3199999999997
681,1.97,2.25,1.38,76.75,83.26,151.1975,0.01657458364465726,1532.25
739,2.32,8.8,1.69,76.77,84.4,178.10639999999998,0.020023694309988824,6503.200000000001
655,2.64,3.67,2.13,77.74,76.77,205.2336,0.027745209359748682,2403.85
557,4.56,6.55,1.15,74.86,92.37,341.36159999999995,0.012449928283000075,3648.35
623,3.37,5.69,1.42,80.75,83.66,272.1275,0.016973461992175233,3544.8700000000003
642,4.49,9.84,3.24,76.49,69.88,343.4401,0.04636519084642375,6317.28
451,2.51,5.45,1.59,75.97,78.91,190.6847,0.020149534894242187,2457.9500000000003
992,2.41,6.79,3.71,74.74,77.19,180.1234,0.048063214397821685,6735.68
535,2.14,5.26,2.05,77.92,82.39,166.74880000000002,0.024881657375693967,2814.1
704,2.6,7.38,2.09,77.45,80.22,201.37,0.02605335003074669,5195.5199999999995
743,4.52,7.79,1.25,78.1,84.63,353.01199999999994,0.01477017431523404,5787.97
994,2.43,3.6,5.11,86.35,82.28,209.8305,0.06210499974416629,3578.4
687,3.72,7.21,1.34,76.12,80.62,283.1664,0.016621183748302685,4953.2699999999995
853,2.95,8.01,2.42,75.69,79.18,223.2855,0.030563269693954315,6832.53
655,2.27,5.26,1.18,77.63,81.62,176.2201,0.01445723910104887,3445.2999999999997
1093,3.04,4.5,1.56,76.96,81.43,233.95839999999998,0.01915755628668104,4918.5
805,4.96,5.07,1.52,75.59,81.03,374.9264,0.01875848219690458,4081.3500000000004
557,2.61,7.79,2.81,81.33,77.72,212.2713,0.036155425095802225,4339.03
781,2.34,4.93,3.11,82.51,91.34,193.0734,0.03404860586286338,3850.33
691,3.1,6.56,2.18,75.96,79.87,235.476,0.027294349906804818,4532.96
486,3.11,6.84,2.3,76.69,69.46,238.5059,0.03311257801431356,3324.24
612,5.65,5.27,3.59,78.7,78.64,444.65500000000003,0.045651062353628896,3225.24
997,2.4,4.84,4.62,76.14,78.84,182.736,0.05859968815326127,4825.48
441,2.25,9.69,1.64,76.55,86.89,172.23749999999998,0.018874436773571552,4273.29
1021,5.86,5.93,2.79,76.93,67.91,450.80980000000005,0.04108378131589143,6054.53
917,4.95,3.76,2.65,78.46,83.05,388.377,0.03190848502004997,3447.9199999999996
593,3.56,14.94,1.57,73.64,84.1,262.15840000000003,0.018668249861088008,8859.42
776,2.02,4.72,2.83,73.16,66.84,147.7832,0.042339909883316894,3662.72
1058,4.18,10.45,1.53,77.38,87.72,323.44839999999994,0.01744185847676032,11056.099999999999
554,4.28,5.46,1.32,80.68,81.23,345.3104000000001,0.016250151883521864,3024.84
812,4.28,5.35,3.32,76.5,76.38,327.42,0.043466870454717144,4344.2
575,2.77,5.25,2.17,76.69,80.05,212.4313,0.02710805407769468,3018.75
524,1.44,6.82,1.79,77.27,73.98,111.26879999999998,0.024195725304714068,3573.6800000000003
551,3.48,4.6,1.64,76.59,73.55,266.5332,0.02229775359649849,2534.6
474,3.82,7.29,2.39,85.12,88.17,325.15840000000003,0.027106722569272705,3455.46
647,2.66,2.82,1.8,75.75,78.74,201.495,0.022860042816860198,1824.54
1282,3.29,9.66,2.5,81.92,70.53,269.5168,0.03544590451638955,12384.12
1211,2.52,3.74,3.31,83.56,84.91,210.5712,0.0389824474169771,4529.14
1108,2.96,3.76,2.33,77.28,88.29,228.7488,0.026390301688718802,4166.08
709,3.18,7.34,2.04,76.89,79.52,244.51020000000003,0.025653920315150867,5204.0599999999995
921,3.21,1.01,1.49,77.25,68.18,247.9725,0.021853912899103413,930.21
806,3.84,5.47,1.76,72.52,70.37,278.47679999999997,0.025010654396666988,4408.82
2085,3.05,7.32,1.43,76.99,76.02,234.81949999999998,0.018810836778369273,15262.2
453,3.65,3.75,2.92,75.46,80.31,275.429,0.03635910392739335,1698.75
797,4.2,5.85,2.37,76.07,63.29,319.49399999999997,0.03744666812345266,4662.45
975,2.02,5.26,6.14,86.62,75.39,174.97240000000002,0.08144315142019479,5128.5
888,3.74,4.59,2.65,74.41,79.51,278.2934,0.033329136796737914,4075.92
950,3.29,7.95,1.26,77.03,81.41,253.42870000000002,0.015477212200317872,7552.5
696,2.13,4.91,1.54,76.15,84.96,162.1995,0.01812617489098695,3417.36
535,3.7,14.44,2.78,77.6,75.27,287.12,0.0369337004206589,7725.4
823,2.37,7.23,1.57,78.14,88.73,185.1918,0.017694126260100727,5950.29
551,1.79,7.61,2.76,75.25,89.79,134.6975,0.030738386152312485,4193.110000000001
473,3.34,5.12,1.87,76.43,73.92,255.27620000000002,0.02529761562532256,2421.76
351,3.86,6.39,2.21,76.56,71.36,295.5216,0.03096972660177598,2242.89
565,2.87,6.01,1.65,84.92,77.72,243.7204,0.02123005388187675,3395.65
511,2.83,6.73,2.3,75.06,80.61,212.4198,0.02853243660433735,3439.03
653,3.89,6.34,2.31,75.8,69.69,294.862,0.03314678818384443,4140.0199999999995
943,2.96,5.76,2.21,82.62,81.72,244.5552,0.027043560077880557,5431.679999999999
784,2.67,5.91,2.9,76.74,87.75,204.89579999999998,0.03304842928223028,4633.4400000000005
609,2.87,6.6,1.77,77.62,78.28,222.76940000000002,0.022611136610738807,4019.3999999999996
513,3.74,6.95,2.26,74.76,75.46,279.60240000000005,0.029949638225597902,3565.35
864,3.27,3.89,1.4,85.24,77.46,278.7348,0.018073842231623775,3360.96
816,2.66,5.12,2.64,75.66,79.9,201.25560000000002,0.03304129749170244,4177.92
772,2.49,5.52,1.54,86.93,84.6,216.45570000000004,0.018203307540980197,4261.44
525,2.92,6.39,2.98,77.58,92.86,226.53359999999998,0.03209131681118708,3354.75
425,3.72,9.83,1.65,74.94,65.94,278.7768,0.025022744157909588,4177.75
1026,4.29,6.53,1.33,75.76,75.33,325.0104,0.017655646136247694,6699.780000000001
943,2.43,9.33,2.3,76.67,84.48,186.30810000000002,0.027225375565178078,8798.19
500,5.07,5.58,2.47,77.74,74.36,394.1418,0.03321677874976079,2790.0
623,4.25,4.24,2.38,75.1,81.75,319.17499999999995,0.029113146285853663,2641.52
807,3.52,8.63,3.45,82.84,85.93,291.59680000000003,0.04014895378227001,6964.410000000001
533,6.17,3.18,1.37,78.03,79.37,481.4451,0.017260927647608965,1694.94
528,5.11,6.26,1.69,85.74,83.32,438.1314,0.020283242884872432,3305.2799999999997
553,2.2,4.58,3.45,76.33,74.3,167.92600000000002,0.04643337194705627,2532.7400000000002
984,1.92,6.13,3.51,75.28,74.21,144.5376,0.04729820141514601,6031.92
721,2.07,2.03,1.17,76.76,82.77,158.8932,0.014135554653189,1463.6299999999999
845,5.26,6.09,1.91,75.6,84.15,397.65599999999995,0.022697561176760403,5146.05
809,2.59,5.56,1.83,78.16,78.25,202.43439999999998,0.023386578480948435,4498.04
720,2.58,6.89,4.29,82.25,93.31,212.205,0.045975774731992845,4960.8
869,2.73,5.35,2.65,75.88,80.72,207.1524,0.032829530125182096,4649.15
786,3.63,5.71,2.81,75.64,88.59,274.5732,0.031719152080465954,4488.06
658,2.77,4.98,1.44,75.28,74.76,208.5256,0.01926163466270269,3276.84
510,2.85,9.77,1.73,77.75,77.74,221.5875,0.022253663203799436,4982.7
614,3.95,15.13,3.22,77.42,84.99,305.809,0.037886805755170526,9289.82
464,4.47,4.23,1.83,74.74,87.64,334.08779999999996,0.020880873929612742,1962.7200000000003
704,5.11,5.01,3.2,77.31,77.05,395.05410000000006,0.04153146767923846,3527.04
573,4.17,6.85,2.42,76.9,83.08,320.673,0.02912854728833085,3925.0499999999997
879,2.97,6.4,3.21,77.45,72.29,230.02650000000003,0.044404475805163116,5625.6
715,2.95,6.04,2.72,77.29,75.93,228.00550000000004,0.03582246334486193,4318.6
975,2.11,5.84,3.08,75.89,81.22,160.12789999999998,0.03792168949499021,5694.0
1002,3.29,10.33,2.56,76.74,79.6,252.47459999999998,0.032160799979798996,10350.66
556,2.66,13.73,2.33,75.34,69.24,200.4044,0.03365106388632815,7633.88
396,5.22,6.17,2.67,76.32,78.72,398.39039999999994,0.03391767861818107,2443.32
625,3.45,7.98,1.81,74.13,72.5,255.7485,0.024965513797860165,4987.5
846,4.41,12.11,2.28,78.1,72.86,344.421,0.03129288617994974,10245.06
693,3.39,6.26,3.68,77.34,74.73,262.18260000000004,0.049243938278611225,4338.18
974,3.91,4.78,2.66,75.0,77.68,293.25,0.03424304399548867,4655.72
358,1.77,7.42,3.32,77.69,77.58,137.5113,0.04279452915770441,2656.36
488,0.33,8.19,1.5,76.15,77.31,25.129500000000004,0.019402403388642686,3996.72
958,3.21,9.48,2.83,77.61,79.26,249.1281,0.03570526927765969,9081.84
631,2.84,6.37,1.3,78.61,91.92,223.2524,0.014142731272548817,4019.4700000000003
517,3.79,9.3,1.33,81.49,71.0,308.8471,0.01873239172783215,4808.1
563,5.19,9.99,2.67,77.33,73.28,401.34270000000004,0.03643558454754577,5624.37
625,4.2,4.23,2.19,73.61,82.24,309.16200000000003,0.026629374193899054,2643.7500000000005
427,1.96,6.41,1.66,78.03,81.24,152.9388,0.020433281581329198,2737.07
1103,2.51,5.63,2.26,74.68,76.9,187.4468,0.029388812823301316,6209.89
697,4.4,2.47,1.96,76.26,81.75,335.54400000000004,0.023975532235408898,1721.5900000000001
795,2.67,6.36,3.13,83.27,88.65,222.33089999999999,0.03530738462409649,5056.2
800,3.4,5.07,2.42,75.86,75.3,257.924,0.032138109941818066,4056.0
566,2.63,4.5,1.01,76.51,81.8,201.2213,0.012347186754622647,2547.0
919,4.09,5.97,1.82,77.9,70.35,318.611,0.025870643088750096,5486.429999999999
463,3.88,4.46,0.86,75.94,86.11,294.6472,0.009987224481799502,2064.98
754,2.74,7.38,3.91,74.86,82.15,205.11640000000003,0.04759585543568406,5564.5199999999995
1106,5.48,4.69,1.33,83.67,87.84,458.51160000000004,0.015141164032198994,5187.14
1424,3.67,5.03,2.49,76.62,79.28,281.1954,0.03140766505957807,7162.72
758,4.06,6.02,1.71,81.41,72.2,330.52459999999996,0.023684207245954672,4563.16
692,4.03,4.56,2.75,77.28,74.63,311.4384,0.03684844742751609,3155.5199999999995
698,2.82,4.33,1.92,82.31,89.46,232.11419999999998,0.02146210357007561,3022.34
1349,3.28,6.41,1.35,77.43,77.76,253.9704,0.01736110887845822,8647.09
668,4.09,7.95,2.63,85.63,84.54,350.2267,0.031109530268567505,5310.6
722,2.28,11.14,3.27,76.82,81.88,175.14959999999996,0.039936487550502255,8043.080000000001
844,2.97,7.05,2.19,83.22,91.66,247.16340000000002,0.023892644131284734,5950.2
523,2.77,10.42,1.6,76.31,74.7,211.3787,0.021419006503479717,5449.66
995,4.5,3.71,3.34,78.16,81.12,351.71999999999997,0.04117356494408716,3691.45
539,1.89,8.49,1.71,75.71,68.65,143.09189999999998,0.02490895485667081,4576.11
1040,4.19,6.53,2.55,76.96,82.93,322.4624,0.030748820601854496,6791.2
715,2.42,4.74,0.82,77.9,75.01,188.518,0.010931874292511091,3389.1000000000004
405,1.88,3.36,1.62,75.61,86.68,142.14679999999998,0.018689430238875145,1360.8
956,3.8,5.68,3.22,77.9,73.16,296.02,0.04401311590854075,5430.08
1164,4.44,4.85,1.45,81.97,76.1,363.94680000000005,0.019053873974523787,5645.4
583,4.3,5.71,2.46,76.79,75.01,330.197,0.03279562287753327,3328.93
786,3.86,3.6,1.21,77.53,73.09,299.2658,0.016554930010270894,2829.6
1571,2.32,3.07,1.75,84.82,79.07,196.78239999999997,0.02213228504713734,4822.969999999999
699,2.97,8.07,2.07,77.15,70.49,229.13550000000004,0.029365863332974414,5640.93
938,4.26,5.08,3.27,76.76,77.61,326.9976,0.04213374022242749,4765.04
752,2.65,7.15,1.47,77.54,72.64,205.48100000000002,0.020236781355068643,5376.8
669,4.17,7.3,4.38,79.1,79.52,329.847,0.05508047597076509,4883.7
713,2.0,13.32,1.45,74.41,89.47,148.82,0.01620654787006283,9497.16
1207,2.47,4.88,5.1,77.11,79.04,190.4617,0.06452428333447831,5890.16
956,3.54,5.79,3.67,75.07,83.59,265.7478,0.04390476804584662,5535.24
512,2.6,6.62,1.16,80.84,75.07,210.18400000000003,0.0154522425133552,3389.44
1439,2.7,13.06,1.75,76.65,70.7,206.95500000000004,0.024752471746467927,18793.34
656,2.97,5.52,4.98,75.87,86.46,225.33390000000003,0.057598882998047315,3621.12
989,3.09,7.21,4.8,75.62,73.52,233.6658,0.06528834802933242,7130.69
589,4.28,5.08,2.75,76.86,77.76,328.9608,0.03536522178945193,2992.12
842,4.29,3.47,1.73,82.48,67.65,353.8392,0.02557279740239506,2921.7400000000002
837,2.55,2.79,1.79,77.56,75.3,197.778,0.023771577188369565,2335.23
556,2.81,7.04,2.13,77.52,77.42,217.8312,0.027512267177439008,3914.2400000000002
629,2.31,5.57,3.24,77.08,76.87,178.0548,0.04214907738401491,3503.53
722,1.98,4.24,5.25,75.49,83.72,149.47019999999998,0.06270902261000685,3061.28
1047,5.08,5.84,2.54,75.81,75.68,385.1148,0.033562363429920264,6114.48
572,3.88,5.39,2.42,75.49,76.03,292.90119999999996,0.031829536784225065,3083.08
459,2.02,3.47,2.57,77.64,84.71,156.8328,0.03033879939336567,1592.73
644,3.29,13.45,1.81,77.28,74.31,254.2512,0.024357418334353606,8661.8
624,2.87,4.25,3.09,76.87,69.18,220.61690000000002,0.04466608200837206,2652.0
552,2.56,3.6,1.83,75.69,78.21,193.7664,0.02339853939412615,1987.2
1065,2.89,2.41,1.6,76.79,85.91,221.92310000000003,0.018624139375609434,2566.65
609,2.64,10.03,6.97,74.62,76.64,196.9968,0.09094466454271077,6108.2699999999995
581,1.79,12.42,2.63,75.85,88.46,135.7715,0.02973094848169246,7216.0199999999995
636,4.47,10.85,2.77,78.67,72.13,351.6549,0.03840287835812029,6900.599999999999
1128,4.7,6.65,0.97,77.66,72.74,365.002,0.01333516451262517,7501.200000000001
729,3.59,8.61,3.74,74.85,75.48,268.71149999999994,0.04954954298495721,6276.69
760,3.86,4.82,1.94,76.69,74.79,296.0234,0.025939293229135813,3663.2000000000003
2163,4.33,3.15,1.5,77.1,77.62,333.84299999999996,0.019324913769013942,6813.45
559,2.66,5.06,2.37,77.19,81.72,205.3254,0.02900146487989906,2828.54
1016,1.58,5.54,1.69,75.95,73.09,120.001,0.023122174973022987,5628.64
1198,2.33,2.69,1.14,81.07,77.77,188.8931,0.014658606833148149,3222.62
677,2.51,7.95,1.72,84.15,82.74,211.2165,0.020788008123276757,5382.150000000001
566,2.94,7.21,1.78,75.11,79.6,220.8234,0.02236180623595399,4080.86
523,2.63,8.58,3.14,74.92,68.16,197.0396,0.04606806835855805,4487.34
745,4.1,4.95,2.86,77.55,89.76,317.955,0.03186274154826854,3687.75
928,3.56,7.28,2.44,77.54,76.32,276.04240000000004,0.031970645706152295,6755.84
533,2.9,6.95,2.69,83.37,66.21,241.773,0.04062829774531072,3704.35
584,2.58,4.62,2.8,77.31,63.54,199.4598,0.044066722683864856,2698.08
584,4.01,5.96,3.09,77.87,69.53,312.2587,0.04444124199032906,3480.64
803,2.91,6.69,1.6,76.1,64.97,221.451,0.0246267470175855,5372.070000000001
488,2.52,4.6,1.65,77.44,77.67,195.1488,0.021243720710220067,2244.7999999999997
702,4.53,7.59,2.11,77.03,75.92,348.94590000000005,0.02779240940563627,5328.18
632,4.41,4.21,1.51,77.06,71.62,339.8346,0.021083493286303642,2660.72
977,2.89,12.99,1.21,72.79,80.13,210.36310000000003,0.015100459865161628,12691.23
1006,5.78,9.74,1.19,76.47,74.18,441.9966,0.016042057691822903,9798.44
1257,2.84,6.34,3.45,82.35,73.69,233.87399999999997,0.046817743680588456,7969.38
704,2.64,6.45,1.61,76.6,77.92,202.224,0.020662215007415937,4540.8
633,3.27,4.54,2.38,77.6,68.35,253.75199999999998,0.034820770326149185,2873.82
891,2.41,5.77,1.7,77.85,80.99,187.61849999999998,0.02099024311763883,5141.07
996,3.0,6.83,1.28,76.59,75.56,229.77,0.016940177747461916,6802.68
681,3.6,7.3,1.08,76.21,69.85,274.356,0.0154617014371222,4971.3
835,2.17,6.2,2.47,85.05,81.05,184.55849999999998,0.030475011662552544,5177.0
853,3.0,7.29,1.41,86.8,74.67,260.4,0.018883083047665318,6218.37
669,2.45,10.84,1.1,78.88,76.94,193.256,0.014296852833785699,7251.96
1313,3.96,5.5,1.63,77.28,78.42,306.0288,0.020785511248978414,7221.5
621,3.22,6.52,1.11,76.19,78.41,245.33180000000002,0.014156355802020687,4048.9199999999996
1450,2.29,7.44,1.29,85.27,84.23,195.26829999999998,0.015315206539806892,10788.0
811,2.56,4.42,2.36,75.93,75.85,194.38080000000002,0.031114036768090075,3584.62
914,3.95,5.42,4.34,78.44,87.89,309.838,0.049379901083183395,4953.88
608,4.17,5.43,3.54,78.96,78.3,329.2632,0.04521072219531006,3301.4399999999996
927,3.11,8.39,1.37,75.32,65.64,234.24519999999998,0.020871416686255837,7777.530000000001
582,2.74,6.14,1.13,74.15,73.0,203.17100000000002,0.015479449934321925,3573.48
433,1.85,6.54,3.01,75.8,83.09,140.23,0.03622577491566074,2831.82
801,2.27,6.79,3.17,74.19,65.64,168.41129999999998,0.04829371598206642,5438.79
725,4.33,6.32,2.84,71.32,85.12,308.81559999999996,0.03336465773441521,4582.0
775,4.76,3.48,2.61,78.03,85.84,371.4228,0.0304054018633036,2697.0
1188,2.26,6.62,3.54,76.59,74.94,173.0934,0.04723778392877183,7864.56
936,2.7,7.59,3.05,77.65,75.83,209.65500000000003,0.040221542895748,7104.24
982,2.08,8.89,2.33,77.83,86.6,161.8864,0.02690530867144242,8729.980000000001
732,5.24,5.33,2.46,76.21,67.04,399.3404,0.03669450526633274,3901.56
852,3.83,6.9,1.75,76.92,72.54,294.60360000000003,0.024124617573115854,5878.8
743,2.19,4.73,1.7,77.93,78.53,170.66670000000002,0.021647775162641644,3514.3900000000003
1691,2.24,6.22,1.43,76.22,73.39,170.73280000000003,0.01948494079780068,10518.02
793,2.55,5.62,2.08,75.05,79.76,191.37749999999997,0.026078231434524642,4456.66
752,4.93,5.75,1.74,77.57,82.41,382.42009999999993,0.02111393992064799,4324.0
727,2.81,5.75,1.14,78.33,84.4,220.1073,0.013507107404371157,4180.25
705,2.64,5.29,1.16,77.11,91.85,203.5704,0.01262928550579363,3729.45
822,1.04,6.97,0.49,74.49,70.46,77.4696,0.006954299325248464,5729.34
1015,3.09,11.87,2.16,76.62,84.14,236.7558,0.025671496830104966,12048.05
449,3.01,11.3,2.21,77.45,76.58,233.12449999999998,0.02885870607747374,5073.700000000001
817,1.8,11.84,1.6,76.86,75.97,138.348,0.021060942337640866,9673.28
1448,4.05,15.76,0.88,76.32,85.0,309.09599999999995,0.010352939958477652,22820.48
530,4.74,7.43,0.69,76.63,80.26,363.2262,0.008597058485290493,3937.8999999999996
422,2.39,13.47,1.62,77.82,89.0,185.9898,0.018202245145815154,5684.34
901,2.5,7.53,1.42,77.53,83.88,193.825,0.01692894409526179,6784.530000000001
444,2.77,5.09,5.39,74.48,81.19,206.30960000000002,0.06638747796680897,2259.96
557,2.64,10.88,6.11,73.69,81.57,194.54160000000002,0.0749049803965943,6060.160000000001
681,2.57,4.99,3.52,74.02,81.68,190.23139999999998,0.04309499962108231,3398.19
1207,3.08,6.54,2.84,80.4,76.79,247.63200000000003,0.036983977473111405,7893.78
896,2.36,3.55,2.91,77.84,73.28,183.7024,0.03971069327092068,3180.7999999999997
601,2.43,11.75,1.97,76.41,71.91,185.6763,0.027395351495570645,7061.75
1297,3.58,6.93,1.47,74.25,76.34,265.815,0.019255957655756134,8988.21
815,2.26,6.55,2.1,77.1,79.92,174.24599999999998,0.02627627298845433,5338.25
441,3.48,6.85,2.91,76.25,68.66,265.35,0.04238274943449615,3020.85
1328,4.28,5.7,1.37,83.95,77.71,359.30600000000004,0.017629646425216007,7569.6
758,2.78,7.21,6.12,81.62,74.19,226.90359999999998,0.08249089061990961,5465.18
492,2.18,4.47,1.92,75.01,82.62,163.5218,0.023238922386961704,2199.24
646,2.17,7.98,1.38,77.74,82.47,168.6958,0.01673335555555286,5155.08
414,3.69,3.5,2.19,86.43,78.65,318.92670000000004,0.027844878849983615,1449.0
495,2.81,6.48,2.33,77.99,79.94,219.15189999999998,0.0291468564990172,3207.6000000000004
449,1.76,6.54,4.0,75.42,81.12,132.7392,0.04930965861567324,2936.46
735,2.02,6.42,2.76,75.01,92.27,151.52020000000002,0.02991221091229967,4718.7
635,1.83,12.15,3.04,76.93,88.28,140.7819,0.03443588191709539,7715.25
624,3.73,9.84,3.46,78.17,84.2,291.5741,0.04109263169921239,6140.16
1265,3.94,10.13,1.1,75.27,72.78,296.56379999999996,0.01511404024264355,12814.45
912,2.19,8.47,7.43,76.08,71.76,166.6152,0.1035395619370733,7724.64
930,3.06,4.54,1.05,77.13,76.25,236.0178,0.013770489997312787,4222.2
929,2.57,5.23,1.62,76.99,72.42,197.8643,0.022369508095897803,4858.67
898,2.87,8.77,2.34,77.93,83.02,223.65910000000002,0.02818597588701808,7875.46
495,2.49,6.49,1.94,77.91,68.16,193.9959,0.028462437138726943,3212.55
842,3.24,12.0,1.58,74.38,79.24,240.9912,0.019939422016731195,10104.0
724,3.87,4.74,1.57,78.08,72.65,302.1696,0.02161045814033611,3431.76
562,2.46,7.53,1.91,81.08,78.83,199.4568,0.02422935123311541,4231.860000000001
811,3.86,10.85,1.69,80.6,74.06,311.116,0.02281933259258269,8799.35
822,2.1,6.6,3.26,73.33,73.66,153.993,0.044257392851290676,5425.2
886,3.77,7.35,1.9,76.36,71.07,287.8772,0.026734201951005777,6512.099999999999
805,1.99,6.39,2.44,76.4,79.06,152.036,0.030862632068981523,5143.95
679,3.08,7.78,3.4,76.56,77.22,235.8048,0.04403003832814836,5282.62
469,3.37,5.75,2.81,77.66,68.1,261.7142,0.041262842692680955,2696.75
943,4.3,7.49,1.78,76.91,75.01,330.71299999999997,0.023730166147158224,7063.070000000001
955,2.92,12.53,1.79,76.04,76.71,222.0368,0.02333463390240726,11966.15
1000,1.96,4.98,1.58,78.62,85.98,154.0952,0.01837636445959939,4980.0
662,3.22,6.42,3.24,74.42,90.05,239.63240000000002,0.035980007109382886,4250.04
437,2.3,7.1,3.09,79.25,81.64,182.27499999999998,0.03784908894548151,3102.7
603,2.32,5.11,1.02,88.26,86.36,204.7632,0.011811022254397608,3081.3300000000004
945,6.46,3.35,1.5,76.7,75.44,495.482,0.019883348371772486,3165.75
968,5.19,6.27,2.24,76.78,65.99,398.48820000000006,0.033944531907178076,6069.36
449,2.92,10.14,1.28,75.86,70.62,221.5112,0.01812517443710359,4552.860000000001
871,2.47,5.88,2.37,77.09,80.34,190.41230000000002,0.029499622915157713,5121.48
751,2.32,4.99,1.38,74.03,86.58,171.7496,0.01593901409805797,3747.4900000000002
601,3.48,4.23,2.59,76.3,74.83,265.524,0.03461178209116904,2542.2300000000005
1210,3.44,8.72,3.22,78.64,70.7,270.5216,0.04554454801350099,10551.2
1016,1.92,4.83,1.49,74.42,77.47,142.8864,0.019233249098586664,4907.28
836,2.66,9.94,1.75,76.5,78.74,203.49,0.022225041627502967,8309.84
477,2.87,4.13,6.95,77.07,76.21,221.1909,0.09119536921724587,1970.01
850,2.88,5.46,2.75,79.95,88.69,230.256,0.031006874393181373,4641.0
653,4.73,9.64,2.2,83.12,83.19,393.15760000000006,0.026445483057400763,6294.92
1001,4.24,7.46,2.51,76.3,73.21,323.512,0.034284929069125926,7467.46
1252,3.56,4.13,2.41,83.68,75.12,297.9008,0.03208199785915896,5170.76
1038,3.88,8.21,1.34,75.4,76.98,292.552,0.017407116470886403,8521.980000000001
778,4.47,5.32,1.7,76.61,71.66,342.44669999999996,0.02372313372549069,4138.96
907,2.7,8.41,0.33,78.93,78.63,213.11100000000002,0.0041968708893716285,7627.87
568,3.16,6.2,1.98,78.18,82.95,247.04880000000003,0.023869798207378154,3521.6
851,2.19,15.03,2.97,83.61,84.02,183.1059,0.035348722286512466,12790.529999999999
1113,3.08,5.0,2.38,77.88,75.72,239.8704,0.03143158591764581,5565.0
964,5.86,7.27,2.0,75.34,83.72,441.49240000000003,0.023889151470478803,7008.28
476,3.77,7.76,2.18,75.83,86.67,285.8791,0.02515287583328997,3693.7599999999998
677,2.66,5.84,3.51,77.61,74.51,206.4426,0.04710776444668306,3953.68
497,2.94,7.59,2.3,75.82,79.69,222.91079999999997,0.028861836006796836,3772.23
537,4.35,5.24,3.5,77.57,84.39,337.42949999999996,0.04147410339209582,2813.88
1480,3.19,8.62,2.02,77.04,77.27,245.75760000000002,0.026142095749696424,12757.599999999999
590,1.88,5.42,1.79,74.7,75.19,140.436,0.02380635406219523,3197.8
757,2.91,6.18,2.73,81.93,79.49,238.41630000000004,0.03434393831375792,4678.26
489,2.65,4.28,3.39,77.12,86.95,204.368,0.03898791961036002,2092.92
646,3.11,4.61,0.95,81.46,86.15,253.34059999999997,0.011027276723473391,2978.0600000000004
612,5.61,6.18,2.33,77.04,69.37,432.1944000000001,0.033588001500936784,3782.16
1799,2.78,7.23,1.83,87.58,78.95,243.47239999999996,0.0231792244231508,13006.77
693,5.05,5.79,5.39,76.88,81.99,388.24399999999997,0.06573971633861247,4012.47
640,4.91,13.78,1.64,75.87,76.22,372.5217,0.021516659470393665,8819.199999999999
1010,2.48,5.54,5.02,75.93,81.24,188.30640000000002,0.061792212974862995,5595.4
868,3.87,10.8,1.51,76.41,75.92,295.7067,0.019889354598346336,9374.400000000001
1016,2.96,3.72,3.25,76.14,88.49,225.3744,0.03672730967032324,3779.52
516,3.3,3.98,1.25,77.85,68.52,256.905,0.018242846140857246,2053.68
737,2.0,5.82,2.47,76.0,82.77,152.0,0.029841726490065668,4289.34
752,5.86,9.98,1.84,76.65,72.52,449.16900000000004,0.025372307587933317,7504.96
550,4.8,4.38,1.57,76.76,81.33,368.44800000000004,0.019304067465379632,2409.0
952,2.22,17.37,2.58,80.23,89.19,178.11060000000003,0.02892700651115523,16536.24
730,3.54,9.46,1.79,76.96,79.01,272.4384,0.02265535721359863,6905.8
533,2.5,7.03,1.78,75.65,74.07,189.125,0.02403131847828831,3746.9900000000002
869,3.91,5.31,0.78,78.41,78.79,306.5831,0.009899732212243658,4614.389999999999
1140,4.04,9.71,0.96,77.86,87.18,314.5544,0.011011698668077692,11069.400000000001
822,3.29,11.77,3.05,83.57,71.78,274.9453,0.042490938633193275,9674.94
761,2.26,6.11,3.15,77.7,73.75,175.602,0.0427118586153412,4649.71
655,2.13,7.52,7.17,76.43,72.11,162.79590000000002,0.09943141042415608,4925.599999999999
1325,2.92,4.33,2.8,77.7,69.57,226.88400000000001,0.04024722721758988,5737.25
970,2.46,6.59,2.93,74.72,84.85,183.81119999999999,0.03453152215303216,6392.3
498,2.34,4.89,2.19,77.44,73.02,181.2096,0.029991778965793074,2435.22
543,3.68,9.85,3.61,75.73,72.85,278.68640000000005,0.04955387102898133,5348.55
802,3.26,6.1,2.75,78.06,66.79,254.4756,0.04117382225275905,4892.2
569,1.97,7.31,4.74,79.16,85.85,155.9452,0.05521257365025351,4159.389999999999
445,2.04,6.02,1.23,83.49,68.13,170.31959999999998,0.018053718177936565,2678.8999999999996
1010,3.87,6.76,3.41,87.54,81.24,338.7798,0.041974391682128055,6827.599999999999
723,3.59,7.52,1.84,76.0,78.2,272.84,0.02352940875583008,5436.96
719,3.07,3.96,4.73,76.11,77.82,233.65769999999998,0.06078128234627573,2847.24
399,2.91,5.58,2.73,74.7,84.0,217.377,0.03249999613095284,2226.42
561,2.64,4.66,2.56,75.88,83.3,200.32319999999999,0.03073228922781642,2614.26
361,2.13,4.28,2.39,76.9,83.2,163.797,0.028725958085822345,1545.0800000000002
979,4.64,4.01,2.74,78.09,83.3,362.3376,0.032893153314147265,3925.79
912,4.59,5.06,1.65,76.26,70.51,350.03340000000003,0.02340093271863101,4614.719999999999
668,2.86,6.33,2.89,76.65,78.52,219.219,0.0368059046350096,4228.44
778,1.98,5.43,1.18,75.22,78.51,148.9356,0.015029930578279125,4224.54
836,5.41,9.86,3.59,77.87,68.73,421.27670000000006,0.05223336938260302,8242.96
603,2.43,6.19,1.44,81.33,82.68,197.6319,0.017416543611932313,3732.57
844,1.06,3.26,1.69,83.34,69.49,88.3404,0.024320042550001073,2751.4399999999996
450,3.62,11.25,1.99,75.9,79.19,274.75800000000004,0.02512943236148095,5062.5
838,3.38,4.16,2.14,77.26,88.78,261.1388,0.024104525331772323,3486.08
763,5.39,7.72,2.03,76.65,78.83,413.1435,0.025751614137813756,5890.36
573,5.37,4.79,1.1,76.42,78.88,410.3754,0.01394523149781548,2744.67
540,1.92,5.48,1.84,78.14,82.46,150.0288,0.02231384643295581,2959.2000000000003
969,3.89,5.01,0.8,74.48,75.44,289.72720000000004,0.010604452464945326,4854.69
759,2.42,7.33,2.28,73.08,80.61,176.8536,0.028284328459951807,5563.47
398,3.1,15.62,1.24,86.16,91.15,267.096,0.013603948041256385,6216.759999999999
803,4.44,9.1,1.66,80.6,75.48,357.86400000000003,0.02199257790241416,7307.299999999999
981,3.69,5.77,2.65,84.51,80.5,311.8419,0.032919250569037196,5660.37
554,3.49,13.36,3.1,81.2,66.35,283.38800000000003,0.04672192212179019,7401.44
1120,3.21,4.94,1.7,78.97,80.65,253.4937,0.02107873266227741,5532.8
804,2.28,6.11,1.16,77.85,71.72,177.49799999999996,0.016174007783880676,4912.4400000000005
373,2.37,3.69,1.93,82.46,75.52,195.43019999999999,0.025556140683773744,1376.37
853,1.94,15.15,2.82,76.22,77.07,147.86679999999998,0.03659010813674476,12922.95
465,5.04,10.34,2.47,76.66,79.18,386.3664,0.031194742208292218,4808.1
852,2.63,7.24,5.25,74.62,80.88,196.2506,0.06491097120289674,6168.4800000000005
600,3.18,5.99,2.47,77.09,71.22,245.14620000000002,0.034681264436778374,3594.0
995,4.65,15.5,1.65,74.36,81.58,345.774,0.020225542997604436,15422.5
478,3.36,5.65,3.2,76.85,65.25,258.21599999999995,0.049042138077833246,2700.7000000000003
699,2.53,4.16,1.42,78.56,82.47,198.7568,0.017218380354264536,2907.84
890,2.18,4.67,3.59,75.63,69.28,164.8734,0.05181869921785519,4156.3
887,2.64,5.88,2.21,77.99,68.89,205.8936,0.03208012308315821,5215.5599999999995
1042,1.95,10.76,2.24,81.29,76.77,158.5155,0.02917806054734134,11211.92
954,4.48,4.97,4.3,86.32,78.23,386.7136,0.05496611850107139,4741.38
870,3.77,12.67,3.19,80.81,71.38,304.6537,0.04469038320392502,11022.9
587,2.46,4.48,1.74,76.56,75.38,188.3376,0.023083042838545658,2629.76
727,3.5,7.4,2.97,81.72,74.43,286.02,0.039903259451396014,5379.8
740,3.81,5.71,2.61,77.07,76.14,293.63669999999996,0.034278955308779176,4225.4
765,5.08,7.02,5.91,76.06,68.27,386.38480000000004,0.0865680259897428,5370.299999999999
517,4.41,6.76,1.46,75.92,77.41,334.8072,0.01886060988753263,3494.92
744,2.74,4.94,1.29,77.42,90.16,212.13080000000002,0.014307895484927297,3675.36
651,3.6,4.87,1.98,76.73,73.91,276.228,0.02678933475993306,3170.37
513,3.18,6.18,4.23,76.61,79.19,243.6198,0.05341582858746956,3170.3399999999997
1023,4.22,5.71,3.06,74.54,71.78,314.5588,0.04263025318608899,5841.33
1704,2.69,6.91,4.78,75.0,75.41,201.75,0.06338681031868316,11774.64
1020,3.54,3.19,4.95,78.28,76.8,277.1112,0.06445311660766712,3253.7999999999997
735,3.9,4.3,2.02,76.58,84.82,298.662,0.023815135131438916,3160.5
893,2.57,7.47,1.72,86.55,76.0,222.43349999999998,0.022631575969529475,6670.71
450,3.74,4.8,2.77,81.98,84.44,306.6052,0.03280435423918116,2160.0
690,2.36,5.02,3.25,74.48,71.95,175.7728,0.0451702508449964,3463.7999999999997
458,2.25,4.82,1.83,77.85,80.62,175.1625,0.022699079298055157,2207.56
984,2.79,4.61,1.28,77.32,67.31,215.72279999999998,0.019016488037960473,4536.240000000001
711,3.55,4.07,1.9,77.7,79.91,275.835,0.02377674586700715,2893.77
694,4.81,3.98,1.07,80.64,79.91,387.8784,0.01339006214615666,2762.12
450,0.7,4.11,0.95,74.87,72.89,52.409,0.01303333611835147,1849.5000000000002
1197,2.37,7.69,5.59,75.99,92.12,180.09629999999999,0.06068171290906286,9204.93
599,3.92,8.87,1.73,77.97,89.41,305.6424,0.019349063935906057,5313.129999999999
617,3.46,6.34,1.5,73.98,67.66,255.9708,0.02216966861222752,3911.7799999999997
719,2.74,6.02,1.82,76.26,83.66,208.95240000000004,0.021754718891379525,4328.38
668,3.21,16.2,2.49,83.34,73.58,267.5214,0.033840712987127895,10821.6
1122,3.38,5.25,1.46,77.49,75.32,261.91619999999995,0.019383959189596497,5890.5
989,3.57,6.33,5.6,77.48,89.22,276.60360000000003,0.06276618888520635,6260.37
1255,2.88,3.24,2.39,77.01,89.26,221.7888,0.02677570840514134,4066.2000000000003
465,4.0,6.53,2.19,74.55,72.08,298.2,0.030382903664968968,3036.4500000000003
780,1.97,5.47,2.96,77.12,76.12,151.9264,0.038885964413299466,4266.599999999999
807,5.26,6.21,2.28,75.24,68.14,395.76239999999996,0.033460517543217265,5011.47
929,2.11,1.44,2.45,76.99,86.66,162.44889999999998,0.028271402230394392,1337.76
1022,5.0,12.42,2.93,75.0,76.83,375.0,0.038136139771425256,12693.24
1086,2.63,3.77,1.81,77.04,82.63,202.61520000000002,0.02190487451229886,4094.22
739,3.12,5.46,1.87,76.69,73.63,239.2728,0.02539725310372768,4034.94
1001,3.09,5.14,3.04,82.24,87.06,254.12159999999997,0.03491844303716482,5145.139999999999
537,5.07,5.87,4.55,84.9,67.77,430.44300000000004,0.06713884209254212,3152.19
524,1.98,6.35,3.43,77.01,73.0,152.4798,0.04698629493338426,3327.3999999999996
829,3.64,6.16,2.11,77.36,72.47,281.5904,0.029115492049745815,5106.64
1108,3.91,10.76,2.25,75.01,77.04,293.2891,0.0292056036856693,11922.08
689,4.45,5.88,1.75,73.63,74.14,327.6535,0.023603989263017364,4051.3199999999997
469,4.0,3.53,3.11,74.98,79.96,299.92,0.03889444235937439,1655.57
409,4.34,6.76,2.62,77.7,68.16,337.218,0.03843896149663124,2764.8399999999997
796,1.9,6.52,3.24,76.86,82.06,146.034,0.039483300087338524,5189.92
698,3.48,7.99,3.44,79.9,77.07,278.052,0.04463474184056808,5577.02
626,3.16,6.93,1.57,79.4,83.08,250.90400000000002,0.018897445968049355,4338.179999999999
965,3.15,7.09,1.27,77.03,78.94,242.6445,0.01608816619101011,6841.849999999999
779,3.43,5.8,4.69,74.59,88.1,255.8437,0.05323495422985764,4518.2
655,2.32,0.46,2.58,82.75,83.24,191.98,0.030994710356233742,301.3
852,2.64,6.45,1.96,76.82,75.71,202.8048,0.02588825440651771,5495.400000000001
835,5.3,5.49,1.21,78.22,76.61,414.566,0.015794280669066612,4584.150000000001
906,2.45,6.6,2.64,76.92,87.06,188.454,0.030323911058590506,5979.599999999999
1509,1.97,4.07,1.23,77.17,83.0,152.0249,0.014819275322978876,6141.63
692,4.13,5.48,0.67,78.3,75.62,323.37899999999996,0.008860088751641265,3792.1600000000003
634,1.28,8.54,5.66,75.55,71.19,96.704,0.07950553736402059,5414.36
627,2.57,9.26,3.42,82.98,85.91,213.2586,0.03980909791536516,5806.0199999999995
776,3.76,4.31,1.68,74.01,75.66,278.2776,0.022204596589400397,3344.5599999999995
1500,2.42,2.82,1.34,82.22,66.73,198.9724,0.020080920113753915,4230.0
952,2.13,4.09,1.12,75.23,88.18,160.2399,0.012701291369778706,3893.68
545,2.38,9.83,2.29,75.24,73.54,179.07119999999998,0.03113951167534516,5357.35
740,4.9,5.68,2.78,75.23,79.36,368.62700000000007,0.035030237521391436,4203.2
1202,3.59,5.9,3.17,84.21,79.69,302.3139,0.03977913919197651,7091.8
1676,2.59,4.53,0.98,76.6,77.47,198.39399999999998,0.012650056454103982,7592.280000000001
660,2.78,4.51,3.33,75.23,86.54,209.1394,0.0384793114768533,2976.6
982,3.2,4.5,1.11,83.56,84.37,267.392,0.013156333630871918,4419.0
618,4.26,7.58,3.45,76.9,84.34,327.594,0.04090585239437368,4684.44
525,2.17,7.17,2.73,75.92,90.87,164.7464,0.03004291514879331,3764.25
725,3.11,9.14,4.3,77.19,79.52,240.06089999999998,0.054074439879974866,6626.5
838,3.81,4.36,1.83,77.16,74.15,293.9796,0.024679699975765343,3653.6800000000003
1409,2.43,9.59,1.69,75.37,70.59,183.14910000000003,0.023941064748397113,13512.31
708,2.56,4.58,1.76,79.75,78.6,204.16,0.022391854657524853,3242.64
564,2.38,7.01,4.68,73.34,66.87,174.5492,0.06998653058373999,3953.64
1013,2.31,6.84,2.33,76.5,81.09,176.715,0.028733502437599895,6928.92
892,4.65,4.1,1.3,76.27,84.0,354.6555,0.015476188633787068,3657.2
509,3.36,6.22,1.56,75.29,71.74,252.9744,0.021745187936271546,3165.98
959,3.84,5.82,1.32,76.29,69.38,292.9536,0.019025653066351535,5581.38
1244,3.94,5.02,1.29,73.75,75.36,290.575,0.01711783212342992,6244.879999999999
1329,2.07,7.51,0.5,78.2,84.82,161.874,0.005894835428573989,9980.789999999999
1011,5.19,4.39,2.1,77.54,81.48,402.43260000000004,0.025773192713157495,4438.29
1077,3.14,5.88,2.94,76.8,81.25,241.152,0.03618461093112481,6332.76
580,4.18,11.5,2.53,79.01,71.23,330.2618,0.03551873711656084,6670.0
990,2.71,7.84,1.86,85.88,73.45,232.73479999999998,0.025323345769455986,7761.599999999999
661,2.0,4.58,1.33,76.02,78.27,152.04,0.016992459819540076,3027.38
437,2.69,11.04,1.33,76.75,77.07,206.45749999999998,0.01725703681626615,4824.48
575,3.02,8.8,4.58,79.61,70.18,240.4222,0.06526074875167444,5060.0
876,4.75,3.13,0.35,77.31,72.67,367.2225,0.004816292167842002,2741.88
920,4.23,6.6,3.03,75.47,72.08,319.23810000000003,0.04203662013920364,6072.0
1128,4.15,7.75,2.93,75.36,66.45,312.744,0.04409329659995536,8742.0
869,2.67,5.04,1.61,76.19,80.0,203.4273,0.020124997484375316,4379.76
733,3.18,4.74,4.34,75.02,80.96,238.5636,0.05360671274620643,3474.42
976,3.4,5.73,3.25,78.17,70.38,265.778,0.04617788488521102,5592.4800000000005
1246,3.17,10.77,1.11,83.87,76.06,265.8679,0.014593739864088896,13419.42
999,4.88,6.53,2.46,73.9,74.03,360.632,0.033229767225480586,6523.47
961,3.78,7.17,1.38,78.69,78.74,297.4482,0.01752603282625948,6890.37
739,4.11,11.4,2.8,75.75,64.85,311.33250000000004,0.04317655463738556,8424.6
1077,2.58,4.63,2.95,81.29,71.64,209.72820000000002,0.04117810703823185,4986.51
793,2.8,8.29,2.03,75.31,73.83,210.868,0.027495594271218435,6573.969999999999
807,3.12,4.96,1.19,77.58,83.84,242.0496,0.014193700597125405,4002.72
1163,3.56,4.43,1.3,76.03,82.96,270.6668,0.015670200618346116,5152.089999999999
555,3.29,6.81,3.09,77.79,70.48,255.92910000000003,0.04384221852408931,3779.5499999999997
474,4.99,5.11,1.66,81.95,80.25,408.93050000000005,0.020685355677837296,2422.1400000000003
891,3.04,8.83,2.52,75.95,91.25,230.888,0.027616435329705716,7867.53
590,4.75,8.79,3.25,76.57,68.89,363.7075,0.04717665159287972,5186.099999999999
698,2.57,3.42,3.21,74.8,81.31,192.236,0.03947853406979042,2387.16
417,2.47,9.02,2.91,75.01,68.95,185.27470000000002,0.04220448989057434,3761.3399999999997
515,4.13,6.83,2.52,74.4,70.52,307.272,0.03573453832465424,3517.45
905,3.34,6.16,2.53,77.5,86.06,258.84999999999997,0.029398090936777716,5574.8
550,5.11,5.93,2.0,77.01,73.55,393.52110000000005,0.027192382434754258,3261.5
742,2.18,5.66,0.96,83.64,72.81,182.33520000000001,0.013185000249278909,4199.72
1229,1.76,5.27,2.94,76.74,77.83,135.0624,0.03777463217594344,6476.83
527,3.91,6.58,2.39,74.85,73.64,292.6635,0.03245518299087683,3467.66
568,1.7,5.11,1.11,77.05,66.19,130.98499999999999,0.01676990228585855,2902.48
1071,3.9,15.79,1.55,75.57,74.4,294.72299999999996,0.020833330533154497,16911.09
650,4.47,3.85,3.13,77.18,82.88,344.9946,0.03776543945880315,2502.5
444,2.19,5.05,4.94,76.72,74.01,168.0168,0.0667477277735809,2242.2
819,2.24,5.32,1.66,77.82,85.19,174.3168,0.01948585285997736,4357.08
848,3.65,5.53,2.36,78.65,90.88,287.0725,0.02596830700172678,4689.4400000000005
1084,4.16,7.53,2.17,85.62,85.18,356.17920000000004,0.02547546073309923,8162.52
552,4.56,4.86,1.56,77.38,83.66,352.85279999999995,0.018646901906896735,2682.7200000000003
1011,3.97,5.71,0.94,75.91,87.47,301.3627,0.01074654044283292,5772.81
662,3.99,4.56,1.58,73.83,82.97,294.5817,0.019043025305167494,3018.72
647,3.4,6.05,1.21,80.97,69.28,275.298,0.017465355446686568,3914.35
670,1.98,5.95,3.28,75.63,76.21,149.7474,0.04303896561619661,3986.5
446,4.91,3.36,1.15,76.05,85.61,373.4055,0.013433008593270809,1498.56
520,2.02,7.37,2.28,75.7,73.31,152.91400000000002,0.03110080055915965,3832.4
857,4.07,3.78,1.07,75.77,78.07,308.3839,0.013705647021180094,3239.46
894,3.48,15.33,2.07,76.57,86.27,266.4636,0.023994433291476377,13705.02
904,3.83,5.03,1.2,86.85,78.74,332.6355,0.015240028544573464,4547.12
1011,2.81,6.35,1.78,76.54,81.07,215.0774,0.021956331324000086,6419.849999999999
1127,2.75,4.27,1.48,76.62,76.56,210.705,0.019331240944195277,4812.29
693,4.57,5.74,2.46,76.16,82.87,348.0512,0.029685045289604764,3977.82
928,2.72,6.81,1.44,82.43,84.8,224.20960000000002,0.016981130072979942,6319.679999999999
643,3.27,7.63,2.41,80.73,81.94,263.9871,0.02941176111645581,4906.09
1227,2.59,7.98,2.38,76.63,73.82,198.47169999999997,0.03224058083980211,9791.460000000001
404,4.47,10.3,5.36,86.22,84.49,385.4034,0.0634394527826426,4161.200000000001
1073,4.29,5.68,1.43,86.07,79.58,369.2403,0.0179693367718853,6094.639999999999
585,2.35,3.82,2.19,76.64,79.51,180.104,0.027543701730134353,2234.7
877,2.12,2.59,1.96,78.59,84.58,166.6108,0.023173324287854777,2271.43
460,5.27,9.81,3.01,74.43,75.55,392.2461,0.039841159518046385,4512.6
534,3.05,5.98,1.31,75.84,76.69,231.31199999999998,0.017081755498532337,3193.32
1384,2.18,3.7,2.21,75.78,89.07,165.2004,0.024811942875048516,5120.8
897,3.55,8.12,2.81,77.17,78.31,273.9535,0.0358830244051814,7283.639999999999
708,2.57,13.73,3.89,74.22,80.73,190.7454,0.04818530308617576,9720.84
853,4.14,4.31,1.6,84.21,76.92,348.6294,0.02080082932906535,3676.43
562,3.88,4.85,0.07,76.28,81.17,295.9664,0.0008623874753742177,2725.7
465,3.55,4.56,1.75,86.43,78.46,306.8265,0.02230435606623043,2120.3999999999996
1256,4.26,6.33,2.65,76.03,90.75,323.88779999999997,0.02920109871062273,7950.4800000000005
780,2.87,4.77,1.41,75.48,77.66,216.62760000000003,0.018156062560383393,3720.5999999999995
554,3.16,7.49,3.53,77.46,65.24,244.7736,0.05410790096445418,4149.46
853,2.73,5.65,1.66,76.46,81.84,208.73579999999998,0.020283477482468535,4819.450000000001
1411,2.5,4.73,1.78,77.2,73.55,193.0,0.02420122036693129,6674.030000000001
782,2.87,5.41,2.0,78.18,74.97,224.37660000000002,0.026677334043306116,4230.62
792,4.88,3.92,2.94,77.27,85.57,377.07759999999996,0.03435783167490573,3104.64
890,6.64,7.94,2.01,76.75,68.9,509.61999999999995,0.02917270984430916,7066.6
585,2.45,5.08,2.57,75.34,80.9,184.58300000000003,0.03176761041191465,2971.8
942,5.29,12.54,1.15,75.49,72.76,399.34209999999996,0.015805385403328008,11812.679999999998
692,2.89,14.22,1.8,76.72,79.73,221.7208,0.0225761918253867,9840.24
654,1.86,6.39,1.12,74.42,71.15,138.4212,0.015741389214140658,4179.0599999999995
891,4.53,3.57,1.95,82.84,72.02,375.26520000000005,0.027075808514883573,3180.87
819,2.75,3.16,2.54,77.93,74.14,214.3075,0.03425950441603663,2588.04
1727,3.13,10.07,1.2,77.42,78.13,242.3246,0.015359015057082419,17390.89
926,4.62,5.74,2.65,76.85,82.13,355.04699999999997,0.032265915954472674,5315.24
527,2.82,5.59,0.75,77.16,88.19,217.5912,0.008504364610005147,2945.93
509,2.77,5.14,2.0,76.12,68.99,210.85240000000002,0.028989704451412603,2616.2599999999998
1099,2.83,3.34,2.93,76.75,71.09,217.20250000000001,0.04121535501261007,3670.66
699,2.34,7.98,1.64,82.04,91.48,191.9736,0.017927413868887857,5578.02
1043,3.97,8.25,3.28,76.72,71.41,304.5784,0.04593193587285592,8604.75
723,4.83,6.68,1.75,75.44,72.63,364.3752,0.02409472337949561,4829.639999999999
534,2.74,8.27,2.48,73.74,71.64,202.0476,0.03461752727281864,4416.179999999999
1015,3.75,11.14,2.81,85.2,85.08,319.5,0.03302773471700344,11307.1
484,2.71,5.14,1.74,76.47,81.25,207.2337,0.021415381979645293,2487.7599999999998
438,2.87,6.38,2.2,83.57,67.53,239.8459,0.03257810860682532,2794.44
873,1.79,5.72,1.14,77.81,69.77,139.2799,0.016339398546739492,4993.5599999999995
1281,4.09,4.66,1.61,77.39,80.09,316.5251,0.020102382307106717,5969.46
740,2.3,5.53,2.77,77.13,83.09,177.39899999999997,0.03333734103534227,4092.2000000000003
927,2.6,7.35,2.9,75.34,86.74,195.88400000000001,0.033433244935065144,6813.45
788,2.06,5.22,3.37,77.05,77.39,158.72299999999998,0.043545672109358814,4113.36
700,3.97,1.81,2.36,77.41,82.64,307.3177,0.02855759576989402,1267.0
701,3.4,5.09,1.16,78.32,84.91,266.28799999999995,0.013661522357611311,3568.0899999999997
453,4.61,8.63,1.49,81.92,80.96,377.6512,0.018404147924388842,3909.3900000000003
742,2.86,10.4,1.7,77.97,77.64,222.99419999999998,0.021895927112837825,7716.8
809,2.46,3.39,1.5,75.64,76.24,186.0744,0.019674708856937454,2742.51
602,2.31,4.33,1.44,76.05,76.61,175.6755,0.01879649930864126,2606.66
492,2.21,7.44,2.59,77.7,75.58,171.717,0.03426832041964535,3660.48
1014,2.58,5.8,1.38,75.78,81.71,195.5124,0.016888995607759687,5881.2
830,2.94,4.31,0.91,81.95,85.64,240.933,0.01062587451823044,3577.2999999999997
1006,3.22,4.31,1.69,76.34,86.33,245.81480000000002,0.019576043139575682,4335.86
976,2.47,4.21,2.66,77.28,84.51,190.88160000000002,0.03147556129741317,4108.96
663,3.01,3.82,2.31,76.81,72.97,231.19809999999998,0.0316568409405453,2532.66
952,2.15,3.63,1.84,76.69,73.91,164.8835,0.024895139372867088,3455.7599999999998
658,2.22,6.9,4.77,74.88,82.28,166.2336,0.05797276884142332,4540.2
632,3.11,7.48,1.44,75.28,72.41,234.1208,0.019886753226522134,4727.360000000001
817,2.72,9.69,3.33,76.14,73.39,207.10080000000002,0.04537402297669669,7916.73
537,2.76,4.64,2.34,77.88,75.96,214.94879999999998,0.030805683148277627,2491.68
757,4.85,1.71,1.93,77.02,87.87,373.54699999999997,0.02196426289242484,1294.47
723,1.82,10.83,2.19,76.72,82.68,139.6304,0.026487660076480395,7830.09
650,2.16,7.06,2.44,75.42,83.89,162.90720000000002,0.029085704006949098,4589.0
908,3.03,4.9,2.23,81.63,77.37,247.33889999999997,0.028822537311291543,4449.200000000001
779,2.6,4.57,1.36,73.75,77.33,191.75,0.017586962681111772,3560.03
641,4.23,6.65,2.9,77.97,81.55,329.8131,0.03556100115744928,4262.650000000001
661,1.83,6.35,2.35,75.74,80.41,138.6042,0.029225217109163402,4197.349999999999
796,1.95,4.95,3.87,78.71,87.27,153.4845,0.04434513070412161,3940.2000000000003
581,3.35,7.1,2.45,77.0,85.4,257.95,0.028688521230852315,4125.099999999999
505,2.9,6.25,1.89,75.79,79.51,219.79100000000003,0.02377059190408855,3156.25
447,1.82,3.94,2.94,76.03,80.75,138.37460000000002,0.03640866422183724,1761.18
558,2.5,5.91,6.56,74.54,86.25,186.35000000000002,0.07605796219617829,3297.78
975,4.61,4.1,1.6,77.19,73.88,355.84590000000003,0.021656737729190887,3997.4999999999995
1114,2.73,6.47,2.21,84.52,76.8,230.7396,0.02877603791978673,7207.58
959,2.24,6.08,2.11,77.46,78.49,173.5104,0.026882401977015927,5830.72
763,4.86,6.1,3.11,76.71,86.04,372.8106,0.03614597441353156,4654.3
766,2.26,6.85,2.31,75.5,86.68,170.63,0.02664974311839604,5247.099999999999
498,1.73,6.48,3.09,74.76,82.7,129.3348,0.03736396162467211,3227.0400000000004
829,2.45,6.16,5.07,75.45,77.06,184.85250000000002,0.06579288012031143,5106.64
716,5.2,4.98,1.15,77.61,77.47,403.572,0.014844454002264874,3565.6800000000003
1438,3.13,3.35,2.33,84.18,75.92,263.4834,0.03069019616830925,4817.3
766,4.27,10.88,3.11,74.74,64.74,319.1397999999999,0.04803829965426326,8334.08
1105,4.55,5.6,1.45,76.4,67.78,347.62,0.021392738065397154,6188.0
481,3.97,8.72,2.21,78.31,81.37,310.89070000000004,0.02715988359839208,4194.320000000001
717,2.68,5.74,1.86,73.52,77.5,197.0336,0.023999996903226205,4115.58
808,3.45,2.48,1.33,75.66,69.84,261.027,0.01904352533741046,2003.84
865,3.39,5.49,3.18,76.13,75.09,258.0807,0.04234917534303165,4748.85
530,3.59,4.93,1.69,77.32,84.05,277.57879999999994,0.020107076727296044,2612.8999999999996
361,2.31,8.24,1.24,75.66,81.24,174.7746,0.015263415157137476,2974.64
718,4.15,9.22,1.31,75.65,76.47,313.94750000000005,0.017130898766719135,6619.96
765,2.25,3.58,2.07,85.58,82.01,192.555,0.02524082121194717,2738.7000000000003
753,4.68,5.82,1.86,76.59,84.66,358.4412,0.02197023128156966,4382.46
1004,2.64,4.6,1.48,77.7,70.67,205.12800000000001,0.020942405413555198,4618.4
612,2.97,4.35,2.37,76.82,83.93,228.1554,0.0282378138641947,2662.2
938,3.77,6.11,1.44,81.54,68.91,307.4058,0.02089681890918315,5731.18
667,2.58,4.5,1.81,80.7,81.48,208.20600000000002,0.022214037528959556,3001.5
1052,3.47,4.76,5.92,77.3,72.08,268.231,0.08213095419936817,5007.5199999999995
1095,2.68,6.84,1.72,77.76,78.05,208.3968,0.022037152845976574,7489.8
577,4.14,7.21,1.81,81.74,88.34,338.4035999999999,0.020489017377290312,4160.17
904,4.08,7.09,2.63,74.11,83.64,302.3688,0.031444281271606735,6409.36
447,3.68,10.11,3.21,80.29,81.97,295.46720000000005,0.03916066375983118,4519.17
530,5.06,9.39,5.47,77.65,73.82,392.909,0.07409915008139392,4976.700000000001
836,3.27,4.62,1.0,75.91,73.9,248.2257,0.013531797898268213,3862.32
914,2.42,4.54,3.28,81.21,76.84,196.52819999999997,0.04268609543387617,4149.56
416,4.27,9.02,2.36,73.91,67.37,315.59569999999997,0.035030423774614246,3752.3199999999997
699,3.72,11.55,1.67,79.45,68.48,295.55400000000003,0.024386678681851823,8073.450000000001
991,2.79,12.47,1.84,77.1,88.1,215.10899999999998,0.020885355177598732,12357.77
480,3.03,6.12,1.27,76.79,74.49,232.6737,0.01704926606936957,2937.6
628,2.05,6.79,1.27,76.91,89.34,157.66549999999998,0.014215355471753361,4264.12
884,3.07,8.14,2.47,74.43,79.2,228.5001,0.03118686474913324,7195.76
739,3.36,9.03,5.34,75.99,71.31,255.32639999999998,0.07488429744996529,6673.169999999999
1012,2.76,3.89,2.8,84.04,74.94,231.9504,0.037363218926712176,3936.6800000000003
662,5.05,6.99,2.06,76.27,82.33,385.16349999999994,0.02502125288215075,4627.38
552,3.51,4.89,0.12,74.3,73.22,260.79299999999995,0.0016388962525408011,2699.2799999999997
829,2.79,6.3,2.1,76.1,70.74,212.319,0.029686170527824355,5222.7
565,3.68,6.69,2.62,76.69,71.57,282.2192,0.03660751200118598,3779.8500000000004
737,2.02,6.09,2.95,81.98,83.13,165.5996,0.03548658300414014,4488.33
1221,4.22,4.33,5.65,83.8,76.75,353.63599999999997,0.07361562558754065,5286.93
623,2.43,4.14,3.44,77.44,72.95,188.1792,0.04715557955372453,2579.22
753,3.22,6.94,2.37,76.24,82.3,245.4928,0.02879708034057347,5225.820000000001
731,4.09,6.76,2.71,81.79,75.62,334.5211,0.03583707539842959,4941.5599999999995
489,2.84,6.12,2.72,80.34,73.11,228.1656,0.03720420774118346,2992.68
775,3.91,6.54,1.6,74.67,82.97,291.9597,0.019284076258397464,5068.5
1008,1.81,5.93,3.09,74.37,91.36,134.6097,0.0338222379791771,5977.44
558,4.12,15.09,2.51,76.34,83.88,314.5208,0.02992369695711767,8420.22
466,2.66,6.58,2.69,78.39,73.96,208.5174,0.036371006439831474,3066.28
988,5.39,5.92,2.39,77.1,81.47,415.56899999999996,0.029335948283300814,5848.96
553,2.97,2.6,1.72,76.82,78.37,228.1554,0.02194717086293596,1437.8
553,3.66,8.11,5.05,75.94,80.09,277.9404,0.06305405630489994,4484.83
731,3.75,14.61,2.31,79.23,68.83,297.1125,0.033560942385450765,10679.91
797,2.17,7.82,1.9,77.85,84.48,168.93449999999999,0.02249052764079928,6232.54
407,2.43,5.24,2.12,77.0,82.63,187.11,0.02565653810280309,2132.6800000000003
838,3.82,4.06,1.36,75.27,74.0,287.53139999999996,0.01837837589481407,3402.2799999999997
606,3.24,5.44,3.55,76.74,85.29,248.6376,0.0416226941467119,3296.6400000000003
583,2.62,8.74,5.01,75.49,87.63,197.78379999999999,0.057172194776652425,5095.42
933,4.25,4.14,0.64,84.46,81.33,358.955,0.007869173998626092,3862.62
534,4.66,8.31,1.26,84.23,75.45,392.51180000000005,0.016699798979483236,4437.54
546,2.09,1.6,2.68,74.09,72.79,154.8481,0.03681823920617678,873.6
668,2.4,6.88,1.27,82.68,68.77,198.43200000000002,0.01846735226590777,4595.84
991,2.99,7.36,1.84,85.2,84.29,254.74800000000002,0.02182939591536411,7293.76
652,4.46,3.9,2.87,75.28,79.3,335.7488,0.03619167261139059,2542.7999999999997
590,3.65,6.65,2.85,83.66,75.25,305.359,0.037873749119767555,3923.5
874,2.99,7.21,2.77,77.82,82.28,232.6818,0.03366552823705296,6301.54
967,4.07,7.26,1.56,76.7,75.99,312.16900000000004,0.02052901427437633,7020.42
716,2.31,4.09,3.13,83.81,81.94,193.6011,0.03819867730062518,2928.44
591,2.42,18.22,3.03,76.44,78.9,184.98479999999998,0.03840303695778999,10768.019999999999
974,4.07,6.68,1.16,76.48,73.33,311.27360000000004,0.015818898701909355,6506.32
773,5.13,6.82,1.44,76.58,88.5,392.8554,0.016271184602126034,5271.860000000001
790,2.6,8.36,2.12,76.64,69.47,199.264,0.030516765435905365,6604.4
605,3.24,9.45,1.86,84.95,77.99,275.238,0.0238492083793809,5717.25
766,5.46,4.23,2.75,83.31,77.63,454.87260000000003,0.035424444747591814,3240.1800000000003
1301,2.48,6.11,2.04,77.1,77.42,191.208,0.02634977701501201,7949.110000000001
1346,2.42,4.92,2.52,77.28,75.71,187.0176,0.03328489852266563,6622.32
841,2.03,7.83,1.73,78.33,87.59,159.0099,0.019751110885819056,6585.03
1011,2.14,5.62,2.02,73.74,74.47,157.8036,0.02712501314287456,5681.82
745,2.42,5.32,2.48,78.3,82.99,189.486,0.02988311484719667,3963.4
626,4.53,7.41,1.49,85.61,82.23,387.8133,0.018119905372746516,4638.66
529,3.62,3.94,1.5,78.25,71.56,283.265,0.020961428037810502,2084.2599999999998
551,4.55,5.0,2.13,78.63,73.44,357.76649999999995,0.029003264024610016,2755.0
722,3.18,17.02,2.49,86.83,83.84,276.1194,0.029699423938522908,12288.44
893,2.13,6.28,2.3,76.82,68.16,163.62659999999997,0.03374412650467627,5608.04
797,2.95,5.82,5.8,76.79,73.94,226.53050000000005,0.0784419693749027,4638.54
468,5.05,4.32,2.28,74.99,66.26,378.69949999999994,0.03440989519923102,2021.7600000000002
808,1.9,4.01,2.26,74.42,70.88,141.398,0.0318848713480712,3240.08
734,3.9,4.39,2.07,76.67,86.32,299.013,0.023980534756657235,3222.2599999999998
901,4.42,6.41,1.77,76.62,80.61,338.66040000000004,0.021957570778120484,5775.41
704,2.2,4.74,1.58,77.37,86.84,170.21400000000003,0.018194378374668543,3336.96
985,2.52,9.05,1.67,76.5,80.17,192.78,0.020830732090466247,8914.25
1016,3.39,4.93,3.03,81.5,85.19,276.285,0.03556755070224783,5008.88
777,3.49,2.12,1.37,76.85,70.16,268.2065,0.019526793111916605,1647.24
1624,3.68,7.79,1.89,80.1,70.56,294.768,0.0267857104895535,12650.960000000001
1201,3.76,0.62,3.12,75.66,78.74,284.48159999999996,0.03962407421589101,744.62
1010,2.74,8.22,1.73,74.31,68.2,203.60940000000002,0.025366565195518297,8302.2
782,3.71,8.33,2.07,75.46,79.56,279.9566,0.026018096277262908,6514.06
588,4.55,5.6,1.5,86.24,75.51,392.39199999999994,0.01986491592306768,3292.7999999999997
540,4.49,4.54,5.52,75.29,82.01,338.05210000000005,0.06730885656519246,2451.6
600,3.17,7.08,1.84,76.93,73.39,243.86810000000003,0.025071532215351924,4248.0
1179,0.03,5.88,2.45,75.95,75.96,2.2785,0.03225381355268384,6932.5199999999995
549,1.99,4.63,1.86,76.62,69.58,152.4738,0.026731815646476625,2541.87
837,2.25,6.23,2.85,74.38,78.82,167.355,0.03615833086039954,5214.51
1131,3.51,6.66,1.18,88.31,77.79,309.9681,0.015169042914379363,7532.46
617,5.05,5.21,2.42,73.25,73.3,369.91249999999997,0.03301500231718931,3214.57
530,5.2,7.98,1.7,77.47,81.47,402.844,0.020866574092724428,4229.400000000001
658,4.81,7.33,2.86,75.38,87.18,362.57779999999997,0.03280568561531479,4823.14
680,1.8,8.62,2.98,75.33,73.62,135.594,0.0404781254444274,5861.599999999999
479,2.37,5.23,2.79,84.37,87.83,199.95690000000002,0.031765907803039076,2505.17
585,2.32,0.85,3.7,75.9,86.6,176.088,0.042725168276539466,497.25
568,2.34,4.35,1.3,79.29,77.94,185.5386,0.01667949490896909,2470.7999999999997
445,3.55,6.23,1.81,74.71,69.68,265.22049999999996,0.025975886053977316,2772.3500000000004
1288,0.17,5.02,3.83,76.15,84.98,12.945500000000003,0.045069422797196654,6465.759999999999
754,3.46,3.84,1.9,80.32,81.23,277.9072,0.02339037013537238,2895.3599999999997
550,0.32,5.57,3.9,78.28,82.47,25.0496,0.04728991787438852,3063.5
470,3.02,4.83,2.9,74.4,90.02,224.68800000000002,0.03221505974060656,2270.1
714,2.73,6.67,2.05,76.54,63.44,208.95420000000001,0.03231399238430133,4762.38
821,4.12,7.71,3.56,82.51,83.39,339.94120000000004,0.042690965020870004,6329.91
887,4.97,6.18,1.41,80.05,77.34,397.84849999999994,0.01823118460936325,5481.66
663,3.19,8.72,3.49,83.17,73.97,265.3123,0.04718128333361048,5781.360000000001
554,4.44,5.43,1.09,73.94,72.91,328.2936,0.014949936229606883,3008.22
761,3.78,4.24,1.33,76.42,70.71,288.8676,0.018809218100803552,3226.6400000000003
728,4.96,10.06,1.22,78.01,70.35,386.92960000000005,0.017341859652898414,7323.68
894,3.75,8.61,1.89,77.01,81.97,288.7875,0.023057213241769764,7697.339999999999
1034,2.92,4.59,2.24,76.43,78.78,223.1756,0.02843360898278637,4746.0599999999995
674,2.66,6.24,2.19,76.87,89.68,204.47420000000002,0.024420157847886054,4205.76
1694,3.77,11.07,2.17,75.69,75.51,285.3513,0.028737911702037912,18752.58
997,4.66,8.36,2.85,76.54,78.52,356.67640000000006,0.03629648034940393,8334.92
632,2.15,4.53,2.99,80.96,81.84,174.064,0.03653469739312104,2862.96
807,2.44,7.43,4.37,78.17,77.89,190.7348,0.05610475592441187,5996.01
898,4.02,6.8,2.36,78.53,77.43,315.69059999999996,0.030479138514898804,6106.4
696,2.71,7.37,1.71,82.61,77.24,223.8731,0.022138785326413085,5129.52
975,2.85,3.44,1.41,81.86,89.61,233.30100000000002,0.015734849265165798,3354.0
370,1.94,4.53,1.47,77.05,85.81,149.477,0.017130868531538453,1676.1000000000001
919,3.62,5.62,3.02,76.92,78.0,278.4504,0.03871794375410977,5164.78
571,4.05,9.15,1.46,77.03,73.62,311.9715,0.019831564815055033,5224.650000000001
543,4.69,11.04,3.45,77.01,71.43,361.17690000000005,0.048299027257591026,5994.719999999999
855,3.09,5.17,2.49,86.24,81.37,266.48159999999996,0.030600954823527735,4420.35
1374,2.54,8.64,1.54,82.27,66.81,208.9658,0.02305043810051817,11871.36
833,2.34,6.97,1.74,78.92,79.85,184.6728,0.02179085512951094,5806.01
764,3.61,4.69,2.67,77.66,79.53,280.3526,0.03357223267040957,3583.1600000000003
902,2.41,5.66,1.52,76.99,78.32,185.5459,0.019407556255419275,5105.32
724,4.65,2.56,1.25,77.21,79.13,359.0265,0.01579678809594489,1853.44
725,5.1,6.02,2.54,75.61,84.37,385.611,0.03010548416433754,4364.5
524,2.88,4.71,2.81,74.42,77.08,214.3296,0.036455625784168944,2468.04
503,4.04,5.24,3.4,74.62,66.29,301.4648,0.051289779561053,2635.7200000000003
558,4.09,8.06,2.21,76.52,72.69,312.9668,0.030403077396742688,4497.4800000000005
878,4.16,2.54,1.05,75.83,76.74,315.4528,0.013682562720541736,2230.12
511,4.04,10.12,3.25,77.22,75.11,311.9688,0.043269865095211676,5171.32
553,5.15,2.15,2.25,75.14,70.32,386.971,0.03199658248057701,1188.95
1473,5.3,2.4,2.56,85.76,73.52,454.528,0.03482045228231063,3535.2
706,4.28,9.98,2.26,77.8,72.26,332.984,0.03127594363742822,7045.88
1000,2.48,6.99,2.28,77.94,88.32,193.2912,0.02581521446838604,6990.0
446,4.21,7.46,4.14,75.94,81.35,319.7074,0.05089120456162206,3327.16
850,3.7,3.81,1.12,76.77,69.7,284.049,0.016068864265586187,3238.5
671,2.58,5.12,1.96,75.61,78.34,195.0738,0.02501914411295071,3435.52
1030,3.22,7.9,2.04,76.54,71.29,246.45880000000002,0.02861551008339036,8137.0
540,2.42,6.39,0.94,77.17,72.58,186.7514,0.012951224448715286,3450.6
1066,2.86,7.38,2.64,76.89,81.87,219.9054,0.032246240106725284,7867.08
529,1.93,5.35,3.65,76.54,72.7,147.72220000000002,0.05020632046680598,2830.1499999999996
701,2.89,5.76,0.75,79.83,82.13,230.7087,0.009131863005982831,4037.7599999999998
644,4.33,4.51,0.96,76.61,74.85,331.7213,0.01282564958909157,2904.44
760,4.58,7.94,1.5,75.4,87.43,345.33200000000005,0.01715658044646226,6034.400000000001
912,3.9,4.53,2.0,78.45,78.21,305.955,0.025572174201230764,4131.360000000001
656,2.56,10.14,3.49,75.72,77.8,193.8432,0.04485860605930514,6651.84
646,5.68,1.34,1.19,77.95,73.48,442.756,0.016194880757365165,865.6400000000001
813,4.0,2.87,1.29,76.64,75.77,306.56,0.01702520561895135,2333.31
690,4.3,8.54,2.68,76.91,80.35,330.71299999999997,0.03335407176676145,5892.599999999999
950,3.83,5.29,2.73,77.53,77.6,296.9399,0.03518040783757631,5025.5
691,2.38,8.0,1.47,75.09,71.61,178.7142,0.020527856370917974,5528.0
728,2.56,4.51,2.43,74.88,74.74,191.6928,0.032512706380424625,3283.2799999999997
549,2.44,9.91,2.69,76.67,78.88,187.0748,0.03410242975374876,5440.59
816,2.43,4.69,1.67,81.02,81.24,196.8786,0.02055637363904805,3827.0400000000004
592,4.86,5.61,0.92,75.62,75.37,367.51320000000004,0.012206446569398092,3321.1200000000003
1037,4.02,7.6,4.52,78.3,79.68,314.76599999999996,0.05672690051118215,7881.2
671,2.56,5.98,2.4,76.08,83.65,194.7648,0.028690970867785905,4012.5800000000004
878,2.62,5.84,2.11,75.04,76.66,196.6048,0.027524128942847774,5127.5199999999995
802,2.98,7.96,3.08,76.29,77.14,227.34420000000003,0.03992739954272757,6383.92
838,3.56,7.3,2.01,84.3,75.0,300.108,0.02679999642666714,6117.4
619,2.87,9.09,2.05,76.08,88.26,218.3496,0.023226827189346565,5626.71
659,6.19,5.44,4.5,77.37,79.28,478.92030000000005,0.05676084046911699,3584.96
1062,3.8,2.66,1.65,86.17,71.59,327.44599999999997,0.02304790850008262,2824.92
440,5.16,7.18,2.92,76.76,76.49,396.08160000000004,0.038174919835936745,3159.2
702,4.76,2.75,2.75,74.41,68.91,354.1916,0.0399071194446206,1930.5
984,4.21,6.83,1.72,76.53,76.64,322.1913,0.022442585798201225,6720.72
635,3.41,5.54,2.19,76.61,80.28,261.2401,0.027279518276093886,3517.9
517,2.45,3.55,3.17,74.14,80.04,181.643,0.039605192453124376,1835.35
983,4.15,3.89,2.37,77.23,78.56,320.50450000000006,0.03016802059979371,3823.8700000000003
775,2.68,4.82,1.07,76.01,85.83,203.70680000000002,0.012466502101071641,3735.5
897,4.7,7.82,2.11,77.27,83.49,363.169,0.025272484696073218,7014.54
1267,4.12,8.26,2.1,74.64,76.78,307.5168,0.027350869060840183,10465.42
540,3.92,6.02,1.68,77.57,82.28,304.07439999999997,0.02041808210767111,3250.7999999999997
797,4.65,12.37,2.23,75.78,80.1,352.377,0.027840196274632176,9858.89
1495,2.25,5.5,2.81,76.96,73.19,173.16,0.03839321787222054,8222.5
979,4.1,5.92,2.16,78.4,83.35,321.44,0.025914813927436844,5795.68
717,3.03,7.1,1.95,75.69,81.91,229.34069999999997,0.023806614112243423,5090.7
889,4.11,8.4,2.1,76.83,77.23,315.7713,0.027191502370645812,7467.6
465,4.94,2.03,2.74,77.91,78.88,384.8754,0.03473630391274038,943.9499999999999
551,2.88,4.75,3.07,75.46,77.1,217.32479999999998,0.03981841247491408,2617.25
855,2.71,4.27,4.79,77.53,82.28,210.1063,0.05821584124746703,3650.8499999999995
910,3.15,5.59,2.43,75.86,68.11,238.959,0.035677575146443236,5086.9
350,2.62,7.16,5.63,75.28,70.46,197.23360000000002,0.0799034800023446,2506.0
622,2.47,5.51,1.69,76.38,69.27,188.6586,0.02439728246033168,3427.22
1021,2.43,5.74,6.48,75.15,76.35,182.61450000000002,0.08487228750854127,5860.54
701,2.8,16.86,1.87,77.96,83.43,218.28799999999998,0.02241399707371484,11818.859999999999
622,3.07,5.84,2.41,76.11,82.63,233.65769999999998,0.02916615888101672,3632.48
463,5.32,4.72,3.25,73.88,69.37,393.0416,0.04685021668585603,2185.3599999999997
777,4.2,4.88,3.22,75.15,74.59,315.63000000000005,0.04316931985932164,3791.7599999999998
830,3.79,5.57,2.94,74.91,83.36,283.9089,0.035268709780625025,4623.1
820,3.61,3.52,2.28,75.34,75.03,271.9774,0.030387840811963104,2886.4
995,3.15,5.31,1.55,78.23,82.76,246.4245,0.018728852256059417,5283.45
888,3.68,5.2,1.18,76.17,85.64,280.3056,0.013778606518144963,4617.6
594,5.06,8.28,5.45,77.33,76.27,391.28979999999996,0.07145665773480298,4918.32
1115,2.06,4.86,1.81,75.62,78.1,155.77720000000002,0.023175413165760158,5418.900000000001
1104,2.46,9.3,1.92,79.77,81.58,196.2342,0.023535177306303345,10267.2
1129,2.29,7.22,3.42,82.25,77.3,188.3525,0.04424320255585995,8151.38
999,2.4,5.56,3.14,77.09,69.59,185.016,0.045121419008274315,5554.44
560,2.96,4.52,2.44,74.58,75.45,220.7568,0.032339293261856424,2531.2
1522,2.85,2.82,2.73,76.97,75.13,219.3645,0.03633701100266059,4292.04
740,3.7,5.05,2.72,76.78,78.4,284.086,0.03469387312578149,3737.0
1660,2.74,5.71,1.91,75.9,88.6,207.96600000000004,0.021557559643616293,9478.6
1220,3.38,9.01,2.65,77.15,74.9,260.767,0.03538050261942555,10992.199999999999
793,2.17,4.3,1.81,84.63,77.23,183.6471,0.023436485376604248,3409.8999999999996
1040,3.15,6.12,2.5,75.06,82.08,236.439,0.030458085957835532,6364.8
854,4.79,7.66,1.77,77.83,79.99,372.8057,0.022127763204430155,6541.64
789,2.36,7.47,1.55,78.25,85.17,184.67,0.018198894188224235,5893.83
878,3.98,5.05,1.45,76.32,73.83,303.75359999999995,0.019639710193727455,4433.9
879,3.04,1.76,2.59,77.0,75.81,234.08,0.03416435375750511,1547.04
1622,2.67,4.77,1.3,80.73,73.18,215.5491,0.01776441407974664,7736.94
670,5.28,4.17,2.02,76.18,75.76,402.23040000000003,0.02666314325988077,2793.9
835,2.62,6.81,3.16,80.4,83.43,210.64800000000002,0.03787605922617053,5686.349999999999
705,2.9,6.19,1.94,76.5,72.13,221.85,0.026895878705687132,4363.950000000001
1465,3.8,5.93,1.37,75.09,80.45,285.342,0.0170292085731251,8687.449999999999
568,1.69,12.35,2.55,73.74,74.47,124.62059999999998,0.03424197203679709,7014.8
1011,5.19,5.57,2.77,76.24,85.54,395.6856,0.03238250732025867,5631.27
1458,2.82,9.65,1.49,77.12,82.46,217.4784,0.018069364774513125,14069.7
1381,2.94,16.0,4.25,75.73,78.96,222.64620000000002,0.05382471456120636,22096.0
601,4.53,10.74,1.74,75.83,90.1,343.5099,0.019311873550291504,6454.74
660,2.31,6.55,0.96,76.4,75.79,176.484,0.012666577033041687,4323.0
757,2.37,6.15,1.23,75.87,71.9,179.8119,0.017107090805689732,4655.55
786,2.97,11.55,1.53,75.37,73.43,223.84890000000001,0.020836167664964225,9078.300000000001
1158,3.43,7.94,3.36,75.61,83.6,259.3423,0.040191382752226945,9194.52
780,2.31,1.26,2.29,77.08,75.01,178.0548,0.030529258694939512,982.8
864,4.17,6.19,2.56,74.79,82.94,311.8743,0.030865682316652723,5348.160000000001
672,5.65,6.17,3.17,76.07,74.61,429.7955,0.04248759650347185,4146.24
574,2.45,6.57,1.83,88.02,87.83,215.649,0.02083570296758477,3771.1800000000003
610,3.22,3.99,3.7,76.75,82.76,247.13500000000002,0.044707582804787,2433.9
901,2.5,6.26,2.2,75.35,75.8,188.375,0.029023742872857142,5640.26
941,2.81,11.45,1.22,81.67,75.94,229.4927,0.01606531260662199,10774.449999999999
525,3.42,8.9,3.53,78.29,76.66,267.7518,0.046047476383058124,4672.5
548,4.71,3.66,1.47,76.19,76.62,358.8549,0.019185588725451744,2005.68
1061,4.76,6.43,2.81,74.65,71.92,355.334,0.039071184778756284,6822.23
866,2.26,8.11,1.85,77.11,78.42,174.2686,0.023590917675220903,7023.259999999999
1132,2.31,6.78,1.69,82.0,80.02,189.42000000000002,0.021119717430677653,7674.96
1000,1.95,4.98,1.84,88.18,73.98,171.95100000000002,0.024871583553449098,4980.0
1048,2.37,6.15,1.37,75.38,73.93,178.6506,0.018531040371832765,6445.200000000001
1127,3.94,1.59,1.17,76.49,85.13,301.37059999999997,0.013743684512664806,1791.93
799,3.79,6.02,2.27,77.29,76.38,292.9291,0.029719818051869854,4809.98
527,1.74,5.27,2.18,77.61,76.43,135.0414,0.02852282761705775,2777.29
641,2.44,9.06,1.53,75.93,71.61,185.2692,0.021365728059526874,5807.46
496,3.86,7.58,1.55,75.55,78.03,291.623,0.019864152266544626,3759.68
550,5.78,4.87,2.25,78.27,85.07,452.4006,0.026448803755871195,2678.5
1249,0.3,6.77,2.4,85.18,86.34,25.554000000000002,0.027797078086972654,8455.73
507,2.59,0.45,2.74,75.97,76.26,196.76229999999998,0.03592970942437589,228.15
1109,5.4,4.99,4.07,84.92,69.51,458.56800000000004,0.05855271780280279,5533.91
583,2.24,17.22,2.55,77.05,82.96,172.592,0.03073770121290969,10039.26
1341,1.91,6.0,2.52,77.68,88.74,148.3688,0.028397562722834942,8046.0
640,4.48,6.79,2.16,78.06,75.51,349.70880000000005,0.028605478929217464,4345.6
443,2.51,10.57,2.98,77.19,73.45,193.74689999999998,0.04057181203923593,4682.51
742,4.51,1.65,3.2,76.6,69.99,345.46599999999995,0.04572081072713092,1224.3
531,3.39,7.54,2.67,77.28,81.03,261.9792,0.03295075491166791,4003.7400000000002
886,3.65,6.77,2.24,77.89,82.26,284.2985,0.02723072851559342,5998.219999999999
628,2.5,13.77,2.34,80.92,72.6,202.3,0.03223140051909084,8647.56
791,5.59,5.26,2.68,76.84,76.23,429.5356,0.03515675781755768,4160.66
586,2.47,10.62,2.64,84.3,66.84,208.221,0.03949730109256417,6223.32
1118,2.5,5.58,1.52,76.42,89.63,191.05,0.01695860571699144,6238.4400000000005
481,2.2,6.78,3.31,76.22,83.97,167.684,0.03941883536753181,3261.1800000000003
848,2.85,3.84,1.39,76.38,66.47,217.683,0.02091168633794398,3256.3199999999997
646,4.18,3.8,1.72,75.13,80.28,314.04339999999996,0.021425009787617116,2454.7999999999997
469,4.33,5.22,6.63,76.09,78.95,329.46970000000005,0.08397719012321847,2448.18
631,4.71,5.59,3.2,75.95,81.25,357.72450000000003,0.0393846105372787,3527.29
662,2.21,5.51,3.85,76.1,77.18,168.18099999999998,0.04988338301588714,3647.62
664,4.81,5.35,1.29,75.88,79.35,364.98279999999994,0.016257086798098702,3552.3999999999996
992,3.89,12.29,1.18,84.29,84.7,327.8881,0.013931521377624392,12191.679999999998
709,2.81,5.99,2.98,76.6,82.93,215.24599999999998,0.035933915840598595,4246.91
424,2.61,6.03,2.58,76.98,70.61,200.9178,0.036538728715659434,2556.7200000000003
668,2.07,9.95,3.03,77.02,79.07,159.43139999999997,0.03832047068161494,6646.599999999999
441,3.9,7.05,0.98,77.4,79.35,301.86,0.012350345009408317,3109.0499999999997
521,5.18,8.45,1.56,77.56,79.15,401.7608,0.019709410017762472,4402.45
1205,4.05,13.88,0.98,85.94,71.43,348.05699999999996,0.013719723684764987,16725.4
630,4.21,7.04,2.8,74.46,77.73,313.47659999999996,0.036022123244291354,4435.2
749,2.26,7.84,2.89,86.67,81.1,195.87419999999997,0.03563501410172453,5872.16
907,2.42,18.76,3.32,74.23,79.4,179.63660000000002,0.04181359674891728,17015.32
952,3.23,6.92,1.77,83.0,76.95,268.09,0.02300194632853199,6587.84
729,2.17,2.61,1.93,78.07,91.13,169.41189999999997,0.02117853383314673,1902.6899999999998
634,2.59,6.76,1.9,76.68,75.16,198.6012,0.025279400574853568,4285.84
1416,2.15,5.12,2.11,75.23,87.54,161.7445,0.024103264324507157,7249.92
879,2.81,4.65,4.64,76.41,76.21,214.7121,0.06088439038388789,4087.3500000000004
733,4.54,3.97,4.09,78.54,79.91,356.57160000000005,0.05118257399792592,2910.01
517,5.49,4.89,1.04,74.98,77.5,411.64020000000005,0.013419353107180244,2528.1299999999997
733,2.61,7.11,2.0,78.62,80.05,205.1982,0.02498438163842828,5211.63
1048,3.86,5.19,1.77,75.46,79.65,291.27559999999994,0.022222219432238614,5439.120000000001
579,2.36,5.54,1.8,74.05,87.44,174.75799999999998,0.020585542019036823,3207.66
652,4.26,6.58,1.38,75.36,72.62,321.0336,0.019003026851690048,4290.16
817,4.06,5.52,2.02,75.83,80.66,307.86979999999994,0.02504338891106014,4509.839999999999
932,4.8,6.53,2.0,76.3,70.56,366.23999999999995,0.028344667184712697,6085.96
751,2.49,17.34,4.76,81.68,73.35,203.38320000000004,0.06489433334773914,13022.34
1324,2.5,5.05,3.94,76.61,82.32,191.525,0.04786199612949513,6686.2
929,2.96,7.51,1.97,75.44,83.66,223.30239999999998,0.023547690228581133,6976.79
717,4.51,3.23,2.95,76.93,79.9,346.9543,0.03692114681837962,2315.91
516,5.12,8.59,2.62,77.08,74.24,394.6496,0.035290943522232825,4432.44
406,5.16,6.79,5.6,76.61,73.66,395.30760000000004,0.07602496931510055,2756.7400000000002
888,2.06,5.73,2.73,76.63,84.1,157.8578,0.03246135166928042,5088.240000000001
714,2.04,6.04,1.69,78.53,73.49,160.2012,0.02299632290157533,4312.56
597,2.35,4.27,1.52,74.77,83.56,175.7095,0.018190519603815267,2549.1899999999996
697,1.9,5.62,0.72,75.77,68.16,143.963,0.01056337873189866,3917.14
805,2.56,11.79,3.58,77.01,80.08,197.14560000000003,0.044705289122716145,9490.949999999999
795,4.73,4.33,1.69,75.4,78.75,356.64200000000005,0.021460314735198126,3442.35
697,2.94,13.05,3.15,77.23,89.07,227.05620000000002,0.03536543893954879,9095.85
914,2.01,7.73,0.84,83.41,77.94,167.65409999999997,0.010777519787333873,7065.22
937,2.77,0.51,0.86,76.16,75.14,210.9632,0.011445300579544772,477.87
1106,2.18,10.03,2.17,77.14,84.81,168.16520000000003,0.025586602336210074,11093.179999999998
720,3.77,4.78,1.8,77.4,84.33,291.798,0.021344714651403456,3441.6000000000004
794,2.33,6.15,1.2,76.24,86.06,177.6392,0.013943758547088245,4883.1
652,2.25,4.15,1.04,86.09,75.86,193.70250000000001,0.01370946299637978,2705.8
878,4.02,6.36,5.67,75.8,72.98,304.71599999999995,0.07769250785249275,5584.08
777,2.32,0.83,0.98,76.87,70.42,178.3384,0.01391649901782178,644.91
868,5.74,0.73,2.63,82.0,75.45,470.68,0.03485751691749278,633.64
681,4.58,14.34,2.51,78.53,80.42,359.6674,0.03121113762607092,9765.539999999999
670,2.63,4.59,1.93,75.54,76.59,198.67020000000002,0.025199108865503476,3075.2999999999997
652,5.8,5.36,3.14,76.79,75.73,445.382,0.04146308709057347,3494.7200000000003
652,3.29,4.75,1.84,75.17,73.22,247.3093,0.025129742538958954,3097.0
493,2.49,5.65,2.84,75.59,80.67,188.21910000000003,0.03520515244760723,2785.4500000000003
675,4.12,3.52,2.08,76.68,82.77,315.9216,0.025129874939002667,2376.0
1031,2.74,5.43,2.7,73.43,66.1,201.19820000000004,0.04084719503068154,5598.33
769,3.95,5.31,1.28,78.63,78.72,310.5885,0.016260160536056844,4083.39
803,4.45,3.14,1.79,82.47,72.09,366.99150000000003,0.024830070074896644,2521.42
571,4.99,6.41,2.36,76.57,69.46,382.0843,0.03397638439729565,3660.11
711,4.01,5.8,2.64,74.4,83.88,298.344,0.031473529867247274,4123.8
425,2.72,6.62,3.19,86.72,75.26,235.87840000000003,0.042386388202712164,2813.5
667,2.56,7.3,2.68,75.62,76.43,193.58720000000002,0.03506476055674989,4869.099999999999
491,2.84,3.93,2.1,86.09,88.85,244.4956,0.023635337801312575,1929.63
1020,4.94,4.26,0.77,77.32,89.42,381.9608,0.008611048019341531,4345.2
690,4.29,6.12,1.96,76.55,76.8,328.3995,0.025520830010308592,4222.8
1364,3.19,9.5,1.88,86.27,72.56,275.2013,0.02590958849096079,12958.0
866,2.93,6.56,1.28,75.7,73.65,221.80100000000002,0.01737949526415543,5680.96
542,3.59,6.81,2.09,75.84,77.23,272.2656,0.027062019026023686,3691.02
672,3.91,3.37,2.73,78.01,82.05,305.01910000000004,0.033272390826034025,2264.64
855,2.32,5.94,3.04,74.36,79.62,172.5152,0.03818135667152013,5078.700000000001
1036,2.05,5.92,4.19,74.95,81.7,153.64749999999998,0.05128518344122602,6133.12
578,3.26,6.62,1.7,76.99,78.47,250.98739999999998,0.02166432755647667,3826.36
532,2.67,6.87,2.24,76.19,86.42,203.4273,0.025919922943771934,3654.84
466,3.97,0.79,3.27,77.41,92.12,307.3177,0.035497173741079704,368.14000000000004
451,3.78,12.68,2.55,75.87,90.77,286.7886,0.028092979167899174,5718.68
1188,3.19,5.99,1.48,79.49,80.98,253.57309999999998,0.018276115303023546,7116.12
825,3.09,4.39,2.5,76.26,76.78,235.6434,0.03256055840576212,3621.7499999999995
799,3.98,2.84,1.56,85.45,80.78,340.091,0.019311708428855108,2269.16
1042,2.95,6.44,2.32,75.91,67.61,223.9345,0.03431444544971964,6710.4800000000005
980,3.2,11.18,1.46,76.99,75.34,246.368,0.019378813461798053,10956.4
792,2.4,8.38,1.09,77.32,87.16,185.56799999999998,0.012505735141609095,6636.960000000001
1001,4.7,4.39,4.25,76.72,72.27,360.584,0.05880724245091429,4394.389999999999
1325,4.86,5.16,1.25,75.48,69.78,366.8328,0.017913439679931257,6837.0
1059,2.87,5.37,2.6,75.79,85.11,217.51730000000003,0.030548698090859115,5686.83
535,2.43,5.81,1.55,77.37,78.88,188.00910000000002,0.019650098928739996,3108.35
571,2.51,5.4,2.94,77.96,86.52,195.67959999999997,0.033980578596789345,3083.4
613,3.87,5.3,2.26,81.89,80.92,316.9143,0.027928815134847358,3248.9
673,2.07,6.28,1.38,75.19,77.03,155.64329999999998,0.017915095688031193,4226.4400000000005
968,0.4,6.56,2.36,77.81,83.0,31.124000000000002,0.02843373151400825,6350.08
626,3.26,12.67,4.93,74.27,84.83,242.12019999999998,0.05811622561402503,7931.42
1132,5.72,4.63,1.96,75.62,86.02,432.5464,0.02278539609562938,5241.16
908,3.66,3.37,3.73,83.94,89.39,307.2204,0.041727257889332375,3059.96
636,4.25,7.24,2.12,77.12,64.14,327.76,0.03305269207161022,4604.64
1293,2.08,6.91,1.95,75.62,73.62,157.2896,0.026487363965313232,8934.630000000001
755,3.51,4.96,2.01,81.75,89.32,286.9425,0.02250335619084682,3744.8
1024,2.97,6.48,0.77,76.85,72.46,228.2445,0.010626551114193885,6635.52
879,4.41,6.67,2.15,78.17,71.69,344.72970000000004,0.029990231553880378,5862.93
560,3.03,5.32,0.79,81.3,85.81,246.33899999999997,0.009206385129194134,2979.2000000000003
1108,3.5,4.1,0.88,86.36,79.29,302.26,0.011098497780489621,4542.799999999999
477,4.83,6.17,1.62,77.61,68.76,374.8563,0.023560205997643104,2943.09
790,4.61,4.56,1.25,78.66,85.46,362.62260000000003,0.014626724242133836,3602.3999999999996
426,3.57,4.57,3.09,77.6,81.8,277.032,0.03777505650671681,1946.8200000000002
525,5.17,5.15,1.78,78.07,81.23,403.6219,0.021913083600506755,2703.75
582,1.31,5.21,2.63,75.93,75.58,99.46830000000001,0.03479756088944683,3032.22
719,2.14,5.77,3.44,75.1,83.78,160.714,0.04105991393412342,4148.63
1167,4.92,6.99,5.87,77.67,76.4,382.1364,0.0768324506763808,8157.33
429,5.21,8.64,1.24,75.93,75.65,395.5953,0.016391273444643296,3706.5600000000004
729,2.19,6.72,2.16,76.19,77.02,166.8561,0.028044660082490253,4898.88
854,2.42,5.45,2.47,76.62,79.97,185.4204,0.030886578606154985,4654.3
662,3.46,5.73,1.34,75.31,72.27,260.5726,0.018541577619817683,3793.26
687,4.36,15.61,1.14,74.84,74.3,326.30240000000003,0.015343201165114242,10724.07
466,4.89,10.36,1.88,77.05,66.05,376.7745,0.028463281080502483,4827.759999999999
1104,1.78,5.86,2.24,77.37,75.39,137.7186,0.029712159475771393,6469.4400000000005
755,2.97,7.5,5.63,75.66,76.3,224.71020000000001,0.07378767053896847,5662.5
398,2.64,12.26,2.08,76.67,71.27,202.4088,0.02918478613935932,4879.48
547,2.07,7.47,2.7,75.68,86.63,156.6576,0.03116702860821556,4086.0899999999997
850,3.5,8.5,2.53,77.27,76.86,270.445,0.03291698765066515,7225.0
624,4.89,6.39,3.06,74.84,66.91,365.9676,0.04573306744386976,3987.3599999999997
786,4.09,6.25,2.02,75.63,81.82,309.32669999999996,0.024688337241708967,4912.5
672,2.42,1.4,2.9,79.85,76.23,193.237,0.03804276032496912,940.8
1018,4.57,4.83,0.9,75.09,72.83,343.16130000000004,0.012357543270967558,4916.9400000000005
780,2.81,14.77,1.93,74.68,79.05,209.85080000000002,0.024414924172685114,11520.6
611,5.17,4.12,2.82,76.79,73.2,397.0043,0.03852458490101299,2517.32
666,2.36,7.42,1.91,77.33,83.38,182.4988,0.022907169236367327,4941.72
657,3.14,6.88,3.45,86.12,83.67,270.4168,0.041233412067238906,4520.16
631,2.21,4.41,2.87,73.29,81.96,161.9709,0.03501707723071288,2782.71
650,3.62,7.98,3.36,74.65,69.94,270.233,0.04804117128379021,5187.0
1299,3.18,2.33,1.57,83.25,74.09,264.735,0.021190441194433633,3026.67
1242,4.47,7.63,3.76,83.77,67.14,374.45189999999997,0.056002374738996906,9476.46
590,2.71,2.75,1.08,84.99,79.01,230.32289999999998,0.01366915407300923,1622.5
866,2.76,6.35,3.74,74.98,79.16,206.9448,0.04724607791231962,5499.099999999999
556,2.5,5.43,1.55,76.34,78.75,190.85000000000002,0.019682537183169882,3019.08
909,4.58,13.53,3.24,74.85,80.25,342.813,0.04037382674469449,12298.769999999999
496,2.65,3.86,1.85,76.76,75.79,203.41400000000002,0.02440954949075742,1914.56
425,4.78,7.52,2.98,76.37,86.8,365.0486,0.034331793279747315,3196.0
566,3.78,3.08,2.15,88.2,78.93,333.396,0.027239322533976616,1743.28
978,4.37,8.25,3.23,77.77,82.52,339.8549,0.03914202143213507,8068.5
693,3.86,5.61,2.21,78.32,85.29,302.31519999999995,0.025911592694150228,3887.73
620,2.05,8.87,1.66,78.21,84.2,160.33049999999997,0.019714962029101894,5499.4
811,3.97,13.56,1.9,75.54,84.72,299.89380000000006,0.022426815105427867,10997.16
986,5.08,5.97,1.67,75.61,76.71,384.0988,0.0217703009033632,5886.42
583,3.26,5.61,2.99,74.73,72.19,243.6198,0.04141847327628851,3270.63
848,4.41,4.01,1.75,75.8,85.54,334.278,0.020458262747455838,3400.48
925,4.25,6.88,3.53,75.04,81.56,318.92,0.043281014801248796,6364.0
561,3.77,6.92,1.22,75.7,73.5,285.389,0.016598637197464326,3882.12
509,1.96,5.53,1.67,79.04,68.7,154.91840000000002,0.024308584525679106,2814.77
633,2.37,4.93,1.07,78.32,72.53,185.61839999999998,0.014752514166205134,3120.6899999999996
606,2.32,5.13,2.85,80.37,91.21,186.4584,0.031246570414804255,3108.7799999999997
1119,3.57,8.51,2.08,80.97,82.57,289.06289999999996,0.02519074419392707,9522.69
450,2.9,4.47,1.76,83.2,73.53,241.28,0.023935805258288416,2011.5
755,3.41,10.09,5.3,76.9,82.66,262.22900000000004,0.06411806628138564,7617.95
530,1.97,4.63,2.03,76.02,90.68,149.7594,0.02238641129395552,2453.9
903,2.5,7.92,2.94,76.96,84.36,192.39999999999998,0.034850635982617825,7151.76
760,3.81,11.46,5.72,80.61,88.09,307.1241,0.06493358327465282,8709.6
526,3.82,6.72,1.13,74.74,82.75,285.50679999999994,0.013655587473645016,3534.72
555,3.49,8.23,2.78,75.67,80.37,264.0883,0.03459001684832439,4567.650000000001
1154,2.54,5.79,2.98,73.35,73.33,186.309,0.040638205285939547,6681.66
610,4.36,1.74,4.57,73.27,75.0,319.4572,0.06093332520888997,1061.4
787,1.67,6.65,2.14,78.47,85.07,131.04489999999998,0.02515575112780638,5233.55
875,2.92,5.52,2.48,76.07,78.66,222.12439999999998,0.03152809159317422,4830.0
810,1.95,7.2,1.31,75.85,84.84,147.9075,0.015440827977271572,5832.0
610,2.74,12.88,1.09,74.78,87.58,204.89720000000003,0.012445762451956789,7856.8
871,3.72,5.13,2.83,84.85,80.4,315.642,0.03519900059713923,4468.23
1109,2.34,2.15,1.34,82.1,74.1,192.11399999999998,0.0180836682748086,2384.35
712,2.91,7.61,1.96,76.27,81.29,221.9457,0.024111203824430577,5418.320000000001
883,2.4,7.64,1.19,76.75,78.96,184.2,0.015070920077137782,6746.12
874,2.18,5.19,1.35,76.56,72.37,166.9008,0.018654135877554805,4536.06
718,4.63,6.87,5.45,74.94,84.5,346.9722,0.06449703378733328,4932.66
793,2.82,6.0,0.98,79.92,76.39,225.37439999999998,0.012828902627450893,4758.0
1174,4.45,6.12,1.44,81.79,80.37,363.9655,0.017917131029347885,7184.88
439,2.92,8.39,1.67,74.53,70.14,217.6276,0.02380952041495289,3683.21
652,2.83,9.13,3.03,77.59,85.86,219.5797,0.03529000287794049,5952.76
1209,0.88,0.76,2.13,76.08,79.4,66.9504,0.026826193094937893,918.84
1152,3.95,4.96,1.91,76.27,73.48,301.2665,0.02599346407274577,5713.92
1424,3.12,2.84,2.85,76.78,80.6,239.55360000000002,0.035359797101762146,4044.16
1459,4.5,5.9,1.63,74.41,74.45,334.84499999999997,0.021893885575032156,8608.1
850,2.46,1.79,1.66,78.39,78.52,192.8394,0.02114110785263527,1521.5
785,2.15,7.03,0.32,73.62,71.23,158.28300000000002,0.004492488489051173,5518.55
693,4.52,1.68,2.16,76.59,72.29,346.1868,0.029879647270763966,1164.24
823,2.86,10.34,2.33,76.75,78.38,219.505,0.029726967373441264,8509.82
780,2.68,1.9,2.68,75.17,78.6,201.4556,0.0340966877739583,1482.0
910,3.15,7.1,1.62,78.05,71.52,245.8575,0.022651003544322774,6461.0
1394,4.2,1.35,1.09,76.26,70.65,320.29200000000003,0.0154281648367778,1881.9
721,2.34,6.19,1.77,75.83,85.17,177.44219999999999,0.020781963040746382,4462.990000000001
623,2.71,3.78,1.64,74.61,74.58,202.1931,0.021989806651943326,2354.94
636,3.49,6.84,1.71,74.36,76.31,259.51640000000003,0.02240859357769708,4350.24
1171,2.17,4.5,1.43,74.84,70.74,162.4028,0.02021486850228039,5269.5
512,4.77,4.95,3.25,76.43,66.88,364.5711,0.0485944903417329,2534.4
451,2.43,4.68,1.66,75.91,76.32,184.4613,0.02175052125910361,2110.68
552,2.08,4.68,1.42,77.65,80.85,161.51200000000003,0.017563386819618203,2583.3599999999997
781,4.0,3.87,1.56,75.55,70.39,302.2,0.022162235805904842,3022.4700000000003
722,4.23,6.89,3.52,80.62,80.78,341.02260000000007,0.04357513696767307,4974.58
1288,2.78,8.54,1.46,76.4,78.08,212.392,0.018698768096981545,10999.519999999999
972,3.12,7.21,1.34,76.43,66.76,238.46160000000003,0.02007189633434746,7008.12
987,3.19,5.85,1.66,81.56,70.19,260.1764,0.02365008923634574,5773.95
970,4.83,6.29,1.95,83.02,77.03,400.9866,0.025314809124391907,6101.3
602,1.99,14.5,1.67,74.98,79.55,149.21020000000001,0.020993083470385483,8729.0
1213,1.74,6.96,1.82,76.81,93.33,133.6494,0.019500694364010033,8442.48
1511,2.32,7.46,1.46,74.56,79.95,172.9792,0.01826141109926065,11272.06
515,4.24,6.83,3.07,77.19,91.53,327.2856,0.03354091188234329,3517.45
696,4.93,6.5,2.19,84.76,80.02,417.8668,0.027368154540345597,4524.0
714,2.7,14.02,1.08,77.87,78.84,210.24900000000002,0.013698628399463673,10010.279999999999
1014,2.24,6.41,2.38,85.75,87.09,192.08,0.027328048303129137,6499.74
649,4.44,14.88,1.55,74.79,70.08,332.0676000000001,0.02211757675262889,9657.12
584,6.83,8.46,2.9,75.12,76.52,513.0696,0.03789858365151808,4940.64
518,2.32,7.25,1.22,76.32,74.08,177.06239999999997,0.016468680282305578,3755.5
595,3.03,7.77,2.54,76.67,71.99,232.31009999999998,0.035282673248691034,4623.15
718,4.24,6.05,1.24,76.09,79.07,322.62160000000006,0.015682304833400173,4343.9
714,2.02,7.76,4.22,78.09,70.01,157.7418,0.06027709466117773,5540.639999999999
386,3.67,11.08,3.76,76.05,65.38,279.1035,0.05750993308199249,4276.88
432,3.56,8.54,6.04,74.4,74.45,264.86400000000003,0.0811282631123891,3689.2799999999997
894,1.9,7.14,1.34,83.33,85.46,158.327,0.015679848387567474,6383.16
762,3.9,5.71,2.32,76.14,74.28,296.94599999999997,0.031233167577656488,4351.0199999999995
525,2.27,7.55,1.63,76.1,65.48,172.74699999999999,0.024893093327261247,3963.75
668,2.81,7.19,1.19,74.14,80.31,208.3334,0.014817580025204826,4802.92
1108,2.54,15.56,2.89,76.16,82.63,193.44639999999998,0.034975186375991,17240.48
1133,4.12,5.71,1.86,77.43,73.95,319.01160000000004,0.025152126416210084,6469.43
887,0.52,7.79,3.46,77.1,83.34,40.092,0.04151667368410442,6909.7300000000005
519,5.15,7.56,3.0,76.6,70.79,394.49,0.04237886108505988,3923.64
1214,0.83,14.55,2.12,77.72,82.0,64.5076,0.025853655383700564,17663.7
752,4.0,2.95,3.22,76.71,84.3,306.84,0.038196911245918,2218.4
1140,2.92,8.94,2.03,74.44,75.23,217.36479999999997,0.02698391240410575,10191.599999999999
675,2.98,6.74,1.22,74.98,80.96,223.4404,0.01506916809916402,4549.5
843,3.61,3.42,4.03,72.68,88.53,262.3748,0.045521287075422225,2883.06
1404,5.53,8.37,2.1,76.19,77.73,421.3307,0.02701659243321852,11751.48
653,5.15,10.69,4.18,77.08,80.85,396.96200000000005,0.05170067387746767,6980.57
674,2.51,6.07,1.44,76.94,70.92,193.11939999999998,0.020304565664894855,4091.1800000000003
1187,2.54,4.33,1.1,86.36,82.81,219.3544,0.01328341827274263,5139.71
787,4.04,8.29,2.99,76.22,68.2,307.9288,0.043841635800346654,6524.23
527,2.6,6.13,1.18,74.98,76.77,194.948,0.015370585466903026,3230.5099999999998
1451,3.68,2.97,2.74,74.98,86.02,275.9264,0.031853053725522704,4309.47
746,6.06,9.39,2.64,78.05,77.73,472.98299999999995,0.033963716201760426,7004.9400000000005
789,4.7,6.86,1.25,82.56,77.32,388.03200000000004,0.01616657835403798,5412.54
938,3.07,7.41,4.48,76.1,73.25,233.62699999999998,0.06116040120677117,6950.58
702,2.12,4.63,2.35,77.74,72.23,164.8088,0.03253495326942361,3250.2599999999998
540,3.08,4.38,0.98,76.42,79.32,235.3736,0.012355016092408461,2365.2
578,2.92,5.18,5.6,79.47,78.39,232.05239999999998,0.07143767426487124,2994.04
704,4.82,14.02,3.13,73.49,71.22,354.2218,0.043948322950249516,9870.08
613,2.99,4.51,2.26,79.42,79.89,237.46580000000003,0.02828889369271577,2764.6299999999997
1119,2.1,4.03,1.46,75.45,83.11,158.44500000000002,0.017567077660079693,4509.570000000001
999,2.36,6.75,2.48,78.37,69.48,184.9532,0.03569371967563044,6743.25
586,1.82,5.07,2.35,77.07,72.25,140.26739999999998,0.03252594705523224,2971.02
617,2.12,5.68,0.35,75.39,74.92,159.82680000000002,0.004671649136192052,3504.56
637,0.53,6.0,3.17,75.22,81.19,39.8666,0.039044212459143676,3822.0
678,3.26,6.8,1.55,86.02,70.94,280.42519999999996,0.0218494471596494,4610.4
925,1.91,10.19,1.55,75.83,85.38,144.8353,0.01815413233144386,9425.75
511,4.15,15.35,2.54,77.51,69.87,321.66650000000004,0.03635322221937566,7843.849999999999
858,2.11,8.72,2.89,74.56,72.7,157.3216,0.039752401684676524,7481.76
601,4.89,6.89,3.51,83.1,73.68,406.3589999999999,0.047638430016499714,4140.889999999999
804,3.57,10.68,1.35,74.35,82.29,265.42949999999996,0.016405393558707793,8586.72
1177,2.3,6.8,1.37,76.12,79.15,175.076,0.01730890495149653,8003.599999999999
452,2.41,2.95,1.49,75.67,68.96,182.36470000000003,0.02160672540505722,1333.4
670,2.49,7.12,1.28,81.01,77.18,201.71490000000003,0.016584605262424817,4770.4
1331,5.42,8.0,2.56,76.56,87.26,414.9552,0.029337608372953426,10648.0
523,2.66,8.78,2.08,86.4,74.07,229.82400000000004,0.028081540693730162,4591.94
604,3.31,7.52,2.64,75.68,78.45,250.50080000000003,0.03365200335857191,4542.08
936,3.71,6.08,2.06,75.81,70.0,281.2551,0.029428567224490394,5690.88
675,2.99,5.02,1.68,77.09,79.67,230.49910000000003,0.021086981161418203,3388.4999999999995
676,2.71,12.47,1.32,75.71,70.39,205.17409999999998,0.018752661066534868,8429.720000000001
978,1.99,2.72,2.14,74.68,85.29,148.6132,0.025090863513792527,2660.1600000000003
722,2.37,3.75,1.36,78.79,83.2,186.7323,0.01634615188147213,2707.5
395,3.04,4.7,1.38,74.46,75.78,226.3584,0.01821060725645193,1856.5
937,4.01,3.46,2.61,76.76,70.7,307.8076,0.03691654357616073,3242.02
925,3.25,5.38,1.78,75.51,75.19,245.40750000000003,0.023673357670786318,4976.5
898,4.67,4.46,1.95,77.28,86.07,360.8976,0.022655975060302654,4005.08
890,3.09,9.64,2.79,76.4,80.65,236.076,0.0345939200751494,8579.6
493,2.9,8.43,1.94,79.19,81.9,229.65099999999998,0.023687420795186712,4155.99
922,3.05,9.98,1.5,77.26,66.11,235.643,0.022689453533587423,9201.56
726,5.56,5.25,3.05,80.41,74.94,447.07959999999997,0.04069922061659719,3811.5
501,3.89,5.56,4.79,75.44,71.23,293.4616,0.06724693707048475,2785.56
523,5.44,4.9,1.9,76.57,71.08,416.5408,0.026730440808885647,2562.7000000000003
788,2.24,5.18,4.72,76.95,81.53,172.36800000000002,0.05789279309545037,4081.8399999999997
1315,4.25,7.12,3.21,75.84,78.19,322.32,0.04105383795193273,9362.8
693,4.07,5.09,3.49,76.27,73.41,310.4189,0.047541200443917665,3527.37
1210,4.55,6.32,2.39,75.29,83.33,342.5695,0.028681143804014906,7647.200000000001
825,2.27,6.04,2.57,77.04,78.92,174.88080000000002,0.032564618276150745,4983.0
519,4.71,10.64,1.66,77.05,77.01,362.90549999999996,0.02155563932532926,5522.16
665,1.92,4.92,1.47,76.73,71.23,147.3216,0.020637368996578826,3271.7999999999997
430,2.41,4.63,3.03,77.42,88.05,186.58220000000003,0.0344122618498283,1990.8999999999999
895,2.67,6.76,1.35,78.0,79.0,208.26,0.0170886054318221,6050.2
643,3.96,5.83,1.79,84.03,90.66,332.7588,0.019744096652978528,3748.69
663,2.61,11.98,3.13,78.76,83.73,205.5636,0.037382056923198737,7942.740000000001
1272,3.8,6.71,3.51,73.11,83.28,277.818,0.042146969002525334,8535.12
727,1.94,3.29,3.25,75.97,81.58,147.3818,0.039838190752857223,2391.83
782,5.02,8.37,1.84,75.29,86.97,377.9558,0.021156718275644675,6545.339999999999
550,2.26,6.08,1.81,77.11,81.23,174.2686,0.022282405234223163,3344.0
1232,2.02,6.07,2.79,76.12,86.52,153.7624,0.032246875607157235,7478.240000000001
747,5.27,11.02,3.35,78.11,72.87,411.63969999999995,0.045972273092867694,8231.94
630,3.85,5.76,1.27,77.16,81.11,297.066,0.015657746805850473,3628.7999999999997
1259,3.54,4.69,5.66,77.17,83.56,273.1818,0.06773575062999633,5904.710000000001
600,4.98,5.48,1.97,78.48,71.35,390.83040000000005,0.02761036753884127,3288.0000000000005
494,2.56,10.02,2.2,76.74,73.39,196.4544,0.029976831996616434,4949.88
741,2.94,3.35,1.78,76.48,78.16,224.8512,0.02277379442505189,2482.35
534,0.43,6.8,1.43,76.14,85.44,32.7402,0.016736889426862193,3631.2
659,2.62,3.48,1.22,79.49,77.55,208.2638,0.015731783915953073,2293.32
1327,5.09,5.78,2.29,87.54,72.36,445.5786,0.0316473145871594,7670.06
499,2.88,6.43,2.1,76.81,77.44,221.2128,0.027117765093263805,3208.5699999999997
552,2.92,6.31,3.44,75.18,82.03,219.52560000000003,0.04193587200586712,3483.12
707,2.71,5.59,2.08,77.5,63.77,210.025,0.0326172130128253,3952.13
984,3.21,4.71,2.32,82.83,82.04,265.8843,0.028278884900184674,4634.64
992,3.29,7.99,2.66,75.06,67.53,246.94740000000002,0.0393898949518888,7926.08
524,3.7,10.93,2.55,74.53,69.17,275.761,0.03686568788988175,5727.32
798,1.98,8.26,1.2,76.77,76.08,152.00459999999998,0.01577286858926543,6591.48
866,2.94,8.19,5.98,83.21,91.79,244.63739999999999,0.0651487019121144,7092.54
982,5.26,8.32,4.28,76.68,75.51,403.33680000000004,0.05668122676715312,8170.240000000001
551,3.27,5.56,2.28,73.63,70.71,240.77009999999999,0.032244373887091796,3063.56
392,0.0,5.39,1.51,73.66,81.27,0.0,0.01858003954964445,2112.8799999999997
512,2.57,11.51,5.95,75.22,84.69,193.31539999999998,0.0702562203027252,5893.12
929,2.84,4.42,1.68,75.86,75.67,215.4424,0.022201662190873238,4106.18
870,3.6,8.15,2.96,77.52,83.25,279.072,0.035555551284618465,7090.5
842,2.45,9.53,2.39,78.23,85.85,191.66350000000003,0.027839251270908416,8024.259999999999
642,3.07,3.39,2.43,75.52,77.38,231.8464,0.031403459368899024,2176.38
515,2.83,6.58,2.43,75.02,76.84,212.3066,0.031624149970829,3388.7
599,4.18,6.17,1.7,78.42,77.69,327.7956,0.021881835257840744,3695.83
595,4.83,5.91,3.07,76.63,84.57,370.12289999999996,0.036301284580668725,3516.4500000000003
634,3.29,12.54,1.47,84.88,75.48,279.2552,0.019475355130451094,7950.36
705,2.41,6.02,1.86,76.72,86.58,184.89520000000002,0.02148301900173031,4244.099999999999
925,4.99,4.16,1.16,77.88,74.69,388.6212,0.015530858812309704,3848.0
632,2.64,6.13,2.85,87.14,82.32,230.04960000000003,0.03462098704798505,3874.16
789,3.2,8.67,3.29,76.36,87.84,244.352,0.037454458395439615,6840.63
542,2.24,5.89,2.21,76.05,79.24,170.352,0.02788995104871895,3192.3799999999997
565,3.08,16.17,1.51,78.58,77.87,242.0264,0.01939129069072933,9136.050000000001
1077,3.13,11.05,5.04,75.56,77.7,236.5028,0.06486485651674948,11900.85
1137,5.79,14.42,2.57,77.89,74.23,450.9831,0.034622115772313646,16395.54
1418,2.41,3.96,1.37,77.09,72.91,185.78690000000003,0.018790286820698558,5615.28
746,1.87,4.28,1.36,75.61,70.96,141.3907,0.0191657244693173,3192.88
1568,4.01,5.75,2.65,76.02,81.9,304.8402,0.03235652840579628,9016.0
642,3.23,7.4,2.71,77.43,86.63,250.09890000000001,0.03128246204750525,4750.8
837,4.54,4.26,1.9,74.18,87.57,336.77720000000005,0.021696925694081798,3565.62
805,3.81,8.23,1.97,76.88,86.31,292.9128,0.022824699012316183,6625.150000000001
449,3.51,6.79,1.78,78.38,80.92,275.11379999999997,0.021997031389393056,3048.71
1004,3.4,12.69,1.67,80.06,88.0,272.204,0.018977270570764707,12740.76
669,3.81,6.62,3.17,77.11,82.18,293.7891,0.038573857559764224,4428.78
429,3.16,6.39,5.88,83.17,69.02,262.8172,0.08519268542557441,2741.31
588,2.6,4.59,3.55,73.83,78.91,191.958,0.04498795526701872,2698.92
780,4.24,6.16,3.09,76.44,75.87,324.1056,0.040727554932443,4804.8
1320,2.79,11.22,1.34,77.31,72.28,215.69490000000002,0.018539012377004376,14810.400000000001
815,3.07,7.35,2.03,76.87,66.46,235.9909,0.03054468393850678,5990.25
549,0.44,6.91,2.9,72.89,92.37,32.071600000000004,0.03139547132234802,3793.59
803,3.05,7.64,1.33,76.6,72.64,233.62999999999997,0.01830946884506211,6134.92
1488,4.95,7.26,5.7,74.31,74.01,367.83450000000005,0.07701660896951641,10802.88
680,4.83,0.65,1.45,76.09,83.53,367.5147,0.017359030604689258,442.0
612,3.33,8.37,2.84,75.58,67.57,251.6814,0.0420304806821843,5122.44
659,4.74,13.29,2.56,76.98,80.53,364.88520000000005,0.03178939130890459,8758.109999999999
593,2.8,5.76,1.73,76.64,83.51,214.59199999999998,0.020716079425688008,3415.68
589,2.74,12.38,1.61,74.29,64.53,203.55460000000002,0.02494963196193523,7291.820000000001
741,4.38,7.93,3.46,74.88,73.19,327.97439999999995,0.0472742113302075,5876.13
653,2.54,4.45,3.34,76.98,80.41,195.5292,0.04153711708281096,2905.85
925,1.77,6.03,2.48,77.57,89.22,137.2989,0.027796455077734244,5577.75
746,4.57,3.17,2.72,76.02,87.73,347.4114,0.031004213951417538,2364.82
860,3.75,7.7,1.97,89.29,89.1,334.83750000000003,0.0221099862951755,6622.0
503,2.03,5.41,1.12,76.49,69.21,155.27469999999997,0.016182630229355552,2721.23
521,2.89,6.87,1.76,74.98,82.83,216.6922,0.021248337408144705,3579.27
733,3.22,4.94,1.84,77.12,70.78,248.32640000000004,0.025996040407454023,3621.0200000000004
1342,2.42,5.19,3.22,74.36,75.66,179.9512,0.0425588101296841,6964.9800000000005
817,0.33,5.22,2.9,76.32,78.76,25.185599999999997,0.03682071650321019,4264.74
716,2.32,5.3,2.95,77.45,72.01,179.684,0.0409665267370467,3794.7999999999997
491,4.37,6.03,1.74,86.04,71.85,375.99480000000005,0.02421711562740214,2960.73
561,3.87,5.62,1.64,76.86,76.22,297.4482,0.021516659470393665,3152.82
569,2.4,1.94,4.97,77.05,76.86,184.92,0.0646630152663264,1103.86
686,3.88,7.68,2.2,75.16,68.3,291.6208,0.032210829837360205,5268.48
590,2.73,8.26,1.69,74.07,78.81,202.2111,0.02144397646948655,4873.4
1204,4.95,5.33,3.72,75.86,81.87,375.507,0.04543788378674926,6417.32
858,3.36,6.63,1.22,77.03,84.15,258.8208,0.014497918657407169,5688.54
488,3.99,6.96,4.23,77.29,72.64,308.38710000000003,0.05823237083805468,3396.48
1192,5.38,4.03,1.42,78.44,84.75,422.00719999999995,0.016755160264877843,4803.76
444,3.92,4.67,4.39,81.46,75.95,319.3232,0.05780117737970014,2073.48
921,4.93,10.75,3.66,76.77,83.56,378.4761,0.043800856414449925,9900.75
625,3.48,10.76,1.93,77.43,81.31,269.45640000000003,0.023736314876852183,6725.0
377,1.87,5.15,1.71,77.87,77.53,145.61690000000002,0.02205597548613756,1941.5500000000002
769,3.54,10.66,3.0,78.01,83.02,276.15540000000004,0.03613586652181806,8197.54
471,5.01,5.21,5.4,77.37,71.5,387.6237,0.07552446496161329,2453.91
1211,4.68,5.88,2.97,74.84,79.78,350.2512,0.03722737061577205,7120.68
844,2.11,8.12,1.31,78.22,85.75,165.0442,0.015276966148458759,6853.28
609,1.82,14.61,3.15,74.84,77.91,136.20880000000002,0.040431261656878235,8897.49
851,2.45,5.03,2.81,77.09,70.87,188.87050000000002,0.03965005790178384,4280.530000000001
612,2.5,7.1,3.36,75.12,71.85,187.8,0.0467640853494662,4345.2
1271,0.49,4.34,1.13,76.88,68.97,37.6712,0.016383932668706296,5516.139999999999
635,2.94,4.86,2.59,82.5,78.94,242.54999999999998,0.032809724751745026,3086.1000000000004
739,2.33,7.28,1.4,81.65,75.76,190.24450000000002,0.018479406219719344,5379.92
579,2.55,5.47,2.84,85.06,68.53,216.903,0.04144169831581813,3167.1299999999997
635,5.63,7.07,1.57,76.08,74.84,428.3304,0.020978083781656363,4489.45
930,2.26,1.8,1.28,77.59,84.76,175.3534,0.015101461172550592,1674.0
760,3.99,4.66,2.96,83.2,74.54,331.968,0.0397102173718517,3541.6
529,2.48,6.98,5.51,80.45,81.25,199.51600000000002,0.06781537626887676,3692.42
1035,2.9,5.53,2.15,75.83,75.08,219.90699999999998,0.02863611765635087,5723.55
830,3.11,8.38,1.88,75.85,84.37,235.89349999999996,0.022282799302738018,6955.400000000001
1096,2.66,4.65,4.55,75.92,80.45,201.9472,0.056556860589576055,5096.400000000001
634,3.09,1.36,1.89,77.97,74.96,240.92729999999997,0.02521344380823855,862.24
519,1.89,4.11,3.19,82.66,76.86,156.2274,0.04150402790736041,2133.09
650,2.04,7.69,2.02,84.81,77.51,173.0124,0.02606115003726615,4998.5
697,3.87,1.69,1.47,78.23,79.87,302.75010000000003,0.01840490567110233,1177.93
466,3.09,3.83,1.26,77.13,82.52,238.33169999999998,0.015269023840399437,1784.78
480,5.01,7.79,1.14,77.4,69.77,387.774,0.016339398546739492,3739.2
560,3.92,6.49,3.56,86.65,89.58,339.668,0.03974100918274066,3634.4
534,2.59,6.99,1.32,77.6,71.86,200.98399999999998,0.018369048376141332,3732.6600000000003
750,2.68,7.57,3.5,75.44,77.23,202.1792,0.04531917061774302,5677.5
1046,3.53,5.98,2.38,76.93,68.22,271.5629,0.03488712476002275,6255.080000000001
918,5.97,13.74,1.95,76.86,78.06,458.8542,0.024980780812095718,12613.32
940,1.94,5.61,5.55,83.76,80.16,162.4944,0.06923651830881758,5273.400000000001
665,4.33,5.81,4.76,77.03,76.31,333.5399,0.06237713767826789,3863.6499999999996
1123,2.58,7.78,2.12,77.95,81.76,201.11100000000002,0.025929546730730585,8736.94
645,3.9,9.63,1.93,77.68,75.24,302.952,0.02565124592620336,6211.35
1033,2.31,11.6,2.49,76.94,70.76,177.7314,0.03518936755379203,11982.8
1106,1.99,7.14,1.36,77.68,78.2,154.5832,0.017391302123874408,7896.839999999999
1127,3.97,5.67,1.08,76.57,75.45,303.9829,0.01431411341098563,6390.09
694,3.07,6.21,2.06,77.6,78.52,238.23199999999997,0.026235350708691964,4309.74
1552,1.95,5.01,3.14,75.36,81.37,146.952,0.03858915588187835,7775.5199999999995
430,3.22,10.52,1.61,76.79,63.8,247.26380000000003,0.02523510576252261,4523.599999999999
907,2.21,4.2,1.94,87.45,85.97,193.2645,0.022566008774455183,3809.4
625,2.47,7.75,2.0,80.62,73.36,199.1314,0.027262809806051006,4843.75
1158,4.1,6.87,2.11,76.1,87.88,312.00999999999993,0.024010010922848095,7955.46
772,4.25,6.21,1.38,75.14,85.95,319.345,0.016055844554293826,4794.12
454,2.33,10.4,1.6,75.13,67.31,175.0529,0.023770610047450593,4721.6
545,2.06,5.19,1.36,75.49,71.31,155.5094,0.01907165627939191,2828.55
673,3.73,4.04,1.3,75.43,75.17,281.3539,0.017294130997188906,2718.92
1331,2.31,6.93,1.47,77.09,83.26,178.0779,0.017655534751917515,9223.83
485,2.28,7.98,2.44,76.03,86.7,173.3484,0.028143018668625296,3870.3
1059,3.57,5.79,1.61,75.97,86.03,271.2129,0.018714399777473002,6131.61
1170,4.53,6.53,2.42,77.24,75.3,349.8972,0.032138109941818066,7640.1
868,3.62,1.43,2.15,86.57,87.11,313.3834,0.024681434429866325,1241.24
679,3.67,4.04,1.22,76.28,73.36,279.9476,0.016630313981691115,2743.16
478,3.45,11.97,1.84,78.2,76.93,269.79,0.02391784428469462,5721.66
1185,3.1,3.6,2.29,76.42,78.39,236.90200000000002,0.029212906083313422,4266.0
1112,2.58,3.57,1.19,75.46,74.78,194.68679999999998,0.01591334368636752,3969.8399999999997
1045,2.42,5.79,2.86,77.29,75.9,187.04180000000002,0.037681154455710866,6050.55
585,4.36,4.11,3.03,75.27,77.52,328.1772,0.03908668226435987,2404.3500000000004
1052,2.23,11.7,1.39,74.65,76.03,166.4695,0.018282254599203653,12308.4
673,3.89,11.94,1.84,74.03,76.05,287.9767,0.024194605628585716,8035.62
774,4.85,8.88,1.61,76.99,77.06,373.40149999999994,0.020892808085542683,6873.120000000001
401,1.65,6.85,3.4,75.74,89.4,124.97099999999999,0.03803131565645238,2746.85
680,3.76,2.89,1.69,80.77,69.54,303.69519999999994,0.02430255618312393,1965.2
1244,4.24,15.71,3.18,78.8,75.1,334.112,0.042343536305787445,19543.24
594,4.73,2.44,1.34,75.56,74.19,357.39880000000005,0.018061730952725306,1449.36
726,5.08,6.72,2.78,76.16,74.19,386.89279999999997,0.03747135227505698,4878.72
1358,3.55,13.22,2.71,81.55,90.5,289.5025,0.029944748072403528,17952.760000000002
598,2.87,4.7,2.77,76.6,76.11,219.84199999999998,0.036394687111458796,2810.6
1276,5.48,5.35,2.47,76.53,77.49,419.3844,0.0318750765421246,6826.599999999999
667,3.18,8.72,2.05,80.42,79.19,255.7356,0.025887103688962784,5816.240000000001
418,2.03,5.55,2.04,74.88,85.35,152.00639999999999,0.023901578921900538,2319.9
513,2.34,6.25,0.92,79.84,71.69,186.8256,0.012833029316079048,3206.25
728,4.23,13.04,1.24,78.51,78.55,332.0973000000001,0.01578612147853323,9493.119999999999
645,3.64,4.31,2.23,75.11,81.98,273.4004,0.027201753207885676,2779.95
1155,2.13,9.5,2.09,77.15,68.67,164.3295,0.030435411324390368,10972.5
501,2.88,6.56,2.27,77.08,83.31,221.9904,0.027247626065583234,3286.56
856,4.99,5.94,3.85,85.18,80.53,425.04820000000007,0.0478082642731573,5084.64
1148,3.85,5.87,0.86,77.21,79.6,297.25849999999997,0.010804018743213725,6738.76
602,4.08,4.19,2.03,75.32,72.77,307.30559999999997,0.02789610720130449,2522.38
558,4.19,8.36,2.29,75.24,82.11,315.2556,0.027889413239628152,4664.88
1509,2.52,7.68,2.11,73.92,76.31,186.2784,0.027650369853181773,11589.119999999999
626,2.57,10.67,2.31,78.05,76.39,200.58849999999998,0.030239556193277103,6679.42
1666,5.61,9.34,1.14,76.59,73.49,429.66990000000004,0.015512312489820044,15560.44
658,3.72,2.85,5.62,76.22,71.13,283.5384,0.07901025179105135,1875.3
797,2.09,3.04,2.13,77.98,80.88,162.9782,0.026335308316603818,2422.88
785,4.63,5.94,2.79,76.66,82.32,354.9358,0.03389212416276432,4662.900000000001
1146,2.19,1.6,2.08,77.8,88.23,170.38199999999998,0.023574745146237655,1833.6000000000001
736,2.52,4.28,1.55,77.37,77.5,194.97240000000002,0.01999999741935517,3150.0800000000004
1072,2.17,6.84,2.48,75.73,75.51,164.3341,0.0328433276594719,7332.48
881,4.59,4.55,1.84,75.95,75.29,348.6105,0.024438833252910973,4008.5499999999997
876,2.65,7.8,1.46,75.97,80.55,201.32049999999998,0.018125385707587125,6832.8
491,3.23,4.91,1.23,77.97,78.8,251.8431,0.015609135074982858,2410.81
1008,3.7,5.03,1.07,77.55,71.29,286.935,0.015009115582954749,5070.240000000001
609,3.03,6.84,1.07,73.71,83.19,223.34129999999996,0.012862121305190372,4165.5599999999995
854,3.11,5.41,0.82,77.29,80.33,240.3719,0.010207891172925285,4620.14
992,3.2,5.91,2.48,83.2,70.5,266.24,0.03517729997485106,5862.72
508,3.36,5.73,2.56,78.53,81.75,263.8608,0.03131498087890142,2910.84
976,4.62,7.89,3.38,75.14,89.74,347.1468,0.03766435952035218,7700.639999999999
509,5.18,7.33,6.71,76.87,72.6,398.1866,0.09242422969363227,3730.9700000000003
228,1.96,5.51,1.92,75.75,67.99,148.47,0.028239442824026646,1256.28
528,4.7,7.17,1.86,76.81,71.65,361.007,0.02595952184793833,3785.7599999999998
1321,3.43,8.13,1.95,78.14,76.88,268.0202,0.025364200655020725,10739.730000000001
617,3.26,5.36,2.95,75.24,73.3,245.28239999999997,0.040245560675912596,3307.1200000000003
603,4.06,5.36,1.88,77.26,82.0,313.6756,0.022926826472338232,3232.0800000000004
442,2.91,10.85,1.34,86.29,71.26,251.10390000000004,0.0188043756940253,4795.7
511,4.41,5.19,1.74,75.39,85.88,332.4699,0.020260826704607975,2652.09
719,2.42,4.93,2.76,75.22,77.1,182.0324,0.035797660726632846,3544.6699999999996
526,2.25,7.53,3.1,75.12,82.48,169.02,0.037584864502320015,3960.78
566,3.93,5.35,2.74,73.26,78.94,287.9118,0.034709901860919455,3028.1
616,2.93,7.4,3.8,76.49,71.73,224.1157,0.052976432040090324,4558.400000000001
1381,4.14,5.38,2.28,85.2,71.91,352.728,0.03170629513192948,7429.78
851,2.83,7.4,2.37,76.24,85.04,215.7592,0.02786923472845311,6297.400000000001
488,4.09,7.07,3.46,82.19,74.3,336.15709999999996,0.04656796143096078,3450.1600000000003
1183,2.83,9.13,3.02,74.29,72.85,210.24070000000003,0.041455038921751695,10800.79
469,2.35,4.81,2.63,76.85,89.32,180.5975,0.029444689941257284,2255.89
619,3.74,4.67,2.19,77.82,82.77,291.0468,0.026458858709815306,2890.73
1485,2.5,6.53,1.1,76.44,68.74,191.1,0.016002325283339357,9697.050000000001
550,3.64,7.1,2.62,86.44,73.35,314.6416,0.03571914986787323,3905.0
518,2.65,8.27,2.92,76.62,80.4,203.043,0.03631840344298464,4283.86
499,3.94,4.6,1.58,81.06,74.47,319.3764,0.021216594438486044,2295.3999999999996
1478,2.51,2.4,2.71,76.63,74.59,192.34129999999996,0.03633194311141666,3547.2
870,3.91,5.69,1.58,83.29,77.04,325.6639,0.020508823921492222,4950.3
504,3.94,7.16,3.66,74.41,67.06,293.17539999999997,0.054577981721147965,3608.64
494,4.43,6.22,1.35,76.94,75.63,340.84419999999994,0.017850057140016248,3072.68
821,5.27,5.69,1.34,76.3,73.92,402.10099999999994,0.01812770317536483,4671.490000000001
694,2.87,4.83,2.0,76.83,74.89,220.5021,0.02670583165898896,3352.02
830,2.0,3.57,1.44,78.2,75.5,156.4,0.019072845155914547,2963.1
934,4.44,12.61,3.2,74.31,73.45,329.93640000000005,0.04356704648508557,11777.74
940,2.88,7.51,3.09,76.01,66.63,218.9088,0.04637549956843771,7059.4
451,4.08,3.4,3.66,76.01,85.67,310.12080000000003,0.04272206808426893,1533.3999999999999
1555,3.46,3.7,1.86,78.04,74.25,270.01840000000004,0.025050501676700112,5753.5
1220,2.38,4.81,2.39,77.4,80.22,184.21200000000002,0.02979306534616488,5868.2
977,4.1,6.89,1.55,76.24,70.13,312.58399999999995,0.02210180777102413,6731.53
745,3.05,5.36,1.38,76.25,82.61,232.5625,0.016704997372594434,3993.2000000000003
659,4.47,4.82,0.69,74.49,83.79,332.97029999999995,0.008234871913728138,3176.38
867,3.69,4.97,3.89,75.4,74.0,278.226,0.05256756046384318,4308.99
626,2.25,3.75,3.15,75.88,84.57,170.73,0.03724724639384576,2347.5
797,2.67,3.34,1.49,84.02,84.19,224.33339999999998,0.017698061800919134,2661.98
529,2.53,4.88,2.57,78.08,86.57,197.5424,0.029686955101426,2581.52
905,3.61,2.5,3.18,77.06,85.55,278.1866,0.03717124054105897,2262.5
797,4.0,4.95,1.77,78.51,80.89,314.04,0.021881564855783797,3945.15
757,2.71,5.71,2.79,77.54,77.37,210.13340000000002,0.03606048390067417,4322.47
932,3.53,6.1,1.81,76.41,77.66,269.72729999999996,0.02330671860588223,5685.2
709,3.73,0.7,3.27,77.82,77.59,290.2686,0.042144600831988545,496.29999999999995
521,2.83,8.89,1.89,82.1,74.44,232.343,0.025389572086301437,4631.6900000000005
1487,4.72,6.81,2.76,82.26,72.57,388.2672,0.038032239488460864,10126.47
470,2.19,8.77,2.99,76.22,87.22,166.9218,0.03428112425118961,4121.9
870,2.47,7.62,2.56,74.19,75.0,183.2493,0.034133328782222826,6629.400000000001
562,3.19,8.51,3.41,76.87,72.91,245.2153,0.046769983984366485,4782.62
935,3.67,6.38,1.42,76.71,65.54,281.5257,0.021666154765615685,5965.3
1245,3.54,5.58,1.31,80.26,85.47,284.1204,0.01532701353375295,6947.1
855,4.54,4.26,2.16,76.54,71.55,347.4916,0.03018867502604123,3642.2999999999997
463,4.2,7.79,2.17,76.23,78.6,320.16600000000005,0.027608138981152802,3606.77
975,1.89,5.56,2.42,75.49,86.11,142.6761,0.028103585169714878,5421.0
706,2.27,3.71,3.31,78.39,78.11,177.9453,0.04237613079296751,2619.2599999999998
905,3.98,5.12,0.82,78.41,79.1,312.0718,0.010366623215344727,4633.6
1082,3.09,10.54,4.57,83.67,86.07,258.5403,0.053096310782350324,11404.279999999999
1203,4.47,3.57,2.65,81.59,78.7,364.7073,0.033672168529584684,4294.71
534,3.43,8.42,1.57,74.82,71.78,256.63259999999997,0.02187238480462736,4496.28
886,3.75,6.17,1.99,76.69,75.11,287.5875,0.026494471242914226,5466.62
679,3.62,7.13,3.09,77.13,76.36,279.2106,0.04046620737739557,4841.2699999999995
923,2.94,5.74,6.22,88.4,68.77,259.896,0.09044640243617821,5298.02
1076,2.7,11.93,1.31,76.64,82.84,206.92800000000003,0.015813614701398516,12836.68
685,2.66,9.22,1.51,75.54,80.95,200.93640000000002,0.018653487504201666,6315.700000000001
714,4.41,10.4,2.35,74.95,84.61,330.52950000000004,0.027774491457925606,7425.6
423,0.71,4.83,3.61,75.72,83.25,53.761199999999995,0.04336335815455157,2043.09
1144,2.0,7.98,2.88,76.06,82.57,152.12,0.034879491960822094,9129.12
1009,3.92,4.5,1.77,75.54,86.75,296.1168,0.0204034558612731,4540.5
537,3.54,15.87,5.45,75.6,80.3,267.62399999999997,0.06787047722659063,8522.189999999999
892,4.82,3.91,3.09,75.47,78.53,363.7654,0.03934801485444863,3487.7200000000003
605,2.62,6.58,2.21,73.42,69.32,192.3604,0.03188112638760439,3980.9
589,4.77,4.61,2.23,77.5,75.72,369.67499999999995,0.02945060361191183,2715.29
683,2.37,4.66,1.65,76.1,78.43,180.357,0.021037865480318052,3182.78
798,3.63,8.27,2.68,77.82,87.58,282.48659999999995,0.030600590248847884,6599.46
575,3.54,6.74,1.16,77.16,86.88,273.14639999999997,0.013351748002791436,3875.5
567,2.9,0.94,1.92,78.34,85.12,227.186,0.02255638832749197,532.98
592,2.47,10.15,1.1,74.99,63.24,185.2253,0.01739405164546938,6008.8
1067,4.43,4.11,2.6,77.35,77.04,342.66049999999996,0.03374869759232897,4385.37
715,3.39,6.98,3.13,76.87,87.9,260.58930000000004,0.035608642137810904,4990.700000000001
420,4.08,9.18,1.48,81.32,77.09,331.7856,0.019198337112681655,3855.6
604,2.45,6.77,3.17,76.87,88.84,188.33150000000003,0.035682121152395184,4089.08
882,2.57,6.07,2.76,85.91,84.38,220.78869999999998,0.032709168913348075,5353.740000000001
740,2.89,5.79,3.25,77.52,71.85,224.0328,0.045233118269572964,4284.6
1146,3.11,5.77,1.18,75.9,76.75,236.049,0.015374590830672203,6612.419999999999
596,3.13,5.78,1.78,73.32,66.11,229.49159999999998,0.02692481819319041,3444.88
644,3.38,6.33,2.77,73.86,66.72,249.64679999999998,0.041516780348204385,4076.52
675,2.49,7.34,2.1,80.16,75.71,199.5984,0.027737415435554694,4954.5
794,2.1,2.61,3.48,75.87,85.14,159.32700000000003,0.04087385002656213,2072.3399999999997
727,3.23,9.37,1.82,76.99,83.49,248.6777,0.021799015235475477,6811.99
1099,3.7,4.86,2.19,83.2,70.88,307.84000000000003,0.030897286837290233,5341.14
649,4.28,5.3,2.4,73.49,73.08,314.5372,0.03284071800209113,3439.7
996,4.9,11.87,4.2,76.63,76.05,375.487,0.05522681719568479,11822.519999999999
697,3.81,1.63,0.79,78.63,86.73,299.58029999999997,0.009108727186818034,1136.11
1050,3.44,5.18,1.98,74.59,86.84,256.5896,0.022800550115090957,5439.0
487,4.96,2.86,1.55,75.12,85.15,372.59520000000003,0.01820316873714988,1392.82
671,4.93,5.55,1.48,75.67,86.11,373.0531,0.01718731655007356,3724.0499999999997
398,3.73,5.34,1.32,75.1,85.74,280.123,0.015395379589995383,2125.32
605,3.89,5.3,5.03,86.7,72.1,337.26300000000003,0.0697642066901239,3206.5
520,4.23,2.38,2.78,77.68,85.79,328.5864000000001,0.03240470539635092,1237.6
777,3.97,7.27,1.84,74.27,78.41,294.8519,0.023466391599746002,5648.79
592,3.75,3.93,1.3,78.03,81.54,292.6125,0.015943093458045933,2326.56
657,2.68,18.16,1.92,77.17,69.49,206.81560000000002,0.02762987082603672,11931.12
983,3.14,3.1,2.1,75.63,75.7,237.4782,0.027741079558642065,3047.3
546,3.86,6.44,1.6,76.88,79.31,296.7568,0.02017399821283593,3516.2400000000002
468,2.78,6.0,1.7,78.17,78.14,217.3126,0.02175582009779625,2808.0
891,4.34,7.04,3.35,87.99,69.97,381.87659999999994,0.04787765501248321,6272.64
906,1.16,5.78,1.49,85.15,74.45,98.774,0.020013429145274795,5236.68
891,4.51,15.54,0.77,80.15,81.82,361.4765,0.009410900829760349,13846.14
844,2.86,5.36,1.81,76.36,73.19,218.3896,0.024730151013779067,4523.84
766,2.73,6.53,1.15,74.01,78.03,202.0473,0.014737919423565367,5001.9800000000005
837,4.95,6.14,1.47,79.49,88.8,393.4755,0.016554052189858986,5139.179999999999
831,2.75,5.34,2.58,76.08,82.43,209.22,0.031299280444100394,4437.54
426,4.34,5.63,4.16,79.63,86.74,345.59419999999994,0.047959413424093454,2398.38
1058,0.58,5.74,2.24,81.92,79.07,47.5136,0.0283293248603358,6072.92
1437,1.87,3.85,3.77,77.53,79.76,144.9811,0.04726679447507592,5532.45
734,2.65,4.58,2.9,77.4,87.05,205.11,0.03331418342169059,3361.7200000000003
719,4.16,3.67,2.71,75.77,75.86,315.2032,0.03572369684633577,2638.73
1499,3.08,6.53,2.54,78.28,74.56,241.10240000000002,0.03406651903614283,9788.470000000001
1117,2.77,1.85,1.43,85.0,71.37,235.45,0.020036427065093586,2066.4500000000003
700,3.95,4.54,1.66,77.46,81.83,305.967,0.02028595621581862,3178.0
738,2.92,10.31,2.8,75.57,79.64,220.66439999999997,0.03515820753915023,7608.780000000001
739,2.37,5.57,2.29,77.43,83.05,183.50910000000002,0.02757374743242054,4116.2300000000005
647,3.87,10.32,0.92,76.86,75.06,297.4482,0.012256859544782901,6677.04
1276,5.01,9.78,2.9,76.28,80.89,382.1628,0.03585115145862882,12479.279999999999
1162,2.82,7.13,1.78,74.76,70.12,210.8232,0.02538505057258263,8285.06
441,3.85,8.32,2.98,78.19,71.8,301.0315,0.04150417249245508,3669.1200000000003
787,2.73,7.06,1.45,76.25,74.23,208.1625,0.01953387854858163,5556.219999999999
915,3.64,4.91,2.97,77.01,80.35,280.31640000000004,0.036963281025105044,4492.650000000001
700,1.96,7.24,2.91,73.8,77.79,144.648,0.03740840244139318,5068.0
502,5.17,5.96,3.38,75.5,84.68,390.335,0.03991496930621524,2991.92
775,2.03,7.6,1.42,75.6,88.21,153.46799999999996,0.016097946253492094,5890.0
853,3.76,4.47,2.83,86.14,73.07,323.8864,0.038729979645548154,3812.91
1132,3.82,10.43,1.55,81.7,80.11,312.094,0.01934839354033285,11806.76
589,2.51,12.5,3.0,74.39,79.83,186.7189,0.03757985248905769,7362.5
799,2.92,4.74,2.41,77.82,81.0,227.23439999999997,0.029753082746532995,3787.26
526,4.47,14.2,3.11,83.58,76.82,373.6026,0.04048424362350382,7469.2
1189,2.2,4.17,0.95,77.74,69.52,171.028,0.013665130370378255,4958.13
534,4.89,14.05,3.14,80.93,77.75,395.7477,0.04038584689571101,7502.700000000001
828,2.02,10.5,2.87,75.49,70.13,152.4898,0.040923992453444684,8694.0
754,2.74,3.85,3.35,77.55,85.24,212.487,0.03930079313693183,2902.9
838,3.0,12.22,1.98,74.88,86.56,224.64,0.022874304196591474,10240.36
962,3.38,4.39,1.93,73.47,73.14,248.3286,0.026387745913625114,4223.179999999999
566,3.52,8.59,2.07,76.67,72.65,269.8784,0.02849276964999729,4861.94
895,3.58,6.14,1.91,76.29,84.26,273.1182,0.02266792989936744,5495.299999999999
796,3.53,6.92,2.38,75.32,74.13,265.8796,0.0321057558200788,5508.32
846,3.97,4.89,2.17,78.27,87.77,310.7319,0.0247237068789214,4136.94
465,3.85,5.42,2.03,75.47,70.97,290.5595,0.028603631308492132,2520.3
779,3.46,4.02,2.83,75.77,82.32,262.1642,0.03437803275291147,3131.5799999999995
815,4.14,5.79,1.28,76.03,76.78,314.76419999999996,0.016671005903750206,4718.85
1007,3.92,3.89,1.69,82.34,68.56,322.7728,0.024649938061560957,3917.23
1018,2.4,5.32,1.57,76.82,84.87,184.36799999999997,0.018498878461308065,5415.76
750,2.35,8.44,2.37,77.69,79.64,182.57150000000001,0.02975891138135216,6330.0
801,4.13,9.58,2.48,74.36,81.54,307.10679999999996,0.030414516750733776,7673.58
780,4.5,5.65,5.81,76.57,84.81,344.56499999999994,0.0685060643195302,4407.0
944,2.77,5.5,1.47,84.32,79.14,233.5664,0.018574675439136285,5192.0
498,1.89,12.09,3.25,75.48,91.18,142.6572,0.03564377762187128,6020.82
770,5.32,3.69,1.91,74.69,86.7,397.3508,0.022029985925030457,2841.3
1020,3.13,6.01,2.89,76.63,73.88,239.85189999999997,0.03911748252335104,6130.2
918,2.45,6.6,0.89,76.53,71.99,187.4985,0.012362826453281505,6058.799999999999
503,3.34,5.11,1.62,75.87,76.43,253.4058,0.021195862724602547,2570.3300000000004
492,3.8,4.14,1.87,76.57,73.7,290.96599999999995,0.025373130885599608,2036.8799999999999
462,4.01,5.71,1.31,76.04,72.43,304.92040000000003,0.018086425778486015,2638.02
610,2.41,16.37,2.59,76.39,74.79,184.09990000000002,0.03463029353786688,9985.7
999,4.23,4.76,1.34,82.33,77.64,348.25590000000005,0.01725914254776629,4755.24
722,4.69,3.61,3.21,78.15,69.72,366.52350000000007,0.0460413014857571,2606.42
643,4.9,6.79,2.66,77.0,84.87,377.3,0.03134204885801239,4365.97
1328,5.23,6.66,2.34,77.78,78.91,406.78940000000006,0.02965403248586586,8844.48
996,3.49,7.76,2.09,75.96,71.51,265.1004,0.029226677495919798,7728.96
537,4.48,8.44,2.34,75.45,78.58,338.016,0.029778565821002058,4532.28
610,3.95,6.63,1.28,77.76,73.15,307.15200000000004,0.017498288790391142,4044.2999999999997
932,2.38,4.65,0.91,88.7,83.2,211.106,0.010937498685396792,4333.8
779,1.8,8.49,5.56,78.59,92.06,141.46200000000002,0.06039538774762244,6613.71
994,3.51,11.21,2.42,81.7,75.98,286.767,0.03185048277829918,11142.740000000002
1069,5.43,4.56,2.21,76.84,75.84,417.2412,0.02914029151631177,4874.639999999999
675,3.18,7.77,1.96,75.89,79.2,241.33020000000002,0.024747471622793983,5244.75
1363,3.68,4.38,5.05,84.85,89.78,312.248,0.056248601442570566,5969.94
676,3.32,4.57,1.63,76.38,81.41,253.58159999999998,0.02002210784644296,3089.32
770,2.26,9.43,1.54,75.8,77.41,171.30799999999996,0.01989406796356182,7261.099999999999
698,3.06,5.81,1.87,75.31,81.89,230.4486,0.0228355082628516,4055.3799999999997
761,2.57,7.26,1.49,77.06,83.63,198.0442,0.01781657086971531,5524.86
579,2.39,0.75,2.1,83.29,78.74,199.06310000000002,0.026670049953003563,434.25
745,2.46,4.42,1.93,78.02,78.58,191.92919999999998,0.024560953860911953,3292.9
606,3.13,3.7,2.58,76.01,78.11,237.9113,0.0330303375969354,2242.2000000000003
558,2.87,5.76,2.28,84.08,73.35,241.30960000000002,0.031083840343034717,3214.08
634,2.22,2.99,2.57,86.67,85.28,192.40740000000002,0.030136018980297958,1895.66
896,3.48,6.64,2.43,75.94,80.7,264.27119999999996,0.03011152043227752,5949.44
1135,1.97,4.97,5.06,77.37,79.88,152.4189,0.0633450095962682,5640.95
734,2.46,3.23,2.17,77.32,81.03,190.20719999999997,0.026780201557422983,2370.82
375,4.27,5.73,1.61,82.33,72.57,351.54909999999995,0.022185473034935507,2148.75
643,2.1,9.99,2.69,78.96,85.83,165.816,0.03134101930082497,6423.57
1025,3.23,6.21,1.53,75.59,82.18,244.1557,0.01861766626701554,6365.25
1270,1.8,4.83,3.39,75.11,80.64,135.198,0.042038685263059865,6134.1
530,2.23,5.43,1.05,76.74,77.01,171.13019999999997,0.013634591139515498,2877.8999999999996
729,2.54,0.44,2.23,76.45,88.79,194.18300000000002,0.02511543809939879,320.76
453,4.16,5.01,2.8,77.47,64.64,322.2752,0.04331682498192682,2269.5299999999997
579,1.83,5.02,2.95,80.0,80.09,146.4,0.0368335576434564,2906.58
1020,4.86,7.81,2.91,75.29,84.48,365.90940000000006,0.03444601864985575,7966.2
669,2.94,12.81,1.73,75.77,74.17,222.76379999999997,0.023324791246488976,8569.890000000001
582,2.7,7.48,2.6,76.27,80.83,205.929,0.03216627091843735,4353.360000000001
419,4.51,4.69,2.38,77.13,83.35,347.8563,0.028554285716342446,1965.1100000000001
774,2.83,11.69,2.18,75.45,72.56,213.5235,0.030044097292709855,9048.06
411,4.62,5.55,2.75,75.43,87.0,348.48660000000007,0.031609191769058416,2281.0499999999997
390,3.81,5.45,2.54,84.04,81.9,320.1924,0.03101342722668776,2125.5
764,4.4,4.31,1.5,86.72,76.15,381.56800000000004,0.01969796195693211,3292.8399999999997
818,2.7,6.12,6.49,75.69,75.74,204.363,0.08568786827464112,5006.16
977,3.22,4.69,2.71,83.65,72.7,269.353,0.03727647355206691,4582.13
724,3.03,7.65,1.82,77.34,78.03,234.34019999999998,0.02332435943555563,5538.6
821,2.34,9.43,3.83,77.4,75.21,181.116,0.05092407247386352,7742.03
812,2.28,4.13,1.01,77.91,81.55,177.63479999999998,0.012385038334146127,3353.56
1047,4.12,2.01,2.93,77.11,67.87,317.6932,0.04317076128322362,2104.47
596,2.55,6.33,1.89,76.0,87.69,193.79999999999998,0.021553196310503328,3772.68
993,4.31,7.95,1.9,74.65,65.76,321.7415,0.028892939645234234,7894.35
567,3.07,8.55,2.93,75.34,76.0,231.2938,0.03855262650623335,4847.85
822,3.04,5.45,1.39,82.22,77.51,249.9488,0.017933167599900966,4479.900000000001
1470,2.96,7.95,4.79,87.44,78.91,258.8224,0.06070205795183653,11686.5
684,2.66,9.01,3.05,76.48,70.25,203.43680000000003,0.04341636392649623,6162.84
758,3.72,6.99,1.24,76.52,78.77,284.6544,0.015742031770720862,5298.42
898,2.92,1.68,2.24,74.81,79.69,218.4452,0.028108918545749966,1508.6399999999999
635,2.04,6.84,1.36,76.01,81.07,155.06040000000002,0.016775623932943885,4343.4
516,2.49,4.66,3.16,77.22,80.16,192.2778,0.03942115276682226,2404.56
1465,4.88,14.14,2.33,74.45,89.33,363.31600000000003,0.02608305988099632,20715.100000000002
702,4.17,0.67,2.9,74.89,74.08,312.2913,0.0391468629661362,470.34000000000003
473,3.25,5.93,3.23,75.44,76.99,245.18,0.04195349500539096,2804.89
653,3.17,5.49,3.23,75.59,64.88,239.62030000000001,0.04978420934275442,3584.9700000000003
787,2.91,4.48,2.21,75.31,78.74,219.15210000000002,0.028067052569589464,3525.76
976,3.4,4.26,3.32,81.15,73.16,275.91,0.04537998286222213,4157.76
996,4.75,13.87,1.69,78.06,80.52,370.785,0.02098857166063442,13814.519999999999
767,5.07,5.26,2.39,77.06,70.07,390.6942,0.03410874352665285,4034.4199999999996
1582,4.47,6.19,2.67,77.59,88.18,346.8273,0.03027897139045459,9792.58
458,2.66,5.22,3.1,77.09,73.94,205.0594,0.041925880183137657,2390.7599999999998
522,3.14,14.24,2.6,75.01,75.27,235.53140000000002,0.034542309745939984,7433.28
826,3.88,2.25,5.74,76.74,71.54,297.7512,0.08023482244411204,1858.5
569,1.75,6.86,2.34,77.21,66.83,135.11749999999998,0.035014209933531354,3903.34
729,3.17,4.55,1.45,76.94,77.36,243.8998,0.018743534288581398,3316.95
634,1.38,7.92,2.03,86.6,71.26,119.50799999999998,0.02848722586482937,5021.28
713,4.41,6.36,1.71,76.58,73.04,337.7178,0.023411825929377607,4534.68
876,2.99,7.81,1.55,77.43,70.92,231.51570000000004,0.021855608875407658,6841.5599999999995
1180,2.95,10.51,3.18,77.09,73.87,227.41550000000004,0.04304859306232665,12401.8
702,1.74,7.88,3.2,81.57,78.8,141.93179999999998,0.04060913190239443,5531.76
576,4.8,8.32,3.24,83.49,90.12,400.75199999999995,0.035952059925426105,4792.32
677,3.17,4.87,2.57,77.76,88.3,246.4992,0.029105319467121235,3296.9900000000002
1162,2.03,3.66,2.88,75.85,91.82,153.97549999999998,0.031365712114385526,4252.92
873,5.07,7.29,1.53,76.68,67.47,388.7676000000001,0.022676741859086726,6364.17
942,2.15,2.15,2.39,73.98,70.3,159.057,0.033997150213776646,2025.3
457,2.75,2.97,2.63,78.09,75.43,214.7475,0.034866759264648106,1357.2900000000002
763,5.06,6.51,0.94,77.41,78.23,391.6946,0.012015849160699326,4967.13
388,3.96,6.06,2.01,73.37,75.27,290.5452,0.026703862534361293,2351.2799999999997
657,3.75,6.25,2.37,76.73,78.0,287.7375,0.030384611489152374,4106.25
1240,2.11,4.64,2.43,85.43,76.13,180.25730000000001,0.03191908158162596,5753.599999999999
604,3.51,7.8,1.41,85.28,87.32,299.33279999999996,0.01614750158640614,4711.2
346,2.43,5.63,1.88,75.16,68.24,182.6388,0.027549820112863405,1947.98
942,3.02,4.38,1.03,76.92,64.34,232.29840000000002,0.016008701273126938,4125.96
456,2.58,6.61,2.45,77.16,83.26,199.0728,0.029425891253195863,3014.1600000000003
572,1.96,7.13,1.29,76.11,81.05,149.1756,0.01591609920837764,4078.36
915,3.79,5.86,3.28,78.3,78.1,296.757,0.04199743380314548,5361.900000000001
497,4.6,8.14,2.6,79.75,75.51,366.84999999999997,0.034432520933317314,4045.5800000000004
1001,3.16,2.84,1.97,79.81,87.37,252.19960000000003,0.022547782700265227,2842.8399999999997
895,2.31,5.74,2.74,76.0,81.47,175.56,0.033632007655332315,5137.3
1364,3.18,6.14,2.21,78.35,91.58,249.153,0.024131903894747335,8374.96
988,4.66,8.62,1.63,79.56,73.74,370.74960000000004,0.022104689163996587,8516.56
616,5.58,6.25,4.28,77.23,87.37,430.94340000000005,0.048987060891946786,3850.0
630,4.53,6.65,2.67,77.42,78.54,350.7126,0.033995412019937346,4189.5
705,3.05,9.87,5.37,82.77,72.16,252.44849999999997,0.07441794977578302,6958.349999999999
527,3.27,7.48,2.7,75.83,77.13,247.9641,0.03500582976716845,3941.96
839,2.89,7.32,6.07,78.21,77.66,226.02689999999998,0.07816120549044484,6141.4800000000005
1221,3.99,6.68,2.21,76.4,75.67,304.836,0.0292057580010892,8156.28
1478,2.81,7.2,1.91,77.18,77.21,216.87580000000003,0.024737725069586186,10641.6
649,3.8,11.69,2.22,76.82,85.58,291.91599999999994,0.02594063730537073,7586.8099999999995
1345,3.46,5.47,2.44,72.62,75.65,251.26520000000002,0.03225379613300778,7357.15
785,2.51,6.38,3.33,74.69,77.96,187.47189999999998,0.042714206937633795,5008.3
822,2.17,5.92,1.24,76.66,90.98,166.35219999999998,0.013629367594046208,4866.24
733,2.38,4.77,3.07,76.46,84.94,181.9748,0.03614315562242105,3496.41
672,2.5,8.86,2.57,77.68,86.95,194.20000000000002,0.02955721339192485,5953.92
1111,2.58,4.67,1.38,74.99,87.59,193.4742,0.015755221400248723,5188.37
613,3.2,8.91,1.95,75.04,76.18,240.12800000000004,0.025597266264470165,5461.83
881,4.01,15.12,5.3,87.82,82.95,352.15819999999997,0.06389390429247688,13320.72
869,5.18,5.49,1.0,73.33,73.18,379.84939999999995,0.013664933907497415,4770.81
594,4.1,7.07,3.03,76.2,73.13,312.41999999999996,0.04143305874018067,4199.58
1215,4.88,4.93,3.25,77.1,85.1,376.248,0.03819035978961695,5989.95
809,2.85,6.38,2.52,80.31,75.77,228.88350000000003,0.03325854120911426,5161.42
1000,2.58,9.91,0.88,75.77,81.84,195.48659999999998,0.010752686858176092,9910.0
1113,3.96,5.77,1.94,73.15,71.73,289.67400000000004,0.027045862673098747,6422.009999999999
897,2.24,5.96,2.57,75.29,79.89,168.64960000000002,0.03216922866826528,5346.12
985,2.54,7.74,3.22,73.45,82.41,186.56300000000002,0.03907292330142904,7623.900000000001
497,3.18,7.56,1.54,75.99,72.7,241.6482,0.021182940690104443,3757.3199999999997
777,3.69,7.17,1.78,76.17,67.05,281.0673,0.026547348762513235,5571.09
719,3.86,4.94,1.53,73.51,74.88,283.7486,0.02043268957896774,3551.86
529,1.86,4.14,1.44,76.08,75.24,141.5088,0.019138753437167273,2190.06
540,4.99,11.87,0.98,77.45,70.76,386.4755,0.013849630603500479,6409.799999999999
1065,3.63,7.53,1.27,72.5,66.87,263.175,0.01899207133362175,8019.45
1539,3.41,5.2,1.27,73.88,70.25,251.9308,0.018078289241524662,8002.8
603,1.76,6.88,1.53,76.11,90.51,133.9536,0.016904207611953638,4148.64
982,2.29,4.11,2.85,76.27,78.85,174.6583,0.03614457372928678,4036.0200000000004
659,3.29,6.6,1.61,86.4,83.25,284.25600000000003,0.019339337016295855,4349.4
837,3.5,5.39,1.23,77.73,89.32,272.055,0.013770710504846562,4511.429999999999
426,3.05,3.6,1.53,78.43,82.49,239.2115,0.018547700503370044,1533.6000000000001
814,2.31,9.32,2.88,84.32,75.47,194.77919999999997,0.03816085356289207,7586.4800000000005
711,2.83,5.42,2.13,75.78,81.67,214.4574,0.02608056494666769,3853.62
938,3.05,8.33,5.31,75.9,79.38,231.495,0.06689341560929508,7813.54
765,2.36,7.23,3.76,77.82,73.08,183.65519999999998,0.0514504582032761,5530.950000000001
940,3.81,8.35,2.26,77.53,79.66,295.3893,0.028370571382052297,7849.0
720,5.55,5.05,2.88,74.94,71.0,415.917,0.04056337456853879,3636.0
646,2.81,3.73,3.26,76.51,87.25,214.99310000000003,0.03736389256574297,2409.58
656,1.94,4.44,1.56,77.84,78.4,151.0096,0.019897956645668794,2912.6400000000003
414,2.41,8.36,2.92,75.71,71.33,182.4611,0.040936486620428064,3461.04
1154,3.31,6.03,2.35,75.98,80.89,251.49380000000002,0.029051795147509562,6958.62
642,2.33,6.65,2.86,78.83,84.36,183.6739,0.033902319357240474,4269.3
825,4.28,4.19,5.99,75.34,85.01,322.45520000000005,0.07046229026440533,3456.7500000000005
525,4.43,9.23,2.73,77.38,80.74,342.79339999999996,0.03381223262172001,4845.75
915,2.8,7.62,2.51,76.13,73.3,213.164,0.03424283298187817,6972.3
1332,2.94,8.54,1.11,84.58,78.31,248.6652,0.014174433128025396,11375.279999999999
1122,2.67,12.11,1.46,76.64,81.87,204.62879999999998,0.01783314793781019,13587.42
717,3.33,7.39,1.57,77.22,88.18,257.1426,0.01780448879513622,5298.63
719,2.41,6.24,1.51,75.79,90.43,182.65390000000002,0.016697996605330463,4486.56
488,2.85,4.0,1.19,88.76,78.56,252.96600000000004,0.015147655912976588,1952.0
477,2.92,7.35,1.69,74.36,70.16,217.1312,0.024087795882583255,3505.95
538,3.53,5.79,2.05,76.55,75.5,270.2215,0.02715231428446168,3115.02
776,5.13,5.91,1.18,78.64,80.29,403.4232,0.014696722543688808,4586.16
796,5.49,10.11,2.34,76.57,78.61,420.36929999999995,0.02976720140348538,8047.5599999999995
668,2.65,6.78,2.18,76.34,74.63,202.30100000000002,0.029210769233449122,4529.04
757,4.76,6.98,1.07,77.78,70.01,370.2328,0.015283528741104307,5283.860000000001
775,2.25,12.08,3.1,81.86,86.47,184.185,0.03585057987156472,9362.0
710,3.28,6.38,1.25,82.72,66.59,271.3216,0.018771584506444734,4529.8
596,2.47,5.98,0.94,81.99,81.33,202.5153,0.01155784931048207,3564.0800000000004
901,2.96,5.38,1.12,75.28,78.89,222.8288,0.014196981341490514,4847.38
528,3.34,6.42,2.43,78.07,80.86,260.75379999999996,0.03005193791096489,3389.7599999999998
865,1.97,11.22,1.71,75.83,72.31,149.3851,0.023648178170629485,9705.300000000001
476,4.17,6.22,3.14,78.71,83.84,328.22069999999997,0.03745228560922166,2960.72
948,2.57,3.63,1.72,77.58,82.0,199.3806,0.02097560719809668,3441.24
621,3.34,6.46,1.52,77.71,81.89,259.55139999999994,0.018561482652157447,4011.66
552,1.92,6.85,1.69,78.62,78.88,150.9504,0.02142494657391651,3781.2
392,3.94,12.13,1.94,76.26,81.49,300.4644,0.0238065991156462,4754.96
771,3.75,6.8,2.2,77.0,88.01,288.75,0.02499715657343977,5242.8
1574,1.88,1.79,2.99,77.21,75.89,145.15479999999997,0.03939912512859071,2817.46
769,4.57,6.26,1.82,78.0,86.74,356.46000000000004,0.020982243373040884,4813.94
609,4.78,7.03,2.34,75.19,78.29,359.4082,0.029888870878928227,4281.27
711,2.1,3.87,2.75,77.74,82.24,163.254,0.03343871188731616,2751.57
1004,2.76,4.21,2.76,86.47,77.82,238.6572,0.03546645650649492,4226.84
1130,4.8,11.29,2.07,77.3,77.3,371.03999999999996,0.026778780494336286,12757.699999999999
932,4.83,5.82,1.29,75.46,84.5,364.4718,0.015266270382689896,5424.240000000001
998,2.15,9.01,2.01,83.98,83.41,180.557,0.024097827107322008,8991.98
791,2.77,5.89,2.03,75.55,90.3,209.27349999999998,0.022480617665490844,4658.99
588,2.77,4.31,3.18,76.2,87.96,211.074,0.036152792615644316,2534.2799999999997
473,5.57,6.91,1.14,76.45,68.79,425.8265,0.016572173779303125,3268.4300000000003
833,2.14,8.31,1.92,74.91,77.68,160.3074,0.024716783635841445,6922.2300000000005
868,4.71,12.26,2.79,76.87,80.88,362.0577,0.034495544696396555,10641.68
563,2.9,4.82,2.39,76.71,79.79,222.45899999999997,0.02995362452016236,2713.6600000000003
603,3.09,5.63,2.65,76.2,75.04,235.458,0.0353144942278126,3394.89
754,3.84,4.12,1.78,77.01,84.98,295.71840000000003,0.02094610250104701,3106.48
989,2.23,4.8,0.82,74.86,77.09,166.9378,0.010636916508377673,4747.2
789,5.44,5.5,1.96,76.17,80.97,414.36480000000006,0.024206493243609576,4339.5
629,3.0,6.37,3.22,74.27,74.59,222.81,0.04316931985932164,4006.73
1020,4.34,5.08,1.8,85.19,87.48,369.72459999999995,0.020576129335147537,5181.6
133,4.56,5.52,1.56,77.49,66.46,353.35439999999994,0.023472762041414078,734.16
562,5.01,5.79,1.44,78.62,71.52,393.88620000000003,0.02013422537273135,3253.98
840,2.83,10.72,5.3,80.64,94.93,228.21120000000002,0.05583060614867732,9004.800000000001
587,1.85,3.89,2.46,81.52,75.58,150.812,0.032548288892790565,2283.4300000000003
1383,2.3,15.08,3.85,76.54,69.87,176.042,0.0551023250175576,20855.64
785,6.02,6.1,1.54,77.74,85.17,467.99479999999994,0.018081481967655046,4788.5
531,4.4,3.54,1.9,78.05,84.77,343.42,0.022413587069294905,1879.74
519,1.72,10.15,3.25,81.77,68.83,140.6444,0.0472177760834264,5267.85
919,2.73,14.72,2.3,75.61,87.73,206.4153,0.026216798561860412,13527.68
894,3.24,8.62,0.82,74.52,76.31,241.44480000000001,0.010745641364743628,7706.28
452,4.01,4.26,1.9,76.25,73.86,305.7625,0.02572433986943679,1925.52
886,3.65,8.23,1.77,75.75,89.07,276.4875,0.01987200854698456,7291.780000000001
817,2.41,7.66,1.54,77.93,77.47,187.81130000000002,0.0198786601421634,6258.22
541,3.93,7.57,2.91,77.56,78.73,304.81080000000003,0.03696176337333121,4095.3700000000003
880,4.35,5.54,0.04,77.34,80.75,336.429,0.0004953559758073095,4875.2
821,4.75,5.81,2.79,88.3,82.12,419.425,0.03397466707566158,4770.009999999999
1101,2.8,5.97,3.37,84.34,89.51,236.152,0.03764942043912183,6572.969999999999
854,1.78,10.29,2.34,87.28,83.81,155.35840000000002,0.027920292576029997,8787.66
976,4.99,4.87,1.27,76.12,81.94,379.83880000000005,0.015499143824854305,4753.12
1055,3.95,2.3,1.62,77.47,66.09,306.0065,0.02451202534240803,2426.5
1158,2.59,5.21,2.03,76.59,79.12,198.3681,0.02565722628194814,6033.18
757,4.89,4.61,2.75,77.92,70.51,381.0288,0.03900155453105168,3489.7700000000004
821,2.59,1.66,3.38,84.87,72.63,219.8133,0.046537237155825806,1362.86
962,3.32,6.62,3.35,73.66,82.15,244.55119999999997,0.04077905772622547,6368.4400000000005
577,2.46,5.95,3.35,74.35,74.98,182.90099999999998,0.044678574996188984,3433.15
981,2.82,8.14,2.75,81.92,68.5,231.0144,0.040145979540732915,7985.34
930,3.94,7.77,2.63,77.11,83.5,303.8134,0.031497002215927876,7226.099999999999
888,2.54,7.37,2.46,76.09,68.42,193.26860000000002,0.03595439404349692,6544.56
648,4.01,3.58,1.8,77.4,81.35,310.374,0.022126610678966114,2319.84
1258,3.27,11.25,1.49,76.84,71.71,251.26680000000002,0.020778131253921178,14152.5
681,4.83,8.71,3.79,75.97,73.86,366.9351,0.05131328847640286,5931.51
1051,2.47,4.46,5.83,76.93,77.43,190.01710000000003,0.07529380404316104,4687.46
890,4.35,7.57,2.75,77.96,67.42,339.1259999999999,0.04078907730805735,6737.3
811,2.68,7.75,2.14,81.71,77.14,218.9828,0.027741764617349673,6285.25
376,2.99,7.2,3.02,73.75,86.77,220.51250000000002,0.03480465197595344,2707.2000000000003
896,2.59,5.09,1.47,74.3,69.36,192.43699999999998,0.02119376857067927,4560.639999999999
991,3.53,9.83,3.0,75.98,77.75,268.2094,0.03858520404048822,9741.53
811,4.61,5.81,3.15,77.37,74.64,356.67570000000006,0.042202566693118074,4711.91
940,2.99,7.05,1.28,76.9,80.21,229.93100000000004,0.015958107971810503,6627.0
686,2.16,6.45,2.23,75.79,73.32,163.70640000000003,0.030414616691950808,4424.7
901,2.35,10.48,2.2,77.56,80.03,182.26600000000002,0.027489687930814955,9442.48
1244,3.58,11.18,6.8,79.32,91.75,283.9656,0.07411443333902633,13907.92
848,2.16,5.89,1.94,77.45,67.31,167.29200000000003,0.028821864682533845,4994.719999999999
348,2.3,14.21,2.93,76.66,73.41,176.31799999999998,0.03991281298013718,4945.08
1124,3.02,1.81,1.8,75.14,66.88,226.9228,0.02691387157388284,2034.44
659,2.08,13.84,1.53,76.72,72.6,159.5776,0.02107437726248247,9120.56
838,3.16,12.98,1.96,82.02,75.11,259.1832,0.02609505710357381,10877.24
548,3.58,5.57,1.34,76.22,75.98,272.8676,0.01763621773674418,3052.36
651,3.73,11.65,1.68,85.22,87.72,317.87059999999997,0.019151844601932897,7584.150000000001
769,2.05,11.75,2.09,77.19,92.46,158.2395,0.02260436701228996,9035.75
1031,2.71,7.36,3.39,75.23,72.97,203.8733,0.04645744189976129,7588.160000000001
707,3.96,4.81,2.07,86.24,77.58,341.5104,0.026682131131460278,3400.6699999999996
632,5.54,2.79,2.91,76.21,84.47,422.2034,0.03445009654905925,1763.28
848,2.71,6.76,2.01,75.45,73.87,204.4695,0.027209959765810234,5732.48
722,4.52,7.8,1.5,82.33,84.97,372.13159999999993,0.017653287318666902,5631.599999999999
734,3.18,3.42,0.69,78.74,80.52,250.3932,0.008569298488661389,2510.2799999999997
616,4.3,8.21,2.31,77.38,81.41,332.734,0.0283748890339161,5057.360000000001
562,4.79,7.6,1.58,83.35,85.08,399.24649999999997,0.018570754751909408,4271.2
1057,3.75,9.8,3.04,73.08,90.15,274.05,0.033721571411916645,10358.6
1438,3.82,7.72,3.02,75.57,71.92,288.6774,0.04199109538499786,11101.359999999999
526,3.12,6.47,1.44,74.64,80.61,232.8768,0.017863786395759036,3403.22
600,4.0,6.77,2.88,75.54,76.05,302.16,0.03786981750561243,4061.9999999999995
759,3.99,8.06,2.37,76.7,79.86,306.033,0.029676930919492747,6117.54
709,2.96,5.17,2.27,88.05,80.25,260.628,0.028286600836560642,3665.5299999999997
844,2.13,17.78,2.7,82.22,85.02,175.12859999999998,0.031757229856830174,15006.320000000002
918,5.26,4.33,1.73,77.0,76.7,405.02,0.02255540775027278,3974.94
710,2.52,4.89,1.47,76.62,78.98,193.0824,0.018612304556558042,3471.8999999999996
983,4.06,3.54,1.45,77.9,82.25,316.274,0.01762917718794198,3479.82
437,3.26,7.53,1.32,80.71,76.57,263.11459999999994,0.017239125344243787,3290.61
725,5.18,6.56,3.94,77.3,81.9,400.414,0.048107442233523534,4756.0
1288,5.34,11.47,2.82,75.79,72.46,404.71860000000004,0.038918018366268514,14773.36
839,2.26,7.56,2.27,76.07,70.14,171.91819999999996,0.032363839126912014,6342.839999999999
1253,2.65,7.86,2.35,75.82,88.5,200.92299999999997,0.02655366931596957,9848.58
1154,3.59,4.14,2.44,76.98,81.08,276.3582,0.030093730871518145,4777.5599999999995
840,3.13,7.55,1.78,76.28,83.66,238.75639999999999,0.021276593201459096,6342.0
570,3.4,5.86,2.55,76.35,74.12,259.59,0.03440366508315365,3340.2000000000003
832,4.5,12.18,2.05,78.17,73.26,351.765,0.027982524162909608,10133.76
609,4.49,8.17,2.93,75.33,80.6,338.2317,0.03635235280988179,4975.53
1319,3.65,5.2,2.63,77.52,82.95,282.948,0.031705843073436636,6858.8
684,5.1,6.8,4.61,74.92,76.25,382.092,0.06045900846439233,4651.2
536,3.36,6.3,2.53,76.41,72.71,256.7376,0.0347957592083951,3376.7999999999997
803,4.25,7.35,1.68,77.97,82.37,331.3725,0.020395772684742904,5902.049999999999
549,2.96,7.87,1.18,79.17,70.83,234.3432,0.01665960515888675,4320.63
739,4.48,4.75,2.1,77.03,78.29,345.09440000000006,0.026823345660576616,3510.25
575,5.51,7.95,1.53,76.13,77.73,419.4763,0.019683517344202064,4571.25
840,2.49,5.57,2.08,77.26,80.27,192.37740000000002,0.025912541931912055,4678.8
1160,1.94,5.51,2.08,76.7,74.46,148.798,0.02793445770420928,6391.599999999999
571,4.08,7.78,0.9,83.7,68.6,341.49600000000004,0.013119531615228629,4442.38
512,2.9,7.95,1.93,74.82,82.58,216.97799999999998,0.023371273507959128,4070.4
1144,2.74,6.74,4.5,74.91,79.13,205.2534,0.0568684371454016,7710.56
646,2.73,6.27,4.18,75.07,80.33,204.94109999999998,0.05203534768637524,4050.4199999999996
712,1.76,5.59,2.63,77.41,81.97,136.2416,0.0320849051988648,3980.08
751,3.49,7.08,5.42,77.14,78.09,269.21860000000004,0.06940708549019266,5317.08
1341,5.23,5.89,1.61,79.06,74.87,413.48380000000003,0.021503937290779044,7898.49
1006,4.34,3.65,3.4,77.46,78.58,336.17639999999994,0.0432680016202594,3671.9
530,2.89,10.98,1.77,76.3,73.15,220.507,0.02419685246796275,5819.400000000001
579,4.28,6.27,1.77,75.41,71.89,322.7548,0.024620945246773506,3630.33
694,3.07,6.15,1.67,76.98,80.99,236.3286,0.020619827062621672,4268.1
692,5.01,4.91,2.08,87.77,73.19,439.72769999999997,0.028419179065558263,3397.7200000000003
490,4.22,14.0,1.38,74.8,78.26,315.65599999999995,0.017633527008238305,6860.0
566,3.81,4.61,2.77,76.45,70.23,291.2745,0.039441828357991114,2609.26
989,3.32,4.53,2.99,75.67,86.29,251.2244,0.034650592809063296,4480.17
1321,2.53,7.04,2.91,75.9,78.86,192.027,0.036900832246914504,9299.84
869,2.03,6.39,1.07,77.65,77.25,157.6295,0.01385113089305749,5552.91
737,2.86,12.17,1.04,81.4,80.29,232.804,0.012953043597827426,8969.289999999999
989,3.75,3.35,1.65,76.9,71.69,288.375,0.023015759099489594,3313.15
587,3.5,8.62,2.23,74.85,81.93,261.97499999999997,0.027218353811991475,5059.94
540,2.13,2.86,4.25,75.56,74.62,160.9428,0.056955232249365814,1544.3999999999999
696,4.26,6.75,0.36,82.96,85.91,353.40959999999995,0.004190431359512122,4698.0
678,3.99,3.91,1.88,76.58,77.18,305.55420000000004,0.024358638979186446,2650.98
743,2.98,11.83,1.71,76.27,85.18,227.28459999999998,0.020075132651428424,8789.69
1541,1.93,5.47,2.71,75.68,87.06,146.0624,0.031127954154841007,8429.27
844,2.33,9.89,1.73,83.41,84.85,194.3453,0.020388919223462674,8347.16
764,2.83,9.69,3.28,74.13,79.29,209.78789999999998,0.04136712809091586,7403.16
529,2.5,5.34,6.01,77.1,84.22,192.75,0.07136071344565263,2824.86
566,2.44,6.2,5.49,83.09,72.71,202.7396,0.07550542215576646,3509.2000000000003
903,2.37,8.95,1.13,75.41,88.85,178.7217,0.012718062721658669,8081.849999999999
502,2.32,2.14,1.68,82.17,87.67,190.6344,0.01916276729066188,1074.28
831,2.18,4.95,2.58,78.78,82.56,171.74040000000002,0.03124999621487449,4113.45
780,3.74,7.46,2.24,76.47,80.15,285.9978,0.02794759476636372,5818.8
1085,1.91,3.84,2.61,86.65,75.59,165.5015,0.034528372201564725,4166.4
649,2.35,4.44,2.44,76.67,75.04,180.17450000000002,0.03251598713806141,2881.5600000000004
494,2.27,12.29,1.92,74.97,75.72,170.18189999999998,0.025356573513394938,6071.259999999999
453,3.98,4.61,1.66,77.93,85.86,310.1614,0.019333796956231428,2088.33
785,3.76,9.77,1.45,81.4,76.27,306.064,0.019011404351461342,7669.45
766,3.28,3.94,1.97,79.31,86.54,260.1368,0.022764037119940243,3018.04
684,5.24,16.81,1.06,77.16,72.27,404.3184,0.014667218117169211,11498.039999999999
679,3.5,10.68,2.33,81.23,80.1,284.305,0.029088635569458732,7251.72
586,2.05,3.76,1.64,72.43,78.56,148.4815,0.020875761090152607,2203.3599999999997
649,2.98,7.11,2.78,83.85,79.88,249.873,0.03480219894814735,4614.39
414,3.75,6.53,0.38,78.02,87.24,292.575,0.004355799592411785,2703.42
839,4.71,5.9,3.47,76.96,89.08,362.48159999999996,0.03895374506581219,4950.1
799,3.43,9.34,1.23,74.75,90.21,256.3925,0.013634850500515409,7462.66
812,2.0,6.8,1.46,84.29,87.1,168.58,0.016762340210982753,5521.599999999999
696,1.82,10.96,2.3,76.15,80.79,138.59300000000002,0.02846886638583161,7628.160000000001
1052,3.34,6.07,1.43,77.53,73.36,258.9502,0.01949290901132647,6385.64
568,2.02,3.52,2.37,84.32,82.46,170.32639999999998,0.028741204372883293,1999.36
1059,3.24,5.29,2.72,82.37,74.43,266.8788,0.03654439922821453,5602.11
833,3.74,4.63,1.88,76.96,76.94,287.8304,0.024434621206833738,3856.79
936,3.07,6.49,1.82,75.92,81.89,233.0744,0.022224933175609578,6074.64
824,2.92,3.92,2.37,76.31,76.86,222.8252,0.03083528092176933,3230.08
519,4.64,11.32,1.81,76.86,68.58,356.63039999999995,0.026392530418120383,5875.08
916,2.65,5.67,1.73,77.34,73.15,204.951,0.023650030943263026,5193.72
721,3.54,5.37,2.29,76.79,78.42,271.83660000000003,0.029201730527705874,3871.77
707,4.03,4.73,2.64,86.57,82.31,348.8771,0.03207386319112341,3344.11
811,4.85,3.62,0.76,76.04,82.37,368.794,0.009226659071669408,2935.82
640,4.26,10.7,1.38,85.83,74.97,365.63579999999996,0.01840736048988122,6848.0
576,2.66,6.5,2.41,75.13,85.87,199.8458,0.028065677411706368,3744.0
715,2.15,5.96,1.86,75.03,69.44,161.3145,0.026785710428325112,4261.4
561,3.58,9.53,2.79,77.69,70.13,278.1302,0.03978325398784344,5346.33
435,3.83,9.68,3.42,75.31,78.01,288.4373,0.04384052764510605,4210.8
960,4.57,6.88,2.03,76.84,90.06,351.15880000000004,0.022540526033696863,6604.8
671,1.78,5.02,1.72,76.1,82.3,135.458,0.02089914691383391,3368.4199999999996
501,3.43,11.53,1.78,83.51,80.26,286.4393,0.022177918991039245,5776.53
382,3.6,5.64,3.07,76.19,80.04,274.284,0.038355817296874394,2154.48
825,4.12,4.14,3.51,76.58,75.66,315.5096,0.04639174644571154,3415.4999999999995
1067,2.58,12.08,1.52,75.82,82.25,195.6156,0.018480240914256423,12889.36
847,4.91,7.5,2.19,74.56,81.93,366.0896,0.02673013221895127,6352.5
1023,3.46,6.14,0.31,77.22,72.99,267.1812,0.00424715656293238,6281.219999999999
935,2.55,3.31,1.17,77.53,88.55,197.70149999999998,0.013212872590302361,3094.85
542,4.17,12.58,5.84,77.12,75.75,321.5904,0.077095699393307,6818.36
294,2.07,7.28,1.94,75.41,68.52,156.09869999999998,0.028312897210610446,2140.32
535,2.07,1.43,2.9,77.71,83.36,160.85969999999998,0.03478886338905189,765.05
391,4.3,9.09,1.89,74.5,65.07,320.34999999999997,0.029045638689774292,3554.19
702,4.96,6.61,3.72,76.6,71.7,379.936,0.05188283795218438,4640.22
712,2.4,6.29,3.24,76.68,85.55,184.032,0.037872584702211026,4478.4800000000005
455,5.37,3.1,1.31,74.45,83.3,399.79650000000004,0.015726288628296684,1410.5
561,4.81,5.57,2.42,74.95,75.47,360.5095,0.03206571722993014,3124.77
720,3.28,4.68,0.93,75.72,75.29,248.36159999999998,0.012352236372395221,3369.6
1017,3.4,8.49,1.65,74.55,85.9,253.46999999999997,0.01920837960321541,8634.33
1133,5.37,4.89,1.81,77.96,81.03,418.6452,0.022337403142366635,5540.37
459,4.38,4.43,1.55,75.19,66.38,329.3322,0.023350403231334253,2033.37
784,4.65,3.76,3.06,78.74,76.85,366.141,0.03981782175434981,2947.8399999999997
889,3.1,12.38,2.82,79.79,77.23,247.34900000000002,0.03651430318343866,11005.820000000002
568,2.49,5.68,1.7,77.21,73.52,192.2529,0.023122956593721898,3226.24
683,4.49,5.89,3.03,79.18,81.72,355.51820000000004,0.037077822188225376,4022.87
804,2.21,8.0,2.07,76.19,84.42,168.3799,0.024520252958984485,6432.0
748,2.22,2.63,3.25,76.67,74.85,170.2074,0.04342016787973709,1967.24
1224,3.0,7.3,1.46,81.15,71.35,243.45000000000002,0.020462505891730078,8935.199999999999
393,4.93,6.98,2.22,77.61,90.35,382.6173,0.024571109621349244,2743.1400000000003
883,2.94,8.17,2.14,81.36,71.53,239.1984,0.029917512943168887,7214.11
502,4.35,5.08,5.87,74.73,75.91,325.0755,0.07732840504170663,2550.16
1125,5.07,6.53,2.82,76.92,81.8,389.98440000000005,0.03447432341389689,7346.25
559,3.06,6.22,3.13,75.05,73.45,229.653,0.04261401734322432,3476.98
559,2.26,6.65,2.28,75.16,79.0,169.86159999999998,0.02886075584041065,3717.3500000000004
861,3.15,12.34,4.28,74.98,82.56,236.187,0.05184107899211737,10624.74
1160,2.5,4.64,1.86,74.03,68.69,185.075,0.027078173376303194,5382.4
773,2.95,4.46,2.72,78.04,70.66,230.21800000000005,0.03849419211800282,3447.58
452,4.0,5.25,1.2,76.88,74.78,307.52,0.016047069263563883,2373.0
814,2.55,6.65,1.6,78.21,89.21,199.43549999999996,0.017935207046832526,5413.1
658,3.26,7.6,2.5,74.91,72.02,244.20659999999998,0.0347125750190815,5000.8
819,2.18,8.08,1.81,78.19,80.61,170.45420000000001,0.022453787066891568,6617.52
772,2.21,4.45,2.53,77.49,80.21,171.25289999999998,0.03154219778803169,3435.4
583,2.51,3.45,4.14,77.8,82.97,195.27799999999996,0.04989754731860343,2011.3500000000001
703,5.21,3.53,3.36,76.01,89.31,396.01210000000003,0.03762176266691718,2481.5899999999997
993,2.03,5.04,3.31,74.13,81.51,150.48389999999998,0.04060850931069693,5004.72
824,2.74,2.76,2.49,77.14,77.73,211.36360000000002,0.03203395959938767,2274.24
656,2.63,5.65,2.53,76.19,73.26,200.37969999999999,0.03453452982056649,3706.4
556,4.22,2.67,1.06,75.54,73.5,318.7788,0.014421766745337858,1484.52
782,2.8,8.72,2.94,76.95,73.23,215.46,0.040147475058381114,6819.040000000001
918,4.5,5.93,2.22,78.98,73.99,355.41,0.030004050546823823,5443.74
842,3.02,8.07,2.5,77.53,75.15,234.1406,0.03326679530714633,6794.9400000000005
896,4.54,4.03,4.31,82.65,84.63,375.23100000000005,0.05092756103892697,3610.88
682,3.81,4.13,1.51,77.44,84.56,295.0464,0.017857140745371244,2816.66
526,2.62,6.08,3.07,77.82,84.83,203.8884,0.036190022846867516,3198.08
758,2.65,6.84,2.94,75.21,85.01,199.30649999999997,0.0345841625003926,5184.72
1245,2.64,5.18,1.45,84.23,79.48,222.36720000000003,0.018243580996026545,6449.099999999999
938,1.76,11.68,3.38,77.03,71.29,135.5728,0.04741197258914678,10955.84
441,1.76,8.84,3.71,77.79,85.73,136.9104,0.04327539446221924,3898.44
789,2.66,6.62,2.57,77.23,84.91,205.4318,0.03026733832677678,5223.18
474,2.57,9.05,1.65,76.56,74.51,196.7592,0.022144675594594602,4289.700000000001
1318,4.2,2.46,1.78,78.47,91.69,329.574,0.019413238148845224,3242.2799999999997
1498,2.04,8.29,2.57,75.27,68.4,153.55079999999998,0.03757309392206228,12418.419999999998
581,2.34,5.71,2.56,84.44,79.88,197.5896,0.032048068096135696,3317.5099999999998
802,1.79,5.18,2.92,76.75,74.32,137.3825,0.03928955337869303,4154.36
510,3.14,9.16,1.32,75.91,76.91,238.3574,0.017162915464449948,4671.6
794,3.42,5.68,3.24,77.51,83.85,265.0842,0.038640424729824124,4509.92
685,4.71,6.08,3.05,74.11,73.45,349.05809999999997,0.04152484118109718,4164.8
569,4.33,11.86,2.82,75.42,77.28,326.5686,0.03649067850793497,6748.339999999999
623,2.91,6.15,1.44,80.89,75.03,235.3899,0.019192320512818804,3831.4500000000003
635,2.96,2.3,1.68,84.36,83.25,249.7056,0.0201801777561348,1460.5
722,3.48,5.35,2.41,76.18,76.9,265.1064,0.03133939774520185,3862.7
431,5.3,5.92,1.7,72.6,67.32,384.78,0.025252521501407978,2551.52
961,4.1,10.53,1.31,78.75,78.78,322.875,0.016628583824754527,10119.33
860,3.72,6.74,4.06,74.15,70.24,275.838,0.057801814094274755,5796.400000000001
472,2.4,9.07,2.67,76.96,70.96,184.70399999999998,0.03762682671549793,4281.04
829,4.27,3.57,1.34,75.24,71.45,321.27479999999997,0.01875437106306913,2959.5299999999997
756,2.92,10.59,1.51,74.82,81.99,218.47439999999997,0.018416877861095516,8006.04
815,3.49,15.83,3.59,77.15,70.67,269.25350000000003,0.050799483401799427,12901.45
905,2.38,7.54,1.04,76.37,75.95,181.7606,0.01369321742024787,6823.7
1358,3.06,6.34,1.7,77.86,92.85,238.2516,0.018309098728153072,8609.72
966,3.2,7.45,2.63,76.83,84.34,245.856,0.0311833019702037,7196.7
799,4.49,3.43,2.77,83.78,85.75,376.17220000000003,0.03230320322994715,2740.57
838,1.88,5.81,1.95,76.63,82.39,144.06439999999998,0.023667917991513774,4868.78
578,3.94,6.08,2.17,74.69,85.14,294.2786,0.025487429470586152,3514.2400000000002
538,2.39,7.7,2.04,75.66,76.59,180.8274,0.026635327505506266,4142.6
844,4.2,5.98,0.81,78.07,92.22,327.894,0.00878334322453446,5047.120000000001
599,2.48,6.3,3.18,81.67,81.32,202.54160000000002,0.03910476646522793,3773.7
799,2.07,5.87,1.55,76.32,82.67,157.98239999999998,0.01874924171413551,4690.13
1305,3.86,8.38,2.4,84.3,79.54,325.39799999999997,0.03017349381776542,10935.900000000001
682,3.31,6.46,1.2,77.52,74.63,256.5912,0.0160793225138252,4405.72
853,4.58,4.03,1.32,75.01,75.73,343.54580000000004,0.017430342343807956,3437.59
727,3.47,8.37,4.16,77.37,87.41,268.4739,0.047591803272874586,6084.99
453,3.52,7.1,3.25,73.64,71.94,259.2128,0.04517652972247293,3216.2999999999997
635,3.24,3.91,1.93,75.77,77.7,245.4948,0.024839121642326684,2482.85
1230,3.88,5.81,1.18,74.96,74.07,290.84479999999996,0.01593087404740461,7146.299999999999
623,3.59,4.42,1.57,75.87,85.18,272.37330000000003,0.018431554539615574,2753.66
1095,3.82,4.1,3.76,75.75,87.06,289.365,0.043188600598598595,4489.5
877,3.63,7.09,2.56,77.52,77.08,281.39759999999995,0.03321224270728559,6217.93
512,4.18,4.53,2.32,76.36,79.63,319.1848,0.029134744551708582,2319.36
739,2.46,8.19,2.75,74.7,87.95,183.762,0.031267762220834314,6052.41
402,4.4,5.75,2.18,75.07,78.12,330.308,0.027905782398133332,2311.5
854,4.61,6.83,1.11,77.01,71.27,355.01610000000005,0.015574573372446561,5832.82
908,4.65,7.97,2.7,84.39,79.0,392.41350000000006,0.0341772108636442,7236.76
553,2.44,10.11,1.54,80.35,70.25,196.05399999999997,0.021921705064525968,5590.83
1150,4.12,9.7,2.68,78.23,84.05,322.30760000000004,0.031885778478789,11155.0
723,2.96,4.69,3.42,77.55,74.41,229.548,0.0459615581290743,3390.8700000000003
594,4.29,5.96,2.82,75.49,78.57,323.8521,0.035891557096658123,3540.24
695,3.35,6.13,3.02,80.6,88.13,270.01,0.034267555399120006,4260.35
404,2.44,9.9,1.54,78.14,76.97,190.6616,0.020007792645473216,3999.6000000000004
781,2.26,8.05,1.71,83.88,66.53,189.56879999999998,0.025702686652234078,6287.05
885,3.78,6.78,3.2,76.97,88.78,290.9466,0.036044150028818424,6000.3
953,4.85,5.46,2.4,77.6,89.79,376.35999999999996,0.026729031436793466,5203.38
1151,3.86,4.76,1.95,74.93,68.45,289.2298,0.028487943245004636,5478.759999999999
811,4.16,5.63,2.18,75.22,66.35,312.9152,0.03285606136306536,4565.93
1085,3.94,5.39,3.12,76.33,73.43,300.7402,0.04248943994424078,5848.15
1482,3.29,5.08,1.95,75.43,88.66,248.16470000000004,0.021994132416632933,7528.56
394,3.57,5.91,3.85,75.13,73.71,268.2141,0.052231711812276246,2328.54
571,2.4,13.11,2.78,84.55,87.43,202.92,0.03179686242744339,7485.8099999999995
761,2.75,8.07,2.95,81.17,70.39,223.2175,0.04190935617142262,6141.27
728,3.51,6.21,1.43,75.86,77.32,266.2686,0.01849456563701945,4520.88
1079,2.53,4.31,2.03,76.47,79.43,193.46909999999997,0.025557091079303648,4650.49
754,4.12,4.43,2.75,74.64,75.89,307.5168,0.036236653546362685,3340.22
496,2.72,6.72,1.31,75.97,66.54,206.63840000000002,0.01968740311280386,3333.12
570,2.81,2.73,1.39,76.21,75.6,214.15009999999998,0.01838624095420093,1556.1
1322,3.6,4.7,3.16,77.02,70.8,277.272,0.04463276205751949,6213.400000000001
416,2.66,6.86,6.3,72.58,82.89,193.0628,0.07600433393601955,2853.76
825,5.08,4.55,4.49,75.58,80.17,383.9464,0.0560059802911338,3753.75
868,4.23,4.47,4.05,83.2,91.35,351.93600000000004,0.044334970516149916,3879.9599999999996
857,3.74,6.52,5.41,77.32,74.5,289.1768,0.07261743991712216,5587.639999999999
676,1.76,8.1,2.55,77.73,88.26,136.8048,0.028891906991626214,5475.599999999999
1159,2.84,4.64,1.73,75.66,83.41,214.87439999999998,0.020740915868491083,5377.759999999999
521,2.24,3.85,3.29,75.61,78.88,169.36640000000003,0.041708919661648115,2005.8500000000001
933,3.79,5.9,2.51,77.13,79.32,292.3227,0.03164396978769922,5504.700000000001
920,3.87,5.02,2.72,76.84,70.04,297.37080000000003,0.03883494591162965,4618.4
1581,2.82,4.52,0.84,76.07,75.45,214.51739999999998,0.01113319931965549,7146.119999999999
493,2.66,7.23,1.17,76.5,87.26,203.49,0.01340820382670137,3564.3900000000003
477,3.04,13.94,2.84,75.16,72.25,228.4864,0.03930795303696152,6649.38
798,2.72,6.14,2.19,84.13,83.24,228.8336,0.026309463441919336,4899.719999999999
793,4.86,3.84,2.21,77.33,67.65,375.8238,0.03266814003427346,3045.12
877,2.99,6.47,2.95,77.82,73.06,232.6818,0.04037776616783929,5674.19
417,2.35,5.26,1.49,80.62,68.21,189.45700000000002,0.021844301151693134,2193.42
992,2.42,5.2,3.08,75.03,77.99,181.5726,0.03949223753144794,5158.400000000001
566,2.27,5.75,2.61,75.57,76.0,171.54389999999998,0.034342100744460424,3254.5
697,2.15,5.92,0.05,75.03,69.92,161.3145,0.000715102872553937,4126.24
820,2.89,15.29,1.63,76.86,77.68,222.1254,0.020983519440844558,12537.8
782,4.45,11.83,1.76,75.1,71.53,334.195,0.02460505737382114,9251.06
419,2.54,6.9,2.44,73.63,74.81,187.0202,0.03261595607325811,2891.1000000000004
658,4.7,6.05,1.57,79.56,76.46,373.932,0.020533609660788692,3980.9
1561,4.62,9.74,5.53,77.52,84.68,358.1424,0.06530466871697346,15204.140000000001
810,2.99,6.49,2.27,78.37,78.27,234.32630000000003,0.029002168263425544,5256.900000000001
560,4.9,6.73,2.76,79.09,85.62,387.54100000000005,0.03223545523996084,3768.8
829,3.27,4.58,6.14,74.15,74.14,242.47050000000002,0.08281628232852949,3796.82
559,3.1,4.06,2.99,76.58,77.67,237.398,0.03849619692336849,2269.54
652,1.92,5.89,1.93,77.04,75.94,147.9168,0.025414797812115114,3840.2799999999997
663,1.69,14.55,1.21,76.82,88.16,129.8258,0.013725043815217353,9646.65
444,2.06,5.92,1.35,77.93,80.84,160.53580000000002,0.016699651571047552,2628.48
860,3.03,8.0,2.49,74.65,88.94,226.1895,0.027996398921025532,6880.0
474,2.33,8.19,1.42,74.45,80.74,173.4685,0.017587315136572315,3882.06
701,4.72,4.96,3.01,77.93,78.4,367.8296,0.038392852245809655,3476.96
675,4.72,6.87,2.24,78.94,72.39,372.5968,0.030943496208938225,4637.25
594,2.36,4.83,2.85,76.64,73.92,180.8704,0.03855518958939535,2869.02
509,2.09,4.92,1.56,77.17,69.88,161.2853,0.02232398077790773,2504.2799999999997
599,3.71,5.47,2.88,85.68,80.89,317.87280000000004,0.03560390213822448,3276.5299999999997
505,4.82,3.14,3.99,77.04,73.09,371.3328000000001,0.05459022375287676,1585.7
425,2.29,8.29,4.13,73.92,75.04,169.2768,0.05503730609844001,3523.2499999999995
529,3.22,5.47,2.2,78.29,75.39,252.09380000000004,0.029181585199418332,2893.6299999999997
697,4.78,8.08,3.17,87.32,74.25,417.3896,0.042693596943623305,5631.76
887,1.92,5.96,1.47,83.2,72.79,159.744,0.02019507896756711,5286.5199999999995
1221,4.37,8.81,3.4,78.08,84.14,341.2096,0.040408837602943,10757.01
647,3.57,5.67,1.55,73.6,80.52,262.75199999999995,0.019249873416558195,3668.49
574,2.55,2.06,3.12,74.23,85.32,189.2865,0.03656820949739692,1182.44
1346,1.93,6.33,2.54,77.06,85.08,148.7258,0.029854251310031582,8520.18
410,3.37,5.88,4.15,76.03,74.66,256.22110000000004,0.05558531267274141,2410.8
961,1.91,14.43,1.55,76.48,71.14,146.0768,0.02178802055271007,13867.23
554,3.64,5.17,0.19,77.2,79.93,281.00800000000004,0.0023770796475566557,2864.18
925,2.63,6.4,2.5,79.45,71.7,208.9535,0.03486749862377982,5920.0
531,2.77,4.92,0.87,75.81,85.82,209.99370000000002,0.010137495905675146,2612.52
636,5.23,7.0,2.44,74.87,84.0,391.5701000000001,0.029047615589569573,4452.0
540,1.74,6.91,1.25,71.59,75.66,124.56660000000001,0.01652127722425625,3731.4
772,1.82,4.16,2.24,76.79,83.86,139.7578,0.026711182123636764,3211.52
1292,4.71,17.32,2.27,77.54,82.22,365.21340000000004,0.027608850935435303,22377.44
1141,5.41,11.24,2.75,75.43,74.4,408.07630000000006,0.03696236062333862,12824.84
1972,2.56,7.02,2.33,75.12,77.25,192.30720000000002,0.03016180839329341,13843.439999999999
1172,2.31,1.46,1.51,76.83,83.24,177.4773,0.01814031497593525,1711.12
957,5.08,11.93,0.96,77.34,65.95,392.8872,0.014556479976272936,11417.01
652,4.09,6.86,2.8,77.03,75.38,315.0527,0.03714512640685508,4472.72
444,2.28,5.86,2.99,82.55,86.61,188.21399999999997,0.0345225684652386,2601.84
856,2.59,7.25,2.9,82.26,70.12,213.0534,0.04135766666319642,6206.0
474,3.45,6.65,2.07,75.79,79.68,261.4755,0.025978912402244925,3152.1000000000004
455,4.76,13.97,2.45,80.6,75.81,383.65599999999995,0.03231763193277511,6356.35
598,5.03,6.82,1.79,84.22,81.05,423.6266,0.02208512990929921,4078.36
1442,4.25,7.93,2.95,75.67,75.5,321.5975,0.039072842506908276,11435.06
524,3.48,8.17,1.2,75.64,66.54,263.2272,0.018034262393408114,4281.08
530,3.62,8.7,1.78,73.8,91.19,267.156,0.019519682035345758,4611.0
798,2.3,4.22,2.19,85.8,83.06,197.33999999999997,0.02636647888677114,3367.56
441,2.02,4.76,1.78,75.27,84.06,152.0454,0.021175348420729427,2099.16
702,0.49,4.65,2.4,86.15,82.38,42.2135,0.029133281241407957,3264.3
552,5.15,6.38,1.68,83.34,81.44,429.201,0.020628681160525398,3521.7599999999998
758,2.77,5.14,2.76,73.58,74.78,203.8166,0.036908259306196935,3896.12
833,0.48,12.96,1.53,76.8,66.21,36.864,0.023108288308671152,10795.68
861,2.29,2.7,1.7,73.41,75.84,168.1089,0.02241560885870136,2324.7000000000003
641,4.51,8.97,4.1,75.54,77.94,340.6854,0.05260456086674867,5749.77
808,2.19,4.16,2.83,76.04,77.0,166.5276,0.036753241980098446,3361.28
512,2.73,16.22,2.8,76.06,79.02,207.6438,0.035434062840538745,8304.64
669,3.82,7.46,1.98,77.12,78.78,294.5984,0.02513327936871295,4990.74
860,2.25,4.06,2.44,74.75,74.69,168.1875,0.03266835819141007,3491.5999999999995
681,4.46,15.87,3.22,74.05,77.15,330.263,0.04173687080533107,10807.47
779,4.19,9.92,1.75,75.13,70.23,314.79470000000003,0.024918122608839154,7727.68
770,3.29,13.47,3.54,77.64,73.62,255.4356,0.048084753044722484,10371.9
746,5.29,5.89,2.1,77.49,84.06,409.9221,0.02498215263119764,4393.94
929,3.04,7.3,3.88,75.21,63.42,228.6384,0.06117942901617328,6781.7
730,3.1,3.97,2.55,79.62,80.67,246.82200000000003,0.03161026012021072,2898.1000000000004
542,2.77,7.19,2.02,77.97,81.49,215.9769,0.02478831454309553,3896.98
695,0.37,3.96,3.45,77.71,77.5,28.752699999999997,0.04451612328824216,2752.2
1216,4.56,4.9,1.39,77.53,81.06,353.53679999999997,0.01714778964374665,5958.400000000001
567,3.17,3.92,1.63,75.68,82.36,239.90560000000002,0.019791158354643228,2222.64
1471,2.92,6.38,2.72,77.82,71.37,227.23439999999997,0.038111245886052136,9384.98
1006,3.61,13.26,1.12,87.5,75.21,315.875,0.014891634770424843,13339.56
921,5.41,6.56,2.85,82.86,86.49,448.2726,0.03295178252378512,6041.759999999999
826,3.72,11.31,1.73,77.55,82.1,288.486,0.021071861014389646,9342.060000000001
650,4.53,4.74,1.5,77.87,77.75,352.75110000000006,0.01929260202024411,3081.0
644,4.4,3.91,3.35,77.78,83.63,342.232,0.04005739088157469,2518.04
658,3.98,8.59,0.84,76.89,64.64,306.0222,0.012995047494578048,5652.22
659,3.13,3.96,1.05,83.96,75.76,262.79479999999995,0.01385955466478951,2609.64
572,3.5,10.02,2.17,77.48,78.84,271.18,0.02752409595077423,5731.44
430,3.1,6.54,3.17,76.08,81.27,235.848,0.03900577839229994,2812.2
715,3.41,6.58,2.16,77.85,79.26,265.4685,0.027252078317931073,4704.7
900,2.95,5.61,2.45,78.08,73.21,230.336,0.03346536901169663,5049.0
707,4.71,7.68,2.08,80.34,79.5,378.4014,0.02616351872156997,5429.76
694,3.74,3.49,1.2,78.61,83.54,294.0014,0.014364374627199588,2422.06
496,4.71,5.25,3.8,75.03,70.54,353.3913,0.05387013696198795,2604.0
649,3.49,9.91,2.83,78.14,67.5,272.70860000000005,0.04192591971467856,6431.59
507,2.82,6.58,2.11,85.46,86.78,240.99719999999996,0.02431435534519989,3336.06
633,5.95,5.17,2.35,79.35,64.99,472.1325,0.03615940357602653,3272.61
811,3.36,10.33,1.86,74.88,79.23,251.59679999999997,0.023475953114230327,8377.63
990,3.07,10.01,3.43,77.9,76.4,239.153,0.04489528208176936,9909.9
711,2.72,9.23,2.58,75.0,71.49,204.00000000000003,0.036088958443284594,6562.530000000001
452,2.46,4.01,1.61,79.69,88.12,196.0374,0.018270538099121866,1812.52
1046,3.37,9.2,2.83,75.01,79.46,252.78370000000004,0.035615399494664045,9623.199999999999
866,4.44,5.4,2.67,81.98,75.39,363.99120000000005,0.03541583294656679,4676.400000000001
1391,4.65,14.06,2.8,78.05,69.62,362.9325,0.04021832228981294,19557.46
1544,3.11,2.97,3.55,75.96,88.67,236.23559999999998,0.0400360843536614,4585.68
1410,3.06,6.11,1.23,76.69,84.72,234.6714,0.014518411884040145,8615.1
641,4.21,6.63,1.84,77.98,74.57,328.2958,0.024674798890331383,4249.83
520,4.14,3.9,3.24,77.7,86.9,321.678,0.03728423046211387,2028.0
830,4.38,3.26,0.37,77.39,79.52,338.96819999999997,0.004652916919904814,2705.7999999999997
746,2.54,4.18,3.6,75.17,83.36,190.9318,0.043186175241581665,3118.2799999999997
498,3.57,6.32,2.26,77.54,90.09,276.81780000000003,0.02508602230147382,3147.36
774,3.39,10.5,3.96,77.44,75.81,262.5216,0.052235845899505876,8127.0
1086,2.51,12.74,1.7,75.57,83.11,189.68069999999997,0.02045481645351745,13835.64
1234,2.32,4.38,3.06,82.83,77.14,192.16559999999998,0.03966813071452804,5404.92
889,2.88,5.74,1.08,78.01,79.53,224.6688,0.013579779507131962,5102.860000000001
410,3.78,6.21,3.34,80.49,83.71,304.25219999999996,0.03989964879946854,2546.1
523,3.12,7.69,2.13,76.17,86.08,237.65040000000002,0.024744420917237345,4021.8700000000003
617,3.97,11.46,4.73,86.36,88.04,342.8492,0.05372557317973953,7070.820000000001
743,2.19,11.58,2.92,75.72,81.0,165.8268,0.03604937826550885,8603.94
953,5.17,6.96,2.22,74.2,71.65,383.61400000000003,0.030983945431410267,6632.88
941,3.83,6.6,3.44,85.5,68.29,327.46500000000003,0.05037340015032945,6210.599999999999
821,3.8,5.41,3.21,74.87,79.64,284.50600000000003,0.04030637364309723,4441.61
557,3.35,5.39,2.6,77.76,74.71,260.49600000000004,0.03480122677001382,3002.23
592,2.65,5.99,2.68,79.35,73.8,210.27749999999997,0.03631435822298669,3546.08
954,3.89,2.95,2.17,76.72,76.39,298.4408,0.028406855817926974,2814.3
543,3.15,6.5,2.0,84.88,78.16,267.37199999999996,0.025588533061856055,3529.5
1255,2.94,12.99,1.84,74.87,81.41,220.11780000000002,0.022601643213162607,16302.45
637,3.98,3.35,2.55,76.94,77.97,306.2212,0.032704882300258774,2133.9500000000003
445,2.48,3.64,1.6,76.26,71.57,189.12480000000002,0.02235573251980823,1619.8
1139,1.86,4.12,1.18,75.41,75.73,140.2626,0.015581669670979837,4692.68
958,2.12,3.73,2.88,75.66,77.9,160.3992,0.03697047022201922,3573.34
574,5.11,7.52,3.01,74.53,87.48,380.84830000000005,0.03440786072155227,4316.48
759,2.0,6.69,2.98,76.41,78.52,152.82,0.03795210927762235,5077.71
858,5.15,8.26,1.5,76.6,78.43,394.49,0.019125332254834596,7087.08
579,2.86,7.13,1.44,82.13,68.49,234.8918,0.021024964078702864,4128.2699999999995
388,3.78,7.83,1.66,77.14,81.77,291.5892,0.020300841347579632,3038.04
725,3.0,8.79,3.42,77.18,82.58,231.54000000000002,0.04141438103482913,6372.749999999999
809,3.12,7.65,2.26,76.4,77.47,238.36800000000002,0.029172579169668363,6188.85
919,3.07,4.25,1.11,77.36,78.26,237.49519999999998,0.014183489115322117,3905.75
940,2.58,2.29,2.05,78.12,78.55,201.54960000000003,0.026098023412091224,2152.6
486,4.38,8.67,3.4,77.36,78.48,338.8368,0.04332313413313785,4213.62
813,3.3,6.14,1.6,83.09,65.69,274.197,0.024356823815371624,4991.82
586,2.67,6.37,2.9,74.63,79.72,199.26209999999998,0.03637731605904214,3732.82
479,3.99,7.16,1.99,75.4,77.15,300.84600000000006,0.025793904628139384,3429.64
436,2.35,3.31,2.51,76.9,84.07,180.71500000000003,0.029856068769350687,1443.16
885,4.4,8.68,1.51,76.6,71.98,337.04,0.020978046543755687,7681.8
532,4.88,9.23,2.74,83.99,87.93,409.8712,0.031161147371642512,4910.360000000001
851,3.33,5.0,2.97,78.19,86.72,260.3727,0.034248151032270406,4255.0
933,5.47,6.34,1.59,77.77,74.38,425.40189999999996,0.021376711296489475,5915.22
665,3.96,7.05,1.6,76.76,69.42,303.9696,0.023048109615656925,4688.25
1154,4.39,4.45,1.4,85.85,75.58,376.88149999999996,0.01852341644305154,5135.3
1379,4.09,9.19,2.33,84.7,73.22,346.423,0.03182190223683389,12673.01
831,4.54,8.02,1.11,77.28,81.6,350.8512,0.01360293950944369,6664.62
509,4.02,8.64,1.56,85.29,69.99,342.8658,0.022288895229476323,4397.76
1363,3.74,2.73,1.99,75.5,78.27,282.37,0.025424808301417107,3720.99
791,4.79,9.36,0.86,75.9,65.42,363.56100000000004,0.013145824954780654,7403.759999999999
1222,2.38,5.88,3.1,74.03,75.25,176.1914,0.04119600781448401,7185.36
480,2.69,5.34,2.65,76.01,81.15,204.4669,0.032655572069553655,2563.2
1404,5.4,12.09,1.48,74.99,81.47,404.946,0.01816619391601891,16974.36
945,2.35,4.86,2.24,84.16,79.86,197.776,0.02804908238804378,4592.700000000001
653,2.42,10.73,1.43,74.98,66.67,181.4516,0.021448924336444526,7006.6900000000005
1062,3.49,5.63,1.65,75.74,81.64,264.3326,0.020210678563121195,5979.0599999999995
606,4.21,5.89,2.42,82.8,70.94,348.58799999999997,0.03411333040409777,3569.3399999999997
748,5.39,10.41,2.22,74.74,71.23,402.8486,0.031166638892792517,7786.68
1176,1.74,4.39,1.74,77.33,74.77,134.5542,0.02327136240853786,5162.639999999999
974,4.37,6.97,6.88,75.5,83.01,329.935,0.08288157054793752,6788.78
450,4.65,16.15,1.85,77.21,74.88,359.0265,0.02470619328175838,7267.499999999999
1209,1.96,13.13,2.03,75.22,80.16,147.4312,0.02532434813818012,15874.17
618,2.8,6.17,0.94,75.28,76.34,210.784,0.012313333466946099,3813.06
823,4.26,7.28,3.42,75.38,67.37,321.11879999999996,0.050764427673381664,5991.4400000000005
1065,2.66,6.11,1.68,74.95,79.83,199.36700000000002,0.021044717393872304,6507.150000000001
545,0.34,7.66,2.99,75.15,83.45,25.551000000000005,0.03582983393291385,4174.7
448,3.13,14.94,3.01,76.79,82.81,240.3527,0.03634826272814119,6693.12
954,3.42,5.33,3.26,75.76,81.25,259.0992,0.040123071984852675,5084.82
980,1.92,6.32,2.98,81.97,74.11,157.3824,0.04021049248272939,6193.6
1164,1.78,4.56,1.29,76.66,76.77,136.4548,0.01680343665449568,5307.839999999999
928,3.2,7.16,2.13,85.32,72.84,273.024,0.029242170614748677,6644.4800000000005
1184,4.36,7.39,1.82,80.05,83.74,349.01800000000003,0.021733935785295463,8749.76
820,3.16,9.83,2.66,75.92,74.71,239.90720000000002,0.03560433200316799,8060.6
841,2.12,5.61,2.0,82.5,84.39,174.9,0.02369948765262618,4718.01
340,2.17,5.48,1.72,75.17,80.77,163.1189,0.021295032648875493,1863.2
563,3.22,3.5,1.55,77.19,73.29,248.55180000000001,0.02114885780476766,1970.5
888,3.03,7.17,1.59,76.56,88.39,231.9768,0.01798845819793436,6366.96
665,3.46,7.78,3.06,75.81,78.85,262.3026,0.038807858109339496,5173.7
811,3.99,8.12,2.63,87.47,86.16,349.00530000000003,0.030524601842548533,6585.32
1353,2.11,8.3,3.16,75.01,73.73,158.2711,0.04285907461561445,11229.900000000001
1413,4.07,4.68,1.88,77.43,76.25,315.1401000000001,0.024655734471379084,6612.839999999999
798,1.99,2.98,1.36,77.3,76.03,153.827,0.01788767356468847,2378.04
358,2.57,3.84,3.06,77.81,77.55,199.9717,0.0394584088383741,1374.72
637,2.33,3.83,2.36,75.1,87.27,174.983,0.027042508646441085,2439.71
433,4.05,6.24,1.06,78.7,82.52,318.735,0.012845369262558259,2701.92
791,2.46,12.01,1.02,78.02,84.23,191.92919999999998,0.012109698194265914,9499.91
555,1.93,5.73,2.31,76.58,80.24,147.7994,0.028788630509891514,3180.15
548,4.28,6.03,3.01,82.55,81.73,353.314,0.03682857740993791,3304.44
804,2.45,8.63,1.51,75.27,71.35,184.4115,0.021163276641446863,6938.52
638,2.49,6.09,1.08,78.29,79.16,194.94210000000004,0.013643252445268768,3885.42
1193,2.88,4.4,1.38,82.8,83.05,238.46399999999997,0.01661649408591281,5249.200000000001
544,3.57,4.03,2.3,77.12,66.9,275.3184,0.034379666012008064,2192.32
779,4.98,6.32,1.29,76.95,64.93,383.21100000000007,0.019867546609033324,4923.280000000001
803,2.27,7.15,1.94,78.04,82.16,177.1508,0.023612460611920568,5741.450000000001
1012,4.13,4.1,6.62,81.91,82.92,338.2883,0.07983597686493284,4149.2
830,2.69,6.96,2.03,75.93,73.46,204.25170000000003,0.027634082815942984,5776.8
618,2.73,4.43,1.91,77.83,83.35,212.4759,0.022915414167316836,2737.74
657,2.47,5.52,2.76,75.95,79.18,187.59650000000002,0.034857282791452025,3626.64
1013,2.38,5.87,0.73,86.65,78.79,206.227,0.00926513399351009,5946.31
814,2.42,5.23,2.99,75.38,73.0,182.41959999999997,0.04095889849878103,4257.22
409,3.93,1.51,1.25,74.2,81.35,291.60600000000005,0.015365701860393134,617.59
613,2.28,5.75,1.16,77.48,75.77,176.65439999999998,0.015309487223243073,3524.75
622,1.84,8.43,2.09,82.91,72.55,152.5544,0.02880771484387114,5243.46
675,4.38,4.34,2.72,81.81,90.05,358.3278,0.030205438067136253,2929.5
652,5.51,8.87,3.08,77.15,71.08,425.0965,0.04333145141650937,5783.24
568,3.92,4.83,1.14,74.25,73.64,291.06,0.015480714899414053,2743.44
1306,3.66,6.61,2.29,76.74,72.71,280.8684,0.03149497572617581,8632.66
711,4.61,7.17,1.52,75.72,69.71,349.0692,0.02180461600851872,5097.87
597,3.41,5.85,1.65,76.18,72.87,259.77380000000005,0.0226430598815617,3492.45
510,2.03,7.28,3.21,78.01,84.63,158.3603,0.03792980764152101,3712.8
564,5.44,3.87,2.73,74.91,84.83,407.5104,0.03218200728727958,2182.68
351,1.81,6.07,1.81,76.02,65.58,137.5962,0.02759987380300796,2130.57
890,4.27,7.58,3.11,75.11,66.38,320.7197,0.046851454225451304,6746.2
540,3.23,7.66,1.29,83.6,85.23,270.02799999999996,0.015135513887655298,4136.4
942,2.16,5.18,1.37,75.7,92.25,163.51200000000003,0.014850946899626353,4879.5599999999995
604,2.13,5.93,2.7,77.48,74.23,165.0324,0.03637342902149683,3581.72
985,3.68,5.0,3.28,76.48,76.4,281.44640000000004,0.042931931553412093,4925.0
1164,3.85,7.09,3.15,78.37,84.03,301.72450000000003,0.037486607463214625,8252.76
694,4.3,8.74,3.65,77.71,80.32,334.15299999999996,0.045443221433861876,6065.56
574,5.22,3.43,1.14,74.76,80.65,390.2472,0.014135150138233086,1968.8200000000002
573,1.89,4.92,1.28,80.61,88.7,152.35289999999998,0.014430663536565554,2819.16
823,3.46,2.92,2.98,76.7,71.9,265.382,0.04144644764305317,2403.16
1285,3.46,6.3,0.99,74.64,75.96,258.2544,0.013033173639655919,8095.5
676,3.15,15.41,2.09,74.0,65.91,233.1,0.031709902638461136,10417.16
720,2.93,7.33,2.89,77.45,82.31,226.9285,0.035111160841797974,5277.6
458,3.66,10.8,2.95,83.53,79.2,305.7198,0.03724747004451136,4946.400000000001
1039,4.12,6.4,1.66,78.15,78.45,321.978,0.021159971808799003,6649.6
810,3.82,4.65,2.52,83.55,74.91,319.161,0.033640363951359775,3766.5000000000005
1305,2.49,4.31,1.91,75.58,79.29,188.19420000000002,0.02408878495538088,5624.549999999999
563,3.27,5.11,1.65,75.2,64.71,245.90400000000002,0.025498373435578203,2876.9300000000003
979,4.86,7.35,3.55,77.1,75.99,374.706,0.046716667098741005,7195.65
560,2.04,5.01,1.67,74.38,86.69,151.7352,0.019264042073590715,2805.6
576,2.94,7.74,2.02,74.98,77.26,220.4412,0.02614547940130994,4458.24
551,2.85,6.12,3.24,76.11,74.76,216.9135,0.04333867799108106,3372.12
611,2.41,8.74,2.92,77.56,79.38,186.9196,0.036785079770083176,5340.14
663,3.36,4.91,1.84,76.01,79.17,255.39360000000002,0.02324112375380526,3255.33
1516,2.96,7.34,1.29,76.62,84.33,226.79520000000002,0.015297045500172477,11127.44
581,4.04,6.04,2.56,76.99,79.89,311.0396,0.032044056572279815,3509.2400000000002
831,2.17,8.36,4.73,81.48,84.88,176.8116,0.055725723877742245,6947.16
738,4.04,5.51,1.58,85.02,70.41,343.4808,0.022439991131942748,4066.3799999999997
876,2.73,6.08,2.63,84.84,78.45,231.6132,0.03352453364888035,5326.08
695,2.36,4.44,1.21,76.48,74.68,180.4928,0.01620246167615671,3085.8
863,4.81,4.06,1.21,87.69,82.48,421.78889999999996,0.014670221305744262,3503.7799999999997
855,1.57,5.86,1.35,77.69,85.19,121.9733,0.01584692853070448,5010.3
744,1.87,7.8,3.54,87.01,79.17,162.70870000000002,0.04471390113503838,5803.2
883,2.22,5.87,3.18,76.56,83.53,169.96320000000003,0.03807014987787024,5183.21
495,2.55,6.3,1.02,77.23,78.53,196.9365,0.012988665097584987,3118.5
579,3.87,9.22,1.77,75.64,74.13,292.7268,0.023876969664512387,5338.38
756,4.17,5.31,1.68,77.25,84.48,322.1325,0.019886361282390946,4014.3599999999997
430,2.73,6.18,1.68,77.2,73.45,210.756,0.022872699404669922,2657.4
1201,2.53,6.37,1.81,78.25,75.12,197.9725,0.024094778475135983,7650.37
809,2.84,6.46,3.32,76.47,73.64,217.17479999999998,0.04508418725092514,5226.14
494,5.06,8.34,1.78,76.05,81.41,384.81299999999993,0.021864633108385566,4119.96
397,1.94,5.74,0.99,76.09,75.09,147.6146,0.01318417722943438,2278.78
687,2.16,14.0,3.12,76.68,81.48,165.6288,0.03829160060240542,9618.0
524,2.71,4.79,1.41,76.53,65.81,207.3963,0.021425312045994217,2509.96
1235,2.93,5.59,2.76,85.93,66.61,251.77490000000003,0.04143521371637686,6903.65
891,2.95,10.78,5.02,74.07,82.1,218.5065,0.06114493774117689,9604.98
428,3.97,6.32,3.75,77.3,83.82,306.88100000000003,0.044738720503612446,2704.96
533,2.59,7.52,3.73,77.6,90.94,200.98399999999998,0.04101605003122388,4008.16
833,2.66,7.05,2.92,76.52,81.0,203.5432,0.03604937826550885,5872.65
713,2.54,5.55,1.87,76.83,81.57,195.1482,0.022925092199939663,3957.15
767,2.3,6.88,4.21,78.16,86.28,179.76799999999997,0.04879461650502822,5276.96
554,2.53,4.33,1.19,77.09,66.79,195.0377,0.017817035811193916,2398.82
776,5.12,6.29,2.6,76.9,79.6,393.72800000000007,0.032663312479483356,4881.04
819,3.04,1.76,3.17,77.53,83.44,235.6912,0.03799136649192635,1441.44
623,2.76,9.94,0.16,76.15,83.12,210.174,0.0019249275836227642,6192.62
716,2.31,5.55,5.39,80.52,68.77,186.00119999999998,0.07837718796318337,3973.7999999999997
544,2.56,5.95,3.5,77.82,71.4,199.2192,0.04901960097764692,3236.8
680,3.65,9.82,3.2,74.72,89.29,272.728,0.03583827574887717,6677.6
1171,3.05,10.35,1.72,75.55,73.74,230.42749999999998,0.02332519347366511,12119.85
621,3.21,1.17,2.35,77.56,89.36,248.9676,0.026298117021249214,726.5699999999999
740,3.24,7.91,1.11,75.66,88.25,245.13840000000002,0.012577902257461502,5853.400000000001
1332,5.01,15.15,1.2,75.59,77.83,378.7059,0.015418217214670793,20179.8
776,4.4,5.7,2.96,78.01,65.82,343.244,0.04497112656166415,4423.2
1127,2.57,4.86,1.58,81.83,84.87,210.30309999999997,0.018616705712653975,5477.22
1025,4.0,6.78,1.34,77.65,82.47,310.6,0.016248330756841185,6949.5
728,2.36,13.51,1.37,81.55,79.38,192.45799999999997,0.0172587531797993,9835.28
708,4.26,5.07,3.0,78.56,81.35,334.6656,0.03687768446494352,3589.5600000000004
723,2.31,4.83,2.93,76.47,88.89,176.6457,0.0329620842657122,3492.09
1182,2.89,5.02,2.42,86.31,91.16,249.4359,0.026546728110275548,5933.639999999999
832,2.13,6.95,3.03,83.63,78.72,178.13189999999997,0.03849084876894705,5782.400000000001
916,4.03,9.52,1.81,76.95,79.09,310.10850000000005,0.02288531762734636,8720.32
908,5.26,6.78,2.42,76.14,81.45,400.4964,0.029711475787418562,6156.24
1348,2.1,6.53,2.13,74.64,81.98,156.744,0.02598194364699394,8802.44
646,2.74,6.08,2.93,78.04,84.53,213.82960000000003,0.03466224598814078,3927.68
436,5.33,7.1,3.06,75.22,85.71,400.9226,0.03570178092383842,3095.6
992,4.91,7.18,2.31,75.57,78.49,371.0487,0.029430496951140663,7122.5599999999995
682,2.49,6.28,1.69,81.74,89.13,203.5326,0.018961065975421746,4282.96
855,4.18,8.71,2.79,82.41,86.38,344.4738,0.03229913958102112,7447.050000000001
809,2.52,7.4,2.54,78.51,86.34,197.8452,0.029418574308712725,5986.6
705,3.4,13.89,2.36,75.16,73.32,255.54399999999998,0.032187666095517445,9792.45
770,2.46,4.15,3.01,75.55,75.15,185.85299999999998,0.040053221549804174,3195.5000000000005
778,4.58,5.37,3.48,75.41,86.41,345.3778,0.040273111876737426,4177.86
681,2.15,6.15,1.72,75.87,77.66,163.1205,0.022147820995644992,4188.150000000001
1070,2.07,4.36,3.03,86.25,68.07,178.5375,0.04451299478287134,4665.200000000001
845,3.13,5.82,1.4,75.98,80.3,237.8174,0.017434618003160894,4917.900000000001
924,3.97,8.27,1.33,75.8,88.21,300.926,0.015077653885313017,7641.48
738,5.43,6.21,2.24,77.14,79.1,418.87019999999995,0.02831858049069779,4582.98
639,4.01,5.68,1.81,84.09,87.81,337.2009,0.02061268413475867,3629.52
569,3.94,4.63,4.71,76.08,79.56,299.7552,0.059200595877250385,2634.47
399,4.49,6.6,4.64,76.43,82.12,343.17070000000007,0.05650267212583144,2633.3999999999996
415,2.68,5.12,1.07,77.86,75.09,208.6648,0.014249565288378573,2124.8
840,1.97,5.43,5.14,76.69,77.26,151.0793,0.06652859610036291,4561.2
974,4.43,5.48,1.25,80.01,74.66,354.4443,0.01674256405805464,5337.52
987,2.99,7.97,2.64,75.93,71.23,227.03070000000002,0.03706303003467218,7866.389999999999
1084,3.94,6.88,2.33,75.5,70.35,297.46999999999997,0.033120109009224026,7457.92
686,3.67,3.78,1.61,77.3,75.99,283.691,0.021186995501119164,2593.08
935,2.14,7.27,1.56,76.71,83.98,164.1594,0.018575849181251585,6797.45
841,1.86,6.05,2.85,75.91,84.96,141.1926,0.03354519379176156,5088.05
732,3.23,7.79,1.45,74.98,64.92,242.18540000000002,0.022335178321753184,5702.28
952,5.19,11.54,2.01,78.13,79.85,405.4947,0.025172194718572984,10986.08
781,3.54,8.02,1.75,75.79,88.17,268.2966,0.019848018617668297,6263.62
1086,3.54,8.75,2.8,77.57,72.21,274.5978,0.03877578745661439,9502.5
722,3.39,6.29,1.96,75.65,83.16,256.4535,0.023569020734845993,4541.38
1112,2.25,5.08,2.96,76.85,80.6,172.9125,0.03672456120042665,5648.96
924,2.42,8.26,4.14,75.48,83.45,182.6616,0.04961053929172686,7632.24
508,2.79,6.39,1.72,76.95,88.49,214.69050000000001,0.019437222348601835,3246.12
617,4.1,19.16,2.91,83.37,78.54,341.817,0.03705117939251599,11821.72
811,2.55,6.62,2.34,78.72,77.86,200.736,0.03005393911457242,5368.82
539,2.07,5.27,6.41,75.1,77.61,155.45699999999997,0.08259243878463615,2840.5299999999997
677,4.68,3.8,3.07,77.89,73.55,364.5252,0.04174030703734778,2572.6
902,2.85,4.19,1.92,76.6,76.45,218.31,0.025114450606350473,3779.3800000000006
611,3.29,6.54,3.1,75.86,86.6,249.5794,0.035796762610073606,3995.94
722,2.05,3.05,1.83,77.8,86.53,159.48999999999998,0.021148732098840623,2202.1
1086,1.96,10.36,2.94,84.86,82.5,166.3256,0.03563635931680493,11250.96
723,2.36,10.5,2.72,76.06,74.5,179.5016,0.03651006221341447,7591.5
1152,3.18,8.4,1.73,76.46,80.43,243.1428,0.021509384370336393,9676.800000000001
793,2.46,7.6,1.87,74.28,78.2,182.7288,0.02391304042032731,6026.799999999999
488,2.72,6.22,2.04,75.14,75.16,204.38080000000002,0.027142093248790147,3035.3599999999997
1059,2.11,5.68,2.48,76.08,92.23,160.5288,0.02688929557743732,6015.12
1238,3.33,3.5,2.03,76.57,75.35,254.97809999999998,0.026940938693969647,4333.0
716,3.57,5.31,2.46,83.65,79.79,298.6305,0.030830927330376318,3801.9599999999996
609,3.56,7.42,1.7,77.68,76.62,276.54080000000005,0.02218741553283535,4518.78
766,4.1,5.89,1.79,74.81,92.35,306.721,0.019382780792335595,4511.74
1272,2.54,6.38,1.78,81.01,88.11,205.76540000000003,0.020202017909202372,8115.36
1586,4.38,8.21,2.59,77.65,65.07,340.107,0.03980328264894995,13021.060000000001
849,5.57,8.27,1.13,76.17,74.16,424.2669,0.015237322648688961,7021.23
402,2.58,4.16,2.11,85.93,87.37,221.69940000000003,0.024150163196730773,1672.3200000000002
534,3.01,6.86,5.6,78.48,70.46,236.2248,0.07947770657426816,3663.2400000000002
1290,3.08,4.5,1.41,77.62,67.93,239.0696,0.020756658213358127,5805.0
568,2.3,4.48,1.83,76.37,78.77,175.651,0.023232192048725144,2544.6400000000003
1062,3.69,8.88,1.24,76.15,69.91,280.99350000000004,0.01773708800785467,9430.560000000001
657,2.64,4.28,2.53,83.53,81.63,220.5192,0.030993503492159315,2811.96
1580,3.58,6.08,1.75,74.05,86.36,265.099,0.020264008769799818,9606.4
885,3.49,5.68,2.47,76.69,87.23,267.6481,0.028315943102608838,5026.8
708,4.35,4.87,3.02,74.57,80.8,324.37949999999995,0.03737623299799096,3447.96
799,4.39,9.71,0.2,76.76,73.99,336.9764,0.002703067616830975,7758.290000000001
652,2.68,9.7,2.35,76.51,87.8,205.04680000000002,0.026765372805766196,6324.4
628,4.65,5.29,3.03,76.42,82.73,355.353,0.03662516177624056,3322.12
882,2.05,6.55,1.24,81.67,83.42,167.4235,0.014864539095595888,5777.099999999999
739,2.87,4.16,2.5,78.65,86.87,225.7255,0.028778631428728968,3074.2400000000002
818,3.92,2.61,1.46,75.39,77.2,295.5288,0.01891191464871572,2134.98
597,4.5,7.87,2.9,76.48,74.15,344.16,0.03910990706542048,4698.39
413,2.49,5.11,2.69,78.14,78.97,194.56860000000003,0.03406356413023121,2110.4300000000003
587,4.0,4.42,3.17,74.62,73.73,298.48,0.042994704598575254,2594.54
541,2.65,6.41,3.09,76.79,80.71,203.4935,0.03828521394062521,3467.81
1213,2.67,8.28,2.23,76.55,82.27,204.3885,0.02710586761810288,10043.64
737,2.94,5.68,2.48,75.77,79.19,222.76379999999997,0.031317081535915954,4186.16
523,4.99,6.35,2.78,84.17,88.33,420.0083,0.03147288220617206,3321.0499999999997
1087,2.29,6.14,1.69,75.96,75.02,173.9484,0.022527323043545315,6674.179999999999
672,2.47,6.81,1.74,76.55,76.11,189.07850000000002,0.022861644611530074,4576.32
611,3.24,10.39,2.4,76.05,76.81,246.40200000000002,0.031245927451382962,6348.29
840,2.18,5.9,4.94,74.02,71.39,161.3636,0.06919735688508799,4956.0
912,5.13,4.23,1.68,78.69,72.93,403.67969999999997,0.02303578458305435,3857.76
415,2.88,6.25,3.25,77.04,68.22,221.8752,0.047639981289947037,2593.75
629,3.65,7.06,1.95,78.03,77.48,284.8095,0.025167781986605315,4440.74
670,2.16,10.07,1.58,73.82,75.3,159.4512,0.020982732937220062,6746.900000000001
993,3.38,5.09,4.75,76.33,80.02,257.99539999999996,0.05936015254184547,5054.37
915,2.48,6.75,5.51,76.88,79.94,190.6624,0.06892668639896342,6176.25
771,3.22,4.83,1.7,74.28,74.19,239.18160000000003,0.022914136283308222,3723.93
721,2.49,7.43,1.46,78.61,76.05,195.73890000000003,0.019197893596595187,5357.03
780,4.16,7.02,2.32,86.25,72.35,358.8,0.03206633972821842,5475.599999999999
676,2.32,3.64,0.94,84.95,76.9,197.084,0.012223665510576654,2460.64
615,2.31,3.81,1.54,76.08,78.02,175.7448,0.019738526052483205,2343.15
875,2.71,4.95,3.19,76.95,79.43,208.5345,0.04016114312462002,4331.25
586,1.98,8.84,1.82,78.12,84.35,154.6776,0.02157676092747351,5180.24
1597,4.96,5.64,1.68,80.15,88.91,397.54400000000004,0.01889551019058484,9007.08
1456,2.86,6.16,3.05,76.78,81.05,219.5908,0.037631087275621554,8968.960000000001
646,3.79,10.02,2.66,75.52,69.08,286.2208,0.038506074333226066,6472.92
764,2.14,6.61,1.39,84.07,82.85,179.9098,0.016777306363632304,5050.04
1043,3.3,9.76,2.29,78.37,79.09,258.621,0.02895435213625589,10179.68
356,2.0,8.16,2.92,73.59,72.25,147.18,0.04041521931969282,2904.96
701,4.28,5.15,3.21,75.49,70.9,323.0972,0.04527502887517223,3610.15
589,4.62,1.46,2.78,77.15,83.16,356.43300000000005,0.0334295294096285,859.9399999999999
704,2.45,4.01,4.4,80.8,67.95,197.96,0.06475348568749291,2823.04
583,2.41,4.77,1.28,74.71,74.7,180.0511,0.017135205202783773,2780.91
667,2.33,8.21,2.79,74.36,81.14,173.2588,0.03438500931907699,5476.070000000001
435,1.99,4.45,2.15,81.74,83.65,162.6626,0.025702328069058207,1935.75
839,3.3,5.8,1.61,77.21,84.68,254.79299999999998,0.01901275165177708,4866.2
519,4.05,5.25,2.27,76.68,72.72,310.55400000000003,0.031215617269579582,2724.75
551,3.38,9.65,4.12,77.41,79.9,261.6458,0.051564449115838656,5317.150000000001
672,4.83,3.92,1.88,74.52,82.99,359.9316,0.022653328997068442,2634.24
1136,3.24,5.67,1.52,75.66,80.62,245.13840000000002,0.018853880072701553,6441.12
1355,3.56,6.34,3.15,87.03,93.05,309.8268,0.03385276369126666,8590.699999999999
540,2.91,6.3,3.62,79.95,79.53,232.6545,0.045517409088720096,3402.0
770,2.54,5.62,3.13,75.24,83.34,191.1096,0.03755699093388637,4327.4
557,2.01,6.04,2.24,82.22,73.84,165.26219999999998,0.03033585721345379,3364.28
1026,2.46,13.3,1.58,76.3,73.79,187.69799999999998,0.021412112561036378,13645.800000000001
522,5.06,5.78,1.0,75.74,75.91,383.2443999999999,0.013173493192794995,3017.1600000000003
921,3.87,4.78,1.92,74.11,78.64,286.8057,0.024415052846509046,4402.38
609,5.25,4.29,2.71,77.75,81.65,408.1875,0.03319044296504066,2612.61
896,1.99,5.54,1.11,73.92,73.69,147.1008,0.015063100140711069,4963.84
586,2.36,3.91,1.37,77.71,90.92,183.39559999999997,0.01506819015967992,2291.26
717,4.93,5.91,2.47,75.83,74.52,373.84189999999995,0.03314545985702364,4237.47
760,3.52,4.57,2.0,75.85,83.31,266.99199999999996,0.024006719000513863,3473.2000000000003
527,2.03,8.3,1.6,84.17,77.89,170.86509999999998,0.020541787066146223,4374.1
401,3.13,6.47,2.71,73.78,70.23,230.9314,0.03858749272568806,2594.47
612,1.98,6.62,1.38,76.3,84.89,151.07399999999998,0.01625632980841915,4051.44
666,3.42,5.68,1.04,79.63,87.13,272.33459999999997,0.011936185936395508,3782.8799999999997
459,3.51,5.87,1.06,76.65,86.68,269.0415,0.012228886452597317,2694.33
676,3.21,6.39,0.93,76.28,77.66,244.8588,0.011975275305784792,4319.639999999999
1187,2.58,5.04,2.26,85.11,77.43,219.5838,0.02918764959477597,5982.4800000000005
528,4.99,5.32,1.91,78.18,85.02,390.11820000000006,0.022465299639461346,2808.96
676,4.09,6.51,2.41,75.07,74.84,307.0363,0.0322020266966827,4400.76
469,3.73,8.77,2.5,77.18,67.91,287.88140000000004,0.03681342411818228,4113.13
520,2.61,8.15,1.68,75.49,84.71,197.02889999999996,0.01983236691862036,4238.0
918,2.98,11.25,2.72,76.19,92.01,227.0462,0.02956200091707413,10327.5
753,3.04,4.46,3.28,73.07,79.69,222.13279999999997,0.04115948787056244,3358.38
925,3.73,9.97,3.58,76.28,74.89,284.5244,0.04780343866959024,9222.25
907,2.46,5.19,1.32,75.39,76.73,185.4594,0.017203177739713575,4707.33
504,0.49,4.83,2.46,86.08,79.12,42.1792,0.031092008203740112,2434.32
370,4.74,6.71,2.59,77.22,79.54,366.0228,0.03256222874500518,2482.7
703,2.28,6.27,1.91,77.27,73.29,176.17559999999997,0.026060850585229823,4407.8099999999995
896,2.51,5.8,2.47,78.46,87.58,196.93459999999996,0.028202782803975476,5196.8
895,2.21,3.47,1.01,77.38,83.27,171.00979999999998,0.0121292167492234,3105.65
591,5.12,4.99,1.59,78.1,75.04,399.87199999999996,0.02118869653668756,2949.09
604,3.22,6.87,2.89,73.4,66.6,236.34800000000004,0.04339338687786984,4149.4800000000005
1145,4.69,5.46,1.92,78.58,70.69,368.5402,0.02716083927559212,6251.7
816,3.82,8.53,1.61,75.53,82.16,288.52459999999996,0.019595908033604184,6960.48
973,2.16,11.99,2.62,76.64,78.45,165.54240000000001,0.03339706393918879,11666.27
861,2.43,11.12,2.16,76.36,76.65,185.5548,0.028180035462487218,9574.32
978,5.32,3.04,2.35,77.98,69.19,414.85360000000003,0.03396444082028605,2973.12
1109,4.36,6.96,1.26,77.47,82.47,337.7692,0.015278281159417829,7718.64
726,3.55,3.78,5.24,76.28,85.63,270.794,0.06119349980223055,2744.2799999999997
716,2.43,5.79,0.83,77.58,72.19,188.51940000000002,0.011497435725524903,4145.64
915,1.99,6.72,1.09,77.76,83.73,154.7424,0.013018032602647486,6148.8
727,0.38,7.41,3.04,76.21,74.76,28.959799999999998,0.040663450954594574,5387.07
854,2.7,5.32,1.43,82.52,81.55,222.804,0.01753525229488016,4543.280000000001
507,3.14,4.18,1.58,73.43,68.88,230.57020000000003,0.02293844033994769,2119.2599999999998
856,5.25,5.86,2.75,75.77,69.7,397.79249999999996,0.03945480065210894,5016.16
1240,4.34,4.51,1.57,76.51,72.48,332.0534,0.021661144914301197,5592.4
611,2.35,6.42,2.92,75.59,77.06,177.6365,0.037892546341481134,3922.62
698,2.41,4.0,2.32,75.38,78.85,181.6658,0.029422951246296607,2792.0
1005,2.43,12.62,5.63,76.44,85.22,185.7492,0.06606429640174884,12683.099999999999
631,4.1,6.28,2.51,77.08,88.3,316.02799999999996,0.02842581784532074,3962.6800000000003
1417,4.14,5.4,3.36,76.09,77.83,315.01259999999996,0.04317100820107822,7651.8
705,1.91,6.83,3.46,75.51,70.2,144.2241,0.04928774226670338,4815.15
770,3.13,5.12,2.36,76.57,82.08,239.66409999999996,0.02875243314419674,3942.4
723,3.78,7.05,1.58,78.03,83.58,294.9534,0.018904041767882056,5097.15
760,4.52,7.4,0.63,82.36,85.24,372.26719999999995,0.007390895425751358,5624.0
796,2.75,6.85,2.4,76.47,78.92,210.2925,0.030410538468000698,5452.599999999999
932,2.47,11.02,1.35,76.36,75.26,188.60920000000002,0.017937813189235558,10270.64
808,3.21,10.59,5.38,75.0,84.0,240.75,0.0640476114229034,8556.72
713,4.71,10.11,5.51,77.35,67.28,364.3185,0.08189653955164393,7208.429999999999
1091,2.99,7.05,1.61,75.14,89.89,224.66860000000003,0.017910777849507415,7691.55
660,3.05,4.62,3.43,75.51,77.93,230.3055,0.044013852943172976,3049.2000000000003
610,2.27,6.99,0.93,75.49,73.68,171.36229999999998,0.012622148124029842,4263.900000000001
591,3.89,5.65,3.33,74.73,76.89,290.6997,0.04330861707522213,3339.15
1390,5.33,5.57,1.51,81.7,84.7,435.461,0.01782762481373969,7742.3
412,2.36,5.29,3.37,84.57,76.52,199.5852,0.04404076789848825,2179.48
721,1.9,8.57,3.06,75.16,80.72,142.80399999999997,0.037908815918134796,6178.97
802,1.38,8.79,1.15,76.35,81.54,105.36299999999999,0.014103505751348323,7049.579999999999
1126,3.41,4.32,2.06,78.14,69.74,266.4574,0.02953828082330358,4864.320000000001
572,5.05,8.93,3.11,75.49,78.74,381.2245,0.03949707397801956,5107.96
472,2.0,13.39,0.99,83.17,80.52,166.34,0.012295080440253299,6320.08
750,2.65,9.32,1.49,79.45,75.07,210.5425,0.019848139090430386,6990.0
711,2.87,7.95,1.53,76.96,86.14,220.87519999999998,0.017761781081752834,5652.45
498,2.44,2.31,3.16,76.27,80.5,186.09879999999998,0.0392546535087387,1150.38
776,3.83,7.59,2.72,79.58,81.23,304.7914,0.03348516145695415,5889.84
699,3.03,7.54,2.8,74.79,81.2,226.6137,0.03448275437404502,5270.46
1429,2.16,6.78,1.91,87.21,82.94,188.3736,0.023028692665940115,9688.62
752,2.97,13.14,1.43,76.03,84.87,225.80910000000003,0.016849296942465303,9881.28
662,2.75,8.44,1.77,77.41,81.7,212.8775,0.021664624031257768,5587.28
857,3.02,8.1,1.7,74.97,84.21,226.4094,0.02018762377536827,6941.7
787,4.37,8.36,3.01,82.33,90.04,359.7821,0.03342958313754074,6579.32
435,2.77,8.09,2.87,77.0,85.62,213.29,0.03352020164445204,3519.15
534,2.62,4.13,3.58,75.59,70.18,198.0458,0.051011676971832856,2205.42
926,2.16,11.18,0.87,76.48,79.58,165.19680000000002,0.01093239370037777,10352.68
743,2.82,4.42,0.94,75.99,77.02,214.29179999999997,0.01220462059145409,3284.06
555,2.76,2.94,2.08,78.19,83.44,215.8044,0.024928089054639377,1631.7
979,3.94,6.29,5.16,77.1,65.61,303.774,0.07864653579537635,6157.91
561,3.13,6.0,1.99,74.77,74.35,234.03009999999998,0.026765295660350283,3366.0
963,1.86,4.71,1.82,76.23,83.35,141.7878,0.021835630253673636,4535.73
1139,4.21,6.96,2.07,77.35,71.84,325.64349999999996,0.028814027169539642,7927.44
691,4.02,1.46,1.92,74.95,79.83,301.299,0.02405110559299692,1008.86
411,4.04,10.56,2.71,77.84,75.49,314.47360000000003,0.035898789786887035,4340.16
524,0.81,7.94,2.08,76.05,90.96,61.600500000000004,0.022867191857168883,4160.56
660,3.59,7.05,1.98,76.35,77.13,274.0965,0.02567094182925686,4653.0
706,5.33,4.6,3.04,76.2,77.49,406.146,0.03923086343646104,3247.6
985,3.66,3.69,2.11,77.77,84.19,284.6382,0.025062355973113674,3634.65
1426,5.48,8.78,1.54,81.63,74.3,447.3324,0.02072678052129468,12520.279999999999
726,2.54,6.8,3.78,75.61,71.8,192.0494,0.052646232221973226,4936.8
585,3.55,8.54,1.53,77.82,80.98,276.26099999999997,0.018893551630828398,4995.9
482,3.62,5.57,1.66,76.9,72.51,278.37800000000004,0.022893390857345073,2684.7400000000002
684,2.62,5.32,1.85,75.63,80.01,198.1506,0.023122106846380844,3638.88
927,4.72,6.43,2.63,76.66,82.58,361.8352,0.03184790120514638,5960.61
779,2.75,19.56,3.18,87.2,74.9,239.8,0.04245660314331066,15237.24
1434,3.89,5.02,1.53,78.82,68.79,306.6098,0.022241601651169986,7198.679999999999
749,2.09,7.12,1.64,77.66,82.39,162.30939999999998,0.019905325900555174,5332.88
668,2.27,6.26,1.7,75.53,71.08,171.4531,0.023916710197424,4181.68
827,2.17,4.37,3.03,76.2,73.64,165.354,0.04114611065370577,3613.9900000000002
1357,3.62,3.86,1.0,76.67,73.35,277.54540000000003,0.013633263308348562,5238.0199999999995
694,1.89,6.27,2.94,74.61,71.32,141.0129,0.04122265266087315,4351.38
803,3.75,7.11,2.77,73.95,65.88,277.3125,0.04204613812292986,5709.33
622,3.13,7.4,2.49,75.59,71.79,236.5967,0.03468449161659122,4602.8
940,4.24,6.79,2.35,79.32,80.02,336.3168,0.02936765441543934,6382.6
867,1.77,4.91,2.91,75.52,72.21,133.6704,0.04029912196383854,4256.97
647,2.67,4.85,2.68,77.4,65.83,206.65800000000002,0.04071091588775393,3137.95
587,2.39,2.61,2.74,76.55,70.87,182.9545,0.03866233403946182,1532.07
840,2.08,9.07,2.0,75.13,73.55,156.2704,0.027192382434754258,7618.8
820,2.41,13.47,1.78,76.35,80.92,184.0035,0.021997031389393056,11045.4
541,2.11,1.96,2.78,74.54,72.19,157.2794,0.03850948351440871,1060.36
726,1.23,2.59,2.11,77.66,90.51,95.5218,0.023312338602105995,1880.34
1247,2.92,8.0,1.5,75.53,68.22,220.5476,0.021987683672283247,9976.0
591,4.12,6.54,3.2,82.16,81.21,338.4992,0.03940400943184221,3865.14
633,2.79,11.45,2.18,75.87,74.32,211.6773,0.029332611769024255,7247.849999999999
774,1.91,4.78,2.6,78.64,69.04,150.20239999999998,0.037659322471129415,3699.7200000000003
1259,2.7,9.37,1.38,86.45,78.2,233.41500000000002,0.01764705656687256,11796.829999999998
1001,4.71,10.09,3.15,83.49,70.13,393.23789999999997,0.04491657708304904,10100.09
632,2.4,16.79,3.12,80.63,84.62,193.51199999999997,0.036870711785545754,10611.279999999999
1818,3.75,12.12,1.58,75.24,80.3,282.15,0.019676211746424442,22034.16
699,4.06,8.53,2.25,76.95,84.69,312.417,0.026567478265736418,5962.469999999999
1136,2.42,9.57,1.8,76.85,80.92,185.97699999999998,0.022244189045453652,10871.52
665,5.8,1.62,0.97,77.23,71.24,447.934,0.013615944186419962,1077.3000000000002
686,2.85,7.77,3.97,77.38,68.75,220.533,0.05774544614611692,5330.219999999999
601,3.3,3.76,2.68,82.56,75.09,272.448,0.035690499974630446,2259.7599999999998
796,5.4,11.27,1.72,80.23,77.54,433.2420000000001,0.022182096700787114,8970.92
677,4.29,4.11,3.24,85.04,81.03,364.82160000000005,0.03998518573550713,2782.4700000000003
958,2.71,4.87,0.49,75.28,70.02,204.0088,0.006997999571836679,4665.46
1058,5.14,7.15,1.04,78.15,80.11,401.69100000000003,0.012982147923836234,7564.700000000001
1011,2.49,5.55,1.11,76.47,79.46,190.4103,0.013969290967871766,5611.05
968,2.96,5.09,1.1,75.53,81.09,223.5688,0.013565172824617977,4927.12
536,3.04,5.56,5.89,75.3,81.89,228.912,0.07192574527711011,2980.16
650,4.94,4.89,1.52,76.55,82.79,378.15700000000004,0.018359703060791994,3178.5
1455,2.63,6.96,2.98,75.85,83.03,199.48549999999997,0.03589063761403859,10126.8
530,5.14,6.49,1.14,77.78,76.75,399.7892,0.014853418260140942,3439.7000000000003
742,2.4,0.91,1.16,78.3,80.97,187.92,0.0143262919196873,675.22
657,2.99,4.18,2.48,77.23,78.19,230.91770000000002,0.03171760689121283,2746.2599999999998
825,4.14,5.24,1.88,78.31,86.0,324.2034,0.021860462574364813,4323.0
493,2.49,10.6,2.73,78.21,75.33,194.7429,0.036240536805982104,5225.8
1311,2.93,7.51,3.53,75.74,70.61,221.91819999999998,0.049992911769875116,9845.61
1042,3.21,5.19,3.65,79.14,88.6,254.0394,0.041196383612146316,5407.9800000000005
966,4.46,3.61,1.84,77.69,83.55,346.49739999999997,0.022022738237852994,3487.2599999999998
843,4.64,14.53,1.46,77.02,82.93,357.3728,0.017605207089689243,12248.789999999999
797,1.99,3.42,3.49,81.57,75.63,162.3243,0.046145703273079035,2725.74
854,4.47,4.76,1.5,76.94,79.84,343.92179999999996,0.018787572797147694,4065.04
532,4.16,0.95,1.48,77.19,76.04,321.1104,0.019463437734950323,505.4
780,2.29,0.03,1.89,75.71,84.82,173.3759,0.022282477920009678,23.4
848,2.72,7.66,2.69,75.55,65.1,205.496,0.041321038199533304,6495.68
939,3.91,14.28,3.19,76.06,73.33,297.3946,0.043501971430250724,13408.92
1206,2.84,4.3,1.63,77.01,73.59,218.7084,0.02214974559726245,5185.8
602,1.94,5.2,1.89,78.23,75.55,151.7662,0.02501654202295936,3130.4
632,4.45,7.13,1.48,82.89,84.01,368.8605,0.017616948266045915,4506.16
838,2.76,5.42,0.48,76.21,87.48,210.33959999999996,0.00548696782270601,4541.96
1449,2.84,6.06,2.11,80.79,87.33,229.4436,0.024161224761110184,8780.939999999999
724,2.33,6.67,1.67,77.82,72.15,181.32059999999998,0.023146219938153852,4829.08
846,2.7,5.99,2.22,86.45,70.95,233.41500000000002,0.03128963618186946,5067.54
851,2.58,3.39,1.27,76.77,79.76,198.0666,0.01592276630857995,2884.8900000000003
527,3.93,6.65,1.11,75.27,76.56,295.8111,0.01449843070814646,3504.55
658,2.78,4.4,1.7,83.98,73.04,233.46439999999998,0.023274914666632708,2895.2000000000003
667,2.88,5.98,1.04,85.71,72.73,246.84479999999996,0.01429946180400635,3988.6600000000003
484,4.32,9.92,3.32,73.86,72.12,319.0752,0.04603438074953123,4801.28
1101,2.37,5.27,2.52,76.72,82.28,181.8264,0.030627123161506665,5802.2699999999995
767,2.41,4.29,1.86,75.65,75.38,182.31650000000002,0.024674976827410877,3290.43
635,2.26,13.73,1.5,75.57,91.06,170.78819999999996,0.016472653583060225,8718.550000000001
779,4.44,5.43,2.21,86.46,69.83,383.8824,0.03164828416894112,4229.969999999999
580,2.23,5.73,2.57,77.13,74.4,171.9999,0.034543006109811,3323.4
401,2.8,7.32,2.87,75.58,75.18,211.624,0.038175041477116055,2935.32
924,3.01,4.34,2.0,75.53,83.57,227.34529999999998,0.023932030162494896,4010.16
1333,3.71,4.0,4.44,77.52,71.57,287.5992,0.06203715774246784,5332.0
565,2.58,14.56,3.61,84.72,74.95,218.5776,0.04816543720274353,8226.4
933,4.95,2.67,1.34,77.67,75.22,384.4665,0.017814408692580604,2491.11
922,4.38,14.21,1.2,83.26,84.88,364.6788,0.014137604366446234,13101.62
806,2.69,4.81,2.24,74.89,78.03,201.4541,0.02870690392068385,3876.8599999999997
837,4.67,5.69,5.3,74.84,90.85,349.50280000000004,0.05833791322642672,4762.530000000001
1096,2.23,4.53,1.35,81.88,83.31,182.5924,0.01620453532534686,4964.88
447,3.33,7.74,2.68,76.65,90.47,255.24450000000002,0.02962307619950523,3459.78
712,3.28,5.68,1.96,75.95,76.33,249.11599999999999,0.02567797384017112,4044.16
540,3.43,5.86,1.56,74.25,84.3,254.6775,0.018505335883115554,3164.4
1218,1.87,4.31,1.46,75.36,73.27,140.9232,0.019926297266780774,5249.58
625,3.94,6.7,2.81,74.99,83.01,295.4606,0.03385133913367797,4187.5
622,5.23,8.42,3.48,75.67,87.76,395.75410000000005,0.03965359621084819,5237.24
1167,3.75,9.54,2.44,74.44,73.9,279.15,0.03301758687177444,11133.179999999998
685,5.43,5.44,2.84,77.97,90.4,423.3771,0.03141592572832679,3726.4
1161,3.41,5.26,2.73,75.02,66.09,255.8182,0.04130730196590982,6106.86
901,3.02,7.48,1.84,84.94,86.6,256.5188,0.0212471107104953,6739.4800000000005
679,3.55,5.83,2.61,76.87,66.18,272.8885,0.039437890686326575,3958.57
637,4.78,5.33,2.8,77.06,88.4,368.34680000000003,0.03167420456174156,3395.21
1255,2.18,4.6,1.33,86.81,85.19,189.24580000000003,0.015612159219138489,5773.0
549,2.99,6.55,2.62,74.24,71.51,221.9776,0.036638227291535826,3595.95
552,2.79,4.86,2.77,79.76,74.18,222.53040000000001,0.0373415964759239,2682.7200000000003
1077,2.23,11.58,1.55,77.95,78.78,173.8285,0.019675041930053067,12471.66
720,4.35,7.88,6.18,77.16,77.9,335.64599999999996,0.07933246735141625,5673.6
629,1.84,6.12,1.92,77.25,79.32,142.14000000000001,0.024205745813698207,3849.48
638,3.56,4.21,3.46,76.5,70.38,272.34000000000003,0.04916168667779388,2685.98
597,3.01,7.11,2.21,77.12,88.77,232.1312,0.024895795325470843,4244.67
522,4.03,1.19,3.24,74.63,73.35,300.7589,0.04417177311904934,621.18
586,2.42,17.4,3.18,77.53,74.23,187.6226,0.04283981640309627,10196.4
779,2.95,9.41,3.94,77.17,71.72,227.65150000000003,0.05493585402456023,7330.39
559,2.91,10.12,2.19,77.51,83.96,225.55410000000003,0.026083846345420873,5657.08
612,2.59,3.17,1.4,77.28,87.97,200.15519999999998,0.015914514503294928,1940.04
676,4.59,6.11,1.85,77.53,73.9,355.8627,0.025033826111796192,4130.360000000001
645,4.96,6.9,2.6,76.32,66.95,378.5472,0.038834945655721334,4450.5
805,2.48,15.28,1.02,76.65,79.61,190.092,0.012812459136734186,12300.4
732,2.16,15.51,1.64,73.52,85.09,158.8032,0.01927370792411471,11353.32
654,5.05,10.14,1.52,75.39,67.91,380.7195,0.022382561863854827,6631.56
547,1.86,2.98,1.82,76.44,78.56,142.1784,0.02316700316102302,1630.06
737,3.13,7.9,3.36,81.27,84.47,254.37509999999997,0.039777431066955006,5822.3
792,1.89,4.48,2.98,74.94,72.07,141.6366,0.04134868303750756,3548.1600000000003
704,4.65,1.93,3.36,78.12,75.74,363.25800000000004,0.044362286194575364,1358.72
488,2.3,7.54,2.43,77.36,80.63,177.928,0.030137662143412857,3679.52
932,3.46,5.45,1.64,77.91,83.6,269.5686,0.019617222533825054,5079.400000000001
1271,4.91,4.96,1.63,77.15,69.68,378.8065,0.023392648766841447,6304.16
1384,2.16,0.75,3.42,74.1,80.5,160.056,0.042484466772115925,1038.0
628,3.93,4.73,1.78,82.99,75.23,326.1507,0.023660770482417853,2970.44
1185,3.76,10.67,2.25,78.49,75.17,295.12239999999997,0.02993214980282695,12643.95
629,4.7,4.31,2.67,88.62,74.95,416.514,0.03562374441310948,2710.99
1181,5.01,5.26,1.46,84.13,72.28,421.49129999999997,0.020199222440616706,6212.0599999999995
816,3.13,11.06,3.25,84.83,76.3,265.5179,0.04259501407666919,9024.960000000001
1002,4.05,5.58,3.11,76.98,80.89,311.769,0.03844726932287435,5591.16
430,2.43,5.24,2.03,76.34,85.29,185.5062,0.02380114623037328,2253.2000000000003
815,2.59,6.17,2.92,79.5,72.62,205.905,0.04020930319343111,5028.55
1097,1.84,9.24,1.08,74.24,85.76,136.6016,0.01259328211365647,10136.28
918,4.68,7.98,1.6,76.66,78.97,358.76879999999994,0.02026085598824161,7325.64
637,2.7,4.21,1.89,73.88,84.29,199.476,0.02242258602175987,2681.77
622,4.41,12.1,3.14,73.0,74.48,321.93,0.04215896319025736,7526.2
567,2.84,12.46,2.99,79.36,75.97,225.3824,0.039357635993466374,7064.820000000001
932,2.73,1.9,2.03,76.45,71.42,208.70850000000002,0.028423406829542586,1770.8
741,4.5,4.36,1.19,76.58,82.61,344.61,0.014405033966222737,3230.76
1014,4.32,9.77,1.7,76.41,84.49,330.0912,0.020120721964644105,9906.779999999999
517,5.04,7.93,1.42,76.81,78.3,387.1224,0.018135374439926636,4099.8099999999995
628,4.66,5.91,3.15,74.8,84.22,348.568,0.037402037829252215,3711.48
1071,3.82,6.59,2.58,74.91,85.67,286.15619999999996,0.030115556190550227,7057.889999999999
733,3.31,11.87,1.97,74.44,84.32,246.3964,0.023363374838309435,8700.71
533,4.18,6.09,1.3,76.85,79.46,321.23299999999995,0.016360430863273236,3245.97
910,2.87,4.41,3.3,74.23,76.15,213.04010000000002,0.04333551630525064,4013.1
1038,2.56,11.49,2.02,88.84,76.85,227.43040000000002,0.02628496730189105,11926.62
758,4.45,12.78,1.55,80.18,71.07,356.80100000000004,0.0218094805389784,9687.24
743,4.13,5.51,2.24,76.23,87.92,314.8299,0.02547770410854139,4093.93
597,2.67,7.11,1.48,79.28,74.32,211.67759999999998,0.019913883219337566,4244.67
418,2.75,1.38,1.52,78.49,86.26,215.8475,0.017621143331655074,576.8399999999999
710,4.65,5.49,1.72,75.87,73.13,352.79550000000006,0.023519756116538205,3897.9
735,3.74,5.93,0.34,81.85,74.75,306.11899999999997,0.004548494374783362,4358.55
906,3.9,7.3,2.11,87.37,90.31,340.743,0.023363965965677556,6613.8
1021,3.86,5.0,4.75,75.24,88.88,290.42639999999994,0.05344283827150784,5105.0
804,3.22,4.97,1.0,75.68,65.56,243.68960000000004,0.015253200846064543,3995.8799999999997
865,3.64,7.13,4.53,74.77,78.9,272.1628,0.05741444139233949,6167.45
975,4.71,5.24,1.51,83.03,71.25,391.0713,0.02119297948168709,5109.0
623,2.21,10.75,1.26,81.45,77.55,180.0045,0.01624758010991875,6697.25
680,4.61,3.92,2.27,87.17,81.63,401.85370000000006,0.027808400366482865,2665.6
628,3.86,4.6,1.56,75.83,75.76,292.7038,0.020591338359115842,2888.7999999999997
1073,4.24,6.3,1.69,80.64,82.47,341.91360000000003,0.020492297745568357,6759.9
453,3.23,12.94,2.65,79.32,87.36,256.2036,0.030334245611922432,5861.82
488,2.53,13.72,2.67,76.97,78.18,194.73409999999998,0.03415195265388172,6695.360000000001
556,2.21,4.49,2.7,77.58,84.82,171.4518,0.03183211131429954,2496.44
913,2.87,5.12,3.35,77.26,74.09,221.73620000000003,0.045215272612326544,4674.56
1545,2.6,8.19,2.18,76.42,84.51,198.692,0.02579576076254162,12653.55
793,2.6,5.79,5.89,77.06,75.43,200.35600000000002,0.07808563196531458,4591.47
501,2.99,4.48,1.64,76.78,63.97,229.5722,0.025637013344221766,2244.48
491,2.92,4.34,2.12,76.2,74.52,222.504,0.028448734776068872,2130.94
678,5.81,9.5,1.42,78.17,85.05,454.16769999999997,0.016696059177418086,6441.0
963,2.3,5.47,2.51,76.08,64.9,174.98399999999998,0.03867487847844707,5267.61
717,2.29,6.65,3.37,77.45,78.05,177.3605,0.04317744482031457,4768.05
1378,2.81,6.07,1.64,75.21,70.45,211.34009999999998,0.023278917916406253,8364.460000000001
511,1.79,6.11,2.84,75.98,67.44,136.0042,0.042111500280026644,3122.21
751,2.97,7.9,2.1,76.79,77.33,228.06630000000004,0.027156339434069646,5932.900000000001
886,2.93,2.86,2.82,76.89,79.56,225.2877,0.035444942754532076,2533.96
739,4.48,6.7,2.92,77.67,92.73,347.96160000000003,0.031489266527632204,4951.3
394,3.87,5.19,1.72,75.44,81.88,291.9528,0.021006348191701493,2044.8600000000001
726,2.62,12.98,1.95,78.03,75.1,204.4386,0.02596537603656777,9423.48
511,3.46,6.73,0.97,83.2,68.72,287.872,0.014115248237012771,3439.03
739,3.01,3.31,1.68,76.66,72.64,230.74659999999997,0.02312775012007845,2446.09
1025,2.78,6.05,1.49,77.95,76.9,216.701,0.01937581022421193,6201.25
987,2.86,5.32,1.38,77.54,67.74,221.7644,0.02037200762149282,5250.84
692,2.9,12.06,2.01,82.21,77.75,238.40899999999996,0.025852086707127107,8345.52
572,4.36,6.63,3.46,75.21,70.98,327.9156,0.04874611880161752,3792.36
747,2.54,7.94,3.04,77.33,75.96,196.41819999999998,0.04002105844904444,5931.18
1124,4.76,5.54,2.72,77.08,77.33,366.9008,0.035173925362223545,6226.96
744,4.38,7.52,2.91,77.7,75.08,340.326,0.03875865226975862,5594.88
1062,2.49,5.21,2.93,76.0,83.41,189.24,0.03512767832062363,5533.0199999999995
984,2.01,6.87,1.55,76.03,84.28,152.82029999999997,0.018391075179037115,6760.08
661,2.26,5.79,5.57,77.88,71.81,176.00879999999998,0.07756578783375744,3827.19
729,3.94,14.98,1.33,76.03,85.46,299.5582,0.015562834593630403,10920.42
787,2.5,6.36,2.73,77.81,75.55,194.525,0.03613500514427463,5005.320000000001
574,3.47,5.21,1.39,75.43,70.77,261.74210000000005,0.019641088082367093,2990.54
1366,2.58,5.78,1.72,82.03,72.86,211.6374,0.02360691413575156,7895.4800000000005
922,3.66,8.46,1.1,76.62,86.69,280.42920000000004,0.012688889988592689,7800.120000000001
621,3.93,6.89,2.98,75.02,82.69,294.8286,0.036038210661723226,4278.69
606,4.53,4.7,1.22,75.21,74.85,340.7013,0.016299263019470538,2848.2000000000003
713,2.64,5.83,3.02,77.0,79.93,203.28,0.03778305545063737,4156.79
841,3.35,4.39,4.0,77.86,73.08,260.831,0.05473453000348522,3691.99
733,3.81,6.01,1.6,76.66,75.32,292.0746,0.021242695002297533,4405.33
1628,4.64,4.87,2.54,86.88,79.58,403.12319999999994,0.03191756321719487,7928.360000000001
1511,2.46,4.32,1.52,77.17,83.97,189.8382,0.018101700833428505,6527.52
468,1.31,7.57,3.64,76.43,77.89,100.12330000000001,0.04673256557548266,3542.76
992,3.81,8.0,1.91,88.35,81.52,336.6135,0.023429830295653792,7936.0
751,2.62,4.79,1.67,77.24,87.37,202.3688,0.019114110207839048,3597.29
490,2.91,3.74,2.0,75.98,79.16,221.10180000000003,0.02526528230605327,1832.6000000000001
479,1.85,1.59,1.14,75.98,82.37,140.56300000000002,0.013839988607504112,761.61
605,5.24,13.65,1.79,76.41,80.66,400.3884,0.022191913936038442,8258.25
583,2.62,3.79,1.21,77.79,71.0,203.80980000000002,0.0170422511208097,2209.57
630,2.64,8.56,1.86,75.79,72.61,200.08560000000003,0.025616302765968494,5392.8
815,4.04,4.82,3.06,82.9,90.14,334.91600000000005,0.03394718948888512,3928.3
670,3.64,5.39,1.81,76.37,80.45,277.9868,0.022498443443325862,3611.2999999999997
414,4.63,7.79,3.18,74.72,75.54,345.9536,0.04209689673061997,3225.06
730,3.67,12.63,2.67,75.18,73.75,275.91060000000004,0.036203384921574926,9219.900000000001
909,2.94,6.6,1.32,87.02,76.93,255.8388,0.017158453508585268,5999.4
1136,3.04,5.95,3.09,76.84,90.33,233.5936,0.034207900563721846,6759.2
387,3.45,12.94,3.14,75.54,75.62,260.61300000000006,0.04152340101515459,5007.78
605,2.73,5.02,2.2,74.0,78.48,202.02,0.02803261620379508,3037.1
928,2.1,7.34,3.72,81.94,91.21,172.074,0.04078499717300766,6811.5199999999995
587,3.59,16.83,2.42,76.3,82.2,273.917,0.02944038571284845,9879.21
875,4.01,4.99,1.99,76.14,75.28,305.3214,0.026434640484240105,4366.25
1048,4.67,8.35,3.69,75.16,86.44,350.99719999999996,0.042688565167912404,8750.8
563,3.59,8.52,1.73,74.49,65.98,267.41909999999996,0.026220062712933808,4796.759999999999
678,4.42,6.28,2.14,75.75,73.35,334.815,0.02917518347986592,4257.84
459,1.9,6.25,1.54,72.26,84.09,137.294,0.01831370932171372,2868.75
998,2.58,4.07,2.69,84.02,76.62,216.7716,0.03510832222548652,4061.86
1289,3.66,4.28,3.21,75.57,76.89,276.58619999999996,0.041747946189628536,5516.92
1099,3.12,6.09,1.74,75.33,79.59,235.02960000000002,0.021862040223389844,6692.91
1187,3.84,16.91,1.96,75.93,80.25,291.57120000000003,0.024423672969012714,20072.170000000002
872,4.09,5.22,1.4,76.3,83.09,312.06699999999995,0.01684919763519104,4551.84
405,1.86,4.34,1.79,76.58,81.76,142.43880000000001,0.021893343701890444,1757.7
807,2.51,4.94,0.39,75.95,78.09,190.6345,0.004994236778814601,3986.5800000000004
776,2.18,5.5,1.97,76.13,71.57,165.9634,0.02752549566501388,4268.0
563,2.71,4.96,2.48,81.88,86.89,221.89479999999998,0.028541831218571616,2792.48
882,3.42,5.7,2.35,76.68,73.85,262.2456,0.03182125500050711,5027.400000000001
1509,2.02,5.07,1.22,75.3,90.14,152.106,0.013534500384457467,7650.63
717,4.6,7.16,1.56,74.97,76.6,344.86199999999997,0.02036553258935606,5133.72
514,4.39,7.95,3.33,75.46,72.78,331.26939999999996,0.04575432182545729,4086.3
741,5.86,10.19,3.24,75.51,76.72,442.4886000000001,0.042231485631975284,7550.79
726,4.16,5.18,1.55,75.09,86.8,312.37440000000004,0.01785714079986857,3760.68
946,2.72,7.5,2.4,77.91,75.21,211.9152,0.03191064593662466,7095.0
1219,4.18,7.86,2.37,77.94,80.77,325.7892,0.029342574056880767,9581.34
561,3.18,3.68,1.6,87.37,67.32,277.83660000000003,0.023767079060148688,2064.48
534,2.09,6.62,2.39,81.46,80.32,170.25139999999996,0.029755972390939696,3535.08
632,4.48,6.2,2.59,74.78,73.5,335.0144,0.035238090443797214,3918.4
980,1.94,7.27,1.89,77.03,72.29,149.4382,0.02614469136191847,7124.599999999999
508,4.11,6.13,2.61,77.0,84.85,316.47,0.030760161371813626,3114.04
442,2.6,2.53,1.83,75.45,77.29,196.17000000000002,0.023677057358383054,1118.26
553,3.13,5.29,3.52,76.33,81.61,238.91289999999998,0.043131963836299005,2925.37
835,3.73,8.6,3.1,76.05,86.07,283.6665,0.03601719112150679,7181.0
1182,4.63,8.13,3.2,76.12,83.42,352.4356,0.03836010089186036,9609.660000000002
609,2.26,8.51,0.93,78.15,87.59,176.619,0.010617649204515446,5182.59
745,4.11,4.35,2.61,77.21,84.76,317.3331,0.03079282317215394,3240.7499999999995
951,2.21,8.95,2.36,80.54,69.27,177.9934,0.034069577873599266,8511.449999999999
485,2.03,6.12,3.3,75.71,86.91,153.69129999999998,0.03797030974913016,2968.2000000000003
716,2.89,4.91,1.99,73.9,88.89,213.57100000000003,0.0223872176412175,3515.56
921,3.36,6.47,2.34,77.24,73.13,259.52639999999997,0.03199780773994151,5958.87
521,4.08,10.83,2.87,77.69,82.96,316.9752,0.03459498136511797,5642.43
717,4.24,6.05,1.94,76.1,89.78,322.664,0.021608373623482554,4337.849999999999
814,2.75,10.34,2.96,77.56,74.51,213.29000000000002,0.03972620591515153,8416.76
541,3.75,6.3,1.85,76.71,80.89,287.66249999999997,0.022870562137401147,3408.2999999999997
620,1.53,8.53,2.17,76.3,80.1,116.739,0.02709113269773624,5288.599999999999
1071,3.45,6.6,1.67,76.37,83.46,263.47650000000004,0.020009583032640423,7068.599999999999
619,3.23,4.37,1.59,77.75,67.23,251.1325,0.023650152662479152,2705.03
707,3.76,5.51,1.68,78.13,92.61,293.76879999999994,0.01814058761034579,3895.5699999999997
553,4.02,6.58,2.0,74.07,76.41,297.7613999999999,0.02617458105292749,3638.7400000000002
685,3.6,10.01,1.76,78.48,85.51,282.528,0.02058238561777738,6856.849999999999
463,3.13,4.79,2.53,75.92,83.9,237.6296,0.030154942770567007,2217.77
559,5.03,4.13,1.94,77.92,71.34,391.93760000000003,0.02719371640121721,2308.67
887,2.76,6.32,2.63,77.8,67.39,214.72799999999998,0.03902655601327259,5605.84
1038,3.94,7.01,2.94,77.25,83.59,304.365,0.035171667044901656,7276.38
1586,3.26,5.37,1.43,73.94,76.79,241.04439999999997,0.01862221400934835,8516.82
453,4.32,4.98,0.88,75.25,84.7,325.08000000000004,0.010389609162974125,2255.94
856,4.76,7.98,1.7,78.03,71.62,371.4228,0.023736383170010724,6830.88
798,5.79,6.73,1.82,77.6,79.91,449.304,0.02277561972523843,5370.54
1004,3.89,5.66,2.19,74.09,84.33,288.2101,0.025969402825874205,5682.64
906,3.78,6.1,2.34,76.04,82.73,287.4312,0.028284778401453107,5526.599999999999
823,4.99,6.26,2.45,80.76,79.34,402.99240000000003,0.0308797541114502,5151.98
807,4.16,4.83,1.54,76.32,73.82,317.4912,0.020861552308107247,3897.81
1036,5.58,4.54,0.43,78.51,82.06,438.0858,0.005240067604183816,4703.44
754,2.93,5.21,1.07,78.22,81.21,229.18460000000002,0.013175715653772239,3928.34
555,2.07,5.5,4.02,77.55,75.51,160.52849999999998,0.05323797467382138,3052.5
795,2.59,7.21,2.68,77.96,79.1,201.91639999999998,0.03388115880137057,5731.95
400,4.8,4.04,1.63,75.6,88.09,362.87999999999994,0.01850380082826645,1616.0
1013,3.46,4.87,2.92,76.07,76.81,263.20219999999995,0.0380158783991826,4933.31
785,3.18,4.68,3.19,77.87,85.69,247.62660000000002,0.037227210033001515,3673.7999999999997
834,5.04,4.86,1.89,77.0,83.87,388.08,0.022534872715527274,4053.2400000000002
583,2.64,15.98,1.77,76.93,77.74,203.09520000000003,0.022768198769205203,9316.34
818,4.41,9.99,2.81,79.57,75.19,350.90369999999996,0.037371985985904244,8171.820000000001
642,2.21,5.48,2.01,76.4,81.27,168.84400000000002,0.02473237052634791,3518.1600000000003
925,4.27,2.54,2.4,77.09,78.73,329.17429999999996,0.030483928555324707,2349.5
511,2.35,5.81,2.31,77.42,84.62,181.937,0.0272985077642983,2968.91
650,2.49,6.14,2.17,76.66,86.19,190.8834,0.025176931758100502,3991.0
491,4.17,6.45,2.34,73.6,80.61,306.912,0.029028652893108433,3166.9500000000003
759,2.81,4.8,5.39,74.64,69.08,209.7384,0.07802546641206334,3643.2
1291,3.88,14.46,2.76,76.6,70.86,297.20799999999997,0.038950036840243174,18667.86
419,4.86,7.13,3.44,75.08,81.35,364.8888,0.042286411519801906,2987.47
805,2.27,6.7,0.16,81.95,82.36,186.0265,0.0019426903906398262,5393.5
481,2.09,12.96,2.09,76.25,79.19,159.36249999999998,0.02639221790728401,6233.76
743,2.85,5.28,2.15,79.32,79.07,226.06199999999998,0.02719109305791159,3923.04
465,4.01,13.38,2.69,77.51,72.29,310.81510000000003,0.03721122738812734,6221.700000000001
552,2.76,1.37,5.75,76.91,87.88,212.27159999999998,0.0654301245527851,756.24
617,5.6,5.33,3.19,77.77,75.46,435.51199999999994,0.04227404687595456,3288.61
685,3.6,3.82,1.86,88.93,75.91,320.148,0.02450269733859869,2616.7
1089,4.1,5.23,1.79,75.3,90.67,308.72999999999996,0.019741919075557616,5695.47
920,2.96,6.63,1.45,76.13,76.84,225.3448,0.018870377554609893,6099.599999999999
1235,2.37,7.62,1.26,77.29,78.16,183.17730000000003,0.016120775828969317,9410.7
675,3.14,6.21,1.75,77.58,76.92,243.6012,0.022750907078665224,4191.75
831,1.84,6.15,1.88,77.02,82.66,141.7168,0.022743766907359433,5110.650000000001
592,2.26,10.11,2.95,76.52,70.81,172.93519999999998,0.041660776491911244,5985.12
542,4.25,8.1,1.63,77.85,82.57,330.86249999999995,0.019740823575048617,4390.2
634,3.96,6.47,3.33,74.5,74.8,295.02,0.04451871062584083,4101.98
844,2.58,3.65,1.66,80.47,86.75,207.61260000000001,0.019135444480064035,3080.6
603,4.56,4.7,1.7,76.47,70.0,348.7032,0.024285710816327025,2834.1
734,2.89,4.97,1.83,74.46,74.92,215.18939999999998,0.024426051197804163,3647.98
1229,4.42,8.3,1.75,76.24,74.17,336.9808,0.02359444201234434,10200.7
741,3.46,5.95,2.71,76.8,74.89,265.728,0.03618640189793004,4408.95
534,2.63,1.08,3.66,85.28,83.87,224.2864,0.04363895986181473,576.72
740,2.48,6.95,3.0,77.47,82.23,192.1256,0.03648303095183863,5143.0
718,3.74,5.77,2.68,75.17,65.8,281.1358,0.04072947709278464,4142.86
1443,3.81,6.9,3.28,77.45,79.25,295.0845,0.04138800739583502,9956.7
954,2.81,2.97,3.58,83.43,81.42,234.43830000000003,0.04396953525306617,2833.38
515,3.4,9.21,2.93,73.82,66.86,250.98799999999997,0.04382290699627475,4743.150000000001
571,2.54,5.81,2.08,77.25,77.17,196.215,0.026953475838606213,3317.5099999999998
536,4.3,6.02,2.54,83.06,73.82,357.158,0.034408014845839226,3226.72
1010,3.89,4.49,2.78,77.94,91.31,303.1866,0.030445730977359434,4534.900000000001
685,4.18,3.17,2.92,78.44,81.57,327.87919999999997,0.03579747017316781,2171.45
1293,3.44,5.06,1.81,74.94,83.41,257.79359999999997,0.02170003336529992,6542.58
1063,2.27,5.51,2.25,77.77,85.2,176.53789999999998,0.0264084476046423,5857.13
568,2.24,6.37,2.32,75.17,78.55,168.38080000000002,0.029535324056610558,3618.16
1045,3.46,7.26,1.66,74.55,70.75,257.943,0.02346289421019163,7586.7
632,2.65,5.92,1.82,78.68,71.06,208.502,0.025612155134793816,3741.44
692,4.49,7.07,1.07,76.08,84.87,341.5992,0.012607515894012503,4892.4400000000005
631,2.63,9.13,0.93,76.72,74.72,201.7736,0.012446465143674366,5761.030000000001
427,2.79,2.99,2.16,78.54,77.01,219.12660000000002,0.028048301772717596,1276.73
583,2.9,2.1,2.45,76.71,85.84,222.45899999999997,0.028541469182028288,1224.3
657,4.93,2.79,2.95,77.25,76.53,380.8425,0.038546970005622634,1833.03
1050,4.6,7.75,2.91,77.19,71.73,355.07399999999996,0.04056879400964812,8137.5
870,5.16,16.07,2.27,83.17,75.23,429.15720000000005,0.030174128648926136,13980.9
706,4.95,10.16,1.35,76.05,71.05,376.4475,0.01900070105549598,7172.96
867,2.77,9.89,2.74,76.1,71.63,210.797,0.038252123655992794,8574.630000000001
1253,3.09,5.63,1.6,81.76,70.83,252.6384,0.0225892951306939,7054.389999999999
528,4.11,7.06,2.31,75.24,73.64,309.2364,0.031368817033023216,3727.68
812,3.11,5.86,1.32,78.34,89.33,243.6374,0.014776669117130962,4758.320000000001
720,3.23,7.17,1.26,75.09,76.84,242.54070000000002,0.0163977073922817,5162.4
460,1.96,4.64,3.34,75.37,74.89,147.7252,0.044598738870511564,2134.3999999999996
839,3.89,5.73,1.98,77.49,77.33,301.4361,0.025604548609265664,4807.47
654,2.13,6.05,2.93,75.45,85.56,160.7085,0.03424497028459908,3956.7
898,2.17,4.55,2.93,75.82,70.41,164.52939999999998,0.04161340127632421,4085.8999999999996
553,2.35,9.25,2.56,76.45,76.89,179.65750000000003,0.03329431222599659,5115.25
690,4.59,9.03,2.14,85.12,73.62,390.7008,0.029068184043984778,6230.7
936,1.27,6.48,1.44,77.2,70.45,98.04400000000001,0.020440025487576223,6065.280000000001
836,3.08,5.68,3.99,82.06,83.11,252.74480000000003,0.04800865744090273,4748.48
677,2.06,5.03,2.59,76.37,82.65,157.3222,0.03133695930587304,3405.31
966,5.39,6.28,3.09,77.87,74.64,419.7193,0.04139870827991582,6066.4800000000005
1064,2.1,9.58,1.35,77.16,70.52,162.036,0.019143502673921915,10193.12
638,4.9,6.23,1.35,76.82,70.64,376.418,0.01911098257205796,3974.7400000000002
615,2.1,6.66,0.54,87.33,77.91,183.393,0.006931073426893412,4095.9
1125,3.1,6.94,1.48,75.4,77.49,233.74000000000004,0.019099236146698135,7807.5
692,2.78,6.28,1.11,84.8,80.89,235.74399999999997,0.013722337282440688,4345.76
1239,5.45,6.5,5.17,75.53,73.29,411.6385,0.07054167409719277,8053.5
1243,4.44,11.0,1.93,75.06,70.88,333.26640000000003,0.027229115797246642,13673.0
633,3.01,6.48,1.34,83.21,79.62,250.46209999999996,0.01682994011178848,4101.84
821,2.47,4.56,3.02,78.83,79.23,194.7101,0.03811687011020193,3743.7599999999998
496,3.39,9.54,2.01,75.57,91.24,256.1823,0.02202980907170001,4731.839999999999
692,4.38,12.47,2.97,76.11,66.15,333.3618,0.04489795239637907,8629.24
746,2.33,7.16,1.95,81.41,75.71,189.68529999999998,0.025756171475872214,5341.36
698,3.72,15.15,1.7,74.65,83.96,277.69800000000004,0.02024773460603447,10574.7
495,4.6,6.54,2.98,74.91,88.46,344.58599999999996,0.03368753858381884,3237.3
830,2.3,7.79,1.58,77.47,74.36,178.18099999999998,0.021247979928996782,6465.7
892,1.94,4.23,1.41,75.84,89.88,147.1296,0.015687581699200967,3773.1600000000003
852,2.4,5.42,2.71,74.71,80.18,179.30399999999997,0.0337989481418124,4617.84
579,4.38,8.43,2.36,76.22,84.94,333.8436,0.027784315071307384,4880.97
739,2.83,4.49,1.28,76.64,85.79,216.8912,0.014920152124938555,3318.11
989,0.73,3.19,1.57,76.81,84.74,56.0713,0.018527257667304974,3154.91
690,4.34,8.66,2.8,78.06,86.97,338.7804,0.0321950060716332,5975.400000000001
960,4.47,7.94,1.47,85.98,82.93,384.3306,0.017725790699892593,7622.400000000001
529,3.7,6.33,3.53,76.15,74.77,281.75500000000005,0.04721144212766589,3348.57
881,3.04,5.38,1.94,75.12,79.06,228.3648,0.02453832221878039,4739.78
477,2.76,4.79,2.2,75.27,70.29,207.74519999999998,0.03129890008551713,2284.83
744,3.73,5.6,2.82,83.49,72.45,311.41769999999997,0.03892339007268598,4166.4
693,3.74,5.37,3.22,76.53,75.34,286.22220000000004,0.042739574895198446,3721.41
1307,3.77,2.96,1.84,77.86,81.62,293.5322,0.02254349147960163,3868.72
689,4.33,5.15,1.63,74.82,82.86,323.9706,0.019671733083305203,3548.3500000000004
708,4.66,6.52,1.35,78.45,74.75,365.577,0.01806019825281629,4616.16
573,2.66,7.35,3.35,74.67,79.55,198.62220000000002,0.042111874027419983,4211.55
1264,2.81,4.99,1.22,76.92,70.43,216.14520000000002,0.01732216139114562,6307.360000000001
664,3.64,5.83,1.62,73.82,68.3,268.7048,0.023718883789328876,3871.12
702,3.38,4.05,2.55,83.5,90.04,282.23,0.028320743189610923,2843.1
1201,4.7,8.12,0.73,76.28,77.05,358.516,0.009474366064326273,9752.119999999999
1315,4.57,3.88,1.45,75.64,80.0,345.6748,0.018124997734375283,5102.2
459,5.62,9.14,1.29,84.82,68.03,476.68839999999994,0.01896221976154347,4195.26
802,2.13,4.33,1.13,77.49,71.65,165.0537,0.01577110735923135,3472.66
1085,3.92,7.71,2.54,84.81,76.13,332.4552,0.0333639782787366,8365.35
1159,2.25,10.77,1.84,76.11,73.55,171.2475,0.02501699183997392,12482.43
1025,3.75,5.4,2.18,76.17,65.98,285.6375,0.03304031023941948,5535.0
774,3.02,3.54,1.3,76.04,84.8,229.6408,0.015330186871440228,2739.96
639,4.62,7.84,1.96,79.57,75.12,367.61339999999996,0.026091583321141726,5009.76
600,3.75,5.06,2.32,77.02,72.0,288.825,0.0322222177469142,3035.9999999999995
